2026-01-11 20:36:02,028 p=154120 u=ruslan n=ansible INFO| PLAY [configure wireguard gateway] ***************************************************************************************************************************************************************************
2026-01-11 20:36:02,035 p=154120 u=ruslan n=ansible INFO| TASK [Gathering Facts] ***************************************************************************************************************************************************************************************
2026-01-11 20:36:06,588 p=154120 u=ruslan n=ansible INFO| ok: [node_gw]
2026-01-11 20:36:06,593 p=154120 u=ruslan n=ansible INFO| TASK [Generate private] **************************************************************************************************************************************************************************************
2026-01-11 20:36:08,079 p=154120 u=ruslan n=ansible INFO| skipping: [node_gw]
2026-01-11 20:36:08,084 p=154120 u=ruslan n=ansible INFO| TASK [Generate public] ***************************************************************************************************************************************************************************************
2026-01-11 20:36:09,412 p=154120 u=ruslan n=ansible INFO| skipping: [node_gw]
2026-01-11 20:36:09,418 p=154120 u=ruslan n=ansible INFO| TASK [Create wg0-gw.conf] ************************************************************************************************************************************************************************************
2026-01-11 20:36:11,052 p=154120 u=ruslan n=ansible INFO| changed: [node_gw]
2026-01-11 20:36:11,057 p=154120 u=ruslan n=ansible INFO| TASK [Copy public key from gateway to controller] ************************************************************************************************************************************************************
2026-01-11 20:36:11,073 p=154120 u=ruslan n=ansible INFO| skipping: [node_gw]
2026-01-11 20:36:11,098 p=154120 u=ruslan n=ansible INFO| TASK [Install iptables] **************************************************************************************************************************************************************************************
2026-01-11 20:36:13,343 p=154120 u=ruslan n=ansible INFO| ok: [node_gw]
2026-01-11 20:36:13,348 p=154120 u=ruslan n=ansible INFO| TASK [Enabling forwarding on gateway] ************************************************************************************************************************************************************************
2026-01-11 20:36:14,924 p=154120 u=ruslan n=ansible WARNING| [WARNING]: Deprecation warnings can be disabled by setting `deprecation_warnings=False` in ansible.cfg.

2026-01-11 20:36:14,925 p=154120 u=ruslan n=ansible INFO| [DEPRECATION WARNING]: Importing 'to_native' from 'ansible.module_utils._text' is deprecated. This feature will be removed from ansible-core version 2.24. Use ansible.module_utils.common.text.converters instead.

2026-01-11 20:36:14,925 p=154120 u=ruslan n=ansible INFO| ok: [node_gw]
2026-01-11 20:36:14,926 p=154120 u=ruslan n=ansible INFO| PLAY RECAP ***************************************************************************************************************************************************************************************************
2026-01-11 20:36:14,926 p=154120 u=ruslan n=ansible INFO| node_gw                    : ok=4    changed=1    unreachable=0    failed=0    skipped=3    rescued=0    ignored=0   
2026-01-11 20:37:20,617 p=154675 u=ruslan n=ansible ERROR| [ERROR]: Unexpected Exception, this is probably a bug: 'MonkeyPatchedIntrospectiveArgumentParser' object has no attribute '_action_conflicts'

Traceback (most recent call last):
  File "/home/ruslan/.local/lib/python3.12/site-packages/ansible/cli/__init__.py", line 661, in cli_executor
    exit_code = cli.run()
                ^^^^^^^^^
  File "/home/ruslan/.local/lib/python3.12/site-packages/ansible/cli/playbook.py", line 90, in run
    super(PlaybookCLI, self).run()
  File "/home/ruslan/.local/lib/python3.12/site-packages/ansible/cli/__init__.py", line 172, in run
    self.parse()
  File "/home/ruslan/.local/lib/python3.12/site-packages/ansible/cli/__init__.py", line 465, in parse
    argcomplete.autocomplete(self.parser)
  File "/usr/lib/python3.12/site-packages/argcomplete/finders.py", line 176, in __call__
    completions = self._get_completions(comp_words, cword_prefix, cword_prequote, last_wordbreak_pos)
                  ^^^^^^^^^^^^^^^^^^^^^^^^^^^^^^^^^^^^^^^^^^^^^^^^^^^^^^^^^^^^^^^^^^^^^^^^^^^^^^^^^^^
  File "/usr/lib/python3.12/site-packages/argcomplete/finders.py", line 212, in _get_completions
    completions = self.collect_completions(active_parsers, parsed_args, cword_prefix)
                  ^^^^^^^^^^^^^^^^^^^^^^^^^^^^^^^^^^^^^^^^^^^^^^^^^^^^^^^^^^^^^^^^^^^
  File "/usr/lib/python3.12/site-packages/argcomplete/finders.py", line 429, in collect_completions
    completions += self._get_option_completions(active_parser, cword_prefix)
                   ^^^^^^^^^^^^^^^^^^^^^^^^^^^^^^^^^^^^^^^^^^^^^^^^^^^^^^^^^
  File "/usr/lib/python3.12/site-packages/argcomplete/finders.py", line 315, in _get_option_completions
    if not self._action_allowed(action, parser):
           ^^^^^^^^^^^^^^^^^^^^^^^^^^^^^^^^^^^^
  File "/usr/lib/python3.12/site-packages/argcomplete/finders.py", line 325, in _action_allowed
    for conflict_action in parser._action_conflicts.get(action, []):
                           ^^^^^^^^^^^^^^^^^^^^^^^^
AttributeError: 'MonkeyPatchedIntrospectiveArgumentParser' object has no attribute '_action_conflicts'

The above exception was the direct cause of the following exception:

Traceback (most recent call last):
  File "/home/ruslan/.local/lib/python3.12/site-packages/ansible/cli/__init__.py", line 670, in cli_executor
    raise AnsibleError("Unexpected Exception, this is probably a bug.") from ex
ansible.errors.AnsibleError: Unexpected Exception, this is probably a bug: 'MonkeyPatchedIntrospectiveArgumentParser' object has no attribute '_action_conflicts'


2026-01-11 20:37:22,230 p=154689 u=ruslan n=ansible ERROR| [ERROR]: Unexpected Exception, this is probably a bug: 'MonkeyPatchedIntrospectiveArgumentParser' object has no attribute '_action_conflicts'

Traceback (most recent call last):
  File "/home/ruslan/.local/lib/python3.12/site-packages/ansible/cli/__init__.py", line 661, in cli_executor
    exit_code = cli.run()
                ^^^^^^^^^
  File "/home/ruslan/.local/lib/python3.12/site-packages/ansible/cli/playbook.py", line 90, in run
    super(PlaybookCLI, self).run()
  File "/home/ruslan/.local/lib/python3.12/site-packages/ansible/cli/__init__.py", line 172, in run
    self.parse()
  File "/home/ruslan/.local/lib/python3.12/site-packages/ansible/cli/__init__.py", line 465, in parse
    argcomplete.autocomplete(self.parser)
  File "/usr/lib/python3.12/site-packages/argcomplete/finders.py", line 176, in __call__
    completions = self._get_completions(comp_words, cword_prefix, cword_prequote, last_wordbreak_pos)
                  ^^^^^^^^^^^^^^^^^^^^^^^^^^^^^^^^^^^^^^^^^^^^^^^^^^^^^^^^^^^^^^^^^^^^^^^^^^^^^^^^^^^
  File "/usr/lib/python3.12/site-packages/argcomplete/finders.py", line 212, in _get_completions
    completions = self.collect_completions(active_parsers, parsed_args, cword_prefix)
                  ^^^^^^^^^^^^^^^^^^^^^^^^^^^^^^^^^^^^^^^^^^^^^^^^^^^^^^^^^^^^^^^^^^^
  File "/usr/lib/python3.12/site-packages/argcomplete/finders.py", line 429, in collect_completions
    completions += self._get_option_completions(active_parser, cword_prefix)
                   ^^^^^^^^^^^^^^^^^^^^^^^^^^^^^^^^^^^^^^^^^^^^^^^^^^^^^^^^^
  File "/usr/lib/python3.12/site-packages/argcomplete/finders.py", line 315, in _get_option_completions
    if not self._action_allowed(action, parser):
           ^^^^^^^^^^^^^^^^^^^^^^^^^^^^^^^^^^^^
  File "/usr/lib/python3.12/site-packages/argcomplete/finders.py", line 325, in _action_allowed
    for conflict_action in parser._action_conflicts.get(action, []):
                           ^^^^^^^^^^^^^^^^^^^^^^^^
AttributeError: 'MonkeyPatchedIntrospectiveArgumentParser' object has no attribute '_action_conflicts'

The above exception was the direct cause of the following exception:

Traceback (most recent call last):
  File "/home/ruslan/.local/lib/python3.12/site-packages/ansible/cli/__init__.py", line 670, in cli_executor
    raise AnsibleError("Unexpected Exception, this is probably a bug.") from ex
ansible.errors.AnsibleError: Unexpected Exception, this is probably a bug: 'MonkeyPatchedIntrospectiveArgumentParser' object has no attribute '_action_conflicts'


2026-01-11 20:37:22,901 p=154703 u=ruslan n=ansible ERROR| [ERROR]: Unexpected Exception, this is probably a bug: 'MonkeyPatchedIntrospectiveArgumentParser' object has no attribute '_action_conflicts'

Traceback (most recent call last):
  File "/home/ruslan/.local/lib/python3.12/site-packages/ansible/cli/__init__.py", line 661, in cli_executor
    exit_code = cli.run()
                ^^^^^^^^^
  File "/home/ruslan/.local/lib/python3.12/site-packages/ansible/cli/playbook.py", line 90, in run
    super(PlaybookCLI, self).run()
  File "/home/ruslan/.local/lib/python3.12/site-packages/ansible/cli/__init__.py", line 172, in run
    self.parse()
  File "/home/ruslan/.local/lib/python3.12/site-packages/ansible/cli/__init__.py", line 465, in parse
    argcomplete.autocomplete(self.parser)
  File "/usr/lib/python3.12/site-packages/argcomplete/finders.py", line 176, in __call__
    completions = self._get_completions(comp_words, cword_prefix, cword_prequote, last_wordbreak_pos)
                  ^^^^^^^^^^^^^^^^^^^^^^^^^^^^^^^^^^^^^^^^^^^^^^^^^^^^^^^^^^^^^^^^^^^^^^^^^^^^^^^^^^^
  File "/usr/lib/python3.12/site-packages/argcomplete/finders.py", line 212, in _get_completions
    completions = self.collect_completions(active_parsers, parsed_args, cword_prefix)
                  ^^^^^^^^^^^^^^^^^^^^^^^^^^^^^^^^^^^^^^^^^^^^^^^^^^^^^^^^^^^^^^^^^^^
  File "/usr/lib/python3.12/site-packages/argcomplete/finders.py", line 429, in collect_completions
    completions += self._get_option_completions(active_parser, cword_prefix)
                   ^^^^^^^^^^^^^^^^^^^^^^^^^^^^^^^^^^^^^^^^^^^^^^^^^^^^^^^^^
  File "/usr/lib/python3.12/site-packages/argcomplete/finders.py", line 315, in _get_option_completions
    if not self._action_allowed(action, parser):
           ^^^^^^^^^^^^^^^^^^^^^^^^^^^^^^^^^^^^
  File "/usr/lib/python3.12/site-packages/argcomplete/finders.py", line 325, in _action_allowed
    for conflict_action in parser._action_conflicts.get(action, []):
                           ^^^^^^^^^^^^^^^^^^^^^^^^
AttributeError: 'MonkeyPatchedIntrospectiveArgumentParser' object has no attribute '_action_conflicts'

The above exception was the direct cause of the following exception:

Traceback (most recent call last):
  File "/home/ruslan/.local/lib/python3.12/site-packages/ansible/cli/__init__.py", line 670, in cli_executor
    raise AnsibleError("Unexpected Exception, this is probably a bug.") from ex
ansible.errors.AnsibleError: Unexpected Exception, this is probably a bug: 'MonkeyPatchedIntrospectiveArgumentParser' object has no attribute '_action_conflicts'


2026-01-11 20:37:24,638 p=154711 u=ruslan n=ansible INFO| PLAY [all] ***************************************************************************************************************************************************************************************************
2026-01-11 20:37:24,645 p=154711 u=ruslan n=ansible INFO| TASK [Gathering Facts] ***************************************************************************************************************************************************************************************
2026-01-11 20:37:26,455 p=154711 u=ruslan n=ansible INFO| ok: [node1]
2026-01-11 20:37:26,578 p=154711 u=ruslan n=ansible INFO| ok: [gitlab]
2026-01-11 20:37:26,618 p=154711 u=ruslan n=ansible INFO| ok: [node0]
2026-01-11 20:37:26,662 p=154711 u=ruslan n=ansible INFO| ok: [node3]
2026-01-11 20:37:28,303 p=154711 u=ruslan n=ansible INFO| ok: [node_gw]
2026-01-11 20:37:28,308 p=154711 u=ruslan n=ansible INFO| TASK [Stop and disable wg-quick service] *********************************************************************************************************************************************************************
2026-01-11 20:37:29,250 p=154711 u=ruslan n=ansible ERROR| [ERROR]: Task failed: Module failed: Could not find the requested service wg-quick@wg0-n: host
Origin: /home/ruslan/wg-ansible-deploy/playbooks/all/remove_wireguard.yaml:4:7

2   become: yes
3   tasks:
4     - name: Stop and disable wg-quick service
        ^ column 7


2026-01-11 20:37:29,251 p=154711 u=ruslan n=ansible INFO| fatal: [node1]: FAILED! => {"changed": false, "msg": "Could not find the requested service wg-quick@wg0-n: host"}
2026-01-11 20:37:29,251 p=154711 u=ruslan n=ansible INFO| fatal: [gitlab]: FAILED! => {"changed": false, "msg": "Could not find the requested service wg-quick@wg0-n: host"}
2026-01-11 20:37:29,265 p=154711 u=ruslan n=ansible INFO| fatal: [node0]: FAILED! => {"changed": false, "msg": "Could not find the requested service wg-quick@wg0-n: host"}
2026-01-11 20:37:29,269 p=154711 u=ruslan n=ansible INFO| fatal: [node3]: FAILED! => {"changed": false, "msg": "Could not find the requested service wg-quick@wg0-n: host"}
2026-01-11 20:37:29,959 p=154711 u=ruslan n=ansible ERROR| [ERROR]: Task failed: Module failed: Could not find the requested service wg-quick@wg0-gw: host
Origin: /home/ruslan/wg-ansible-deploy/playbooks/all/remove_wireguard.yaml:4:7

2   become: yes
3   tasks:
4     - name: Stop and disable wg-quick service
        ^ column 7


2026-01-11 20:37:29,959 p=154711 u=ruslan n=ansible INFO| fatal: [node_gw]: FAILED! => {"changed": false, "msg": "Could not find the requested service wg-quick@wg0-gw: host"}
2026-01-11 20:37:29,960 p=154711 u=ruslan n=ansible INFO| PLAY RECAP ***************************************************************************************************************************************************************************************************
2026-01-11 20:37:29,960 p=154711 u=ruslan n=ansible INFO| gitlab                     : ok=1    changed=0    unreachable=0    failed=1    skipped=0    rescued=0    ignored=0   
2026-01-11 20:37:29,960 p=154711 u=ruslan n=ansible INFO| node0                      : ok=1    changed=0    unreachable=0    failed=1    skipped=0    rescued=0    ignored=0   
2026-01-11 20:37:29,960 p=154711 u=ruslan n=ansible INFO| node1                      : ok=1    changed=0    unreachable=0    failed=1    skipped=0    rescued=0    ignored=0   
2026-01-11 20:37:29,960 p=154711 u=ruslan n=ansible INFO| node3                      : ok=1    changed=0    unreachable=0    failed=1    skipped=0    rescued=0    ignored=0   
2026-01-11 20:37:29,960 p=154711 u=ruslan n=ansible INFO| node_gw                    : ok=1    changed=0    unreachable=0    failed=1    skipped=0    rescued=0    ignored=0   
2026-01-11 20:38:11,748 p=155214 u=ruslan n=ansible ERROR| [ERROR]: Unexpected Exception, this is probably a bug: 'MonkeyPatchedIntrospectiveArgumentParser' object has no attribute '_action_conflicts'

Traceback (most recent call last):
  File "/home/ruslan/.local/lib/python3.12/site-packages/ansible/cli/__init__.py", line 661, in cli_executor
    exit_code = cli.run()
                ^^^^^^^^^
  File "/home/ruslan/.local/lib/python3.12/site-packages/ansible/cli/playbook.py", line 90, in run
    super(PlaybookCLI, self).run()
  File "/home/ruslan/.local/lib/python3.12/site-packages/ansible/cli/__init__.py", line 172, in run
    self.parse()
  File "/home/ruslan/.local/lib/python3.12/site-packages/ansible/cli/__init__.py", line 465, in parse
    argcomplete.autocomplete(self.parser)
  File "/usr/lib/python3.12/site-packages/argcomplete/finders.py", line 176, in __call__
    completions = self._get_completions(comp_words, cword_prefix, cword_prequote, last_wordbreak_pos)
                  ^^^^^^^^^^^^^^^^^^^^^^^^^^^^^^^^^^^^^^^^^^^^^^^^^^^^^^^^^^^^^^^^^^^^^^^^^^^^^^^^^^^
  File "/usr/lib/python3.12/site-packages/argcomplete/finders.py", line 212, in _get_completions
    completions = self.collect_completions(active_parsers, parsed_args, cword_prefix)
                  ^^^^^^^^^^^^^^^^^^^^^^^^^^^^^^^^^^^^^^^^^^^^^^^^^^^^^^^^^^^^^^^^^^^
  File "/usr/lib/python3.12/site-packages/argcomplete/finders.py", line 429, in collect_completions
    completions += self._get_option_completions(active_parser, cword_prefix)
                   ^^^^^^^^^^^^^^^^^^^^^^^^^^^^^^^^^^^^^^^^^^^^^^^^^^^^^^^^^
  File "/usr/lib/python3.12/site-packages/argcomplete/finders.py", line 315, in _get_option_completions
    if not self._action_allowed(action, parser):
           ^^^^^^^^^^^^^^^^^^^^^^^^^^^^^^^^^^^^
  File "/usr/lib/python3.12/site-packages/argcomplete/finders.py", line 325, in _action_allowed
    for conflict_action in parser._action_conflicts.get(action, []):
                           ^^^^^^^^^^^^^^^^^^^^^^^^
AttributeError: 'MonkeyPatchedIntrospectiveArgumentParser' object has no attribute '_action_conflicts'

The above exception was the direct cause of the following exception:

Traceback (most recent call last):
  File "/home/ruslan/.local/lib/python3.12/site-packages/ansible/cli/__init__.py", line 670, in cli_executor
    raise AnsibleError("Unexpected Exception, this is probably a bug.") from ex
ansible.errors.AnsibleError: Unexpected Exception, this is probably a bug: 'MonkeyPatchedIntrospectiveArgumentParser' object has no attribute '_action_conflicts'


2026-01-11 20:38:13,704 p=155234 u=ruslan n=ansible ERROR| [ERROR]: Unexpected Exception, this is probably a bug: 'MonkeyPatchedIntrospectiveArgumentParser' object has no attribute '_action_conflicts'

Traceback (most recent call last):
  File "/home/ruslan/.local/lib/python3.12/site-packages/ansible/cli/__init__.py", line 661, in cli_executor
    exit_code = cli.run()
                ^^^^^^^^^
  File "/home/ruslan/.local/lib/python3.12/site-packages/ansible/cli/playbook.py", line 90, in run
    super(PlaybookCLI, self).run()
  File "/home/ruslan/.local/lib/python3.12/site-packages/ansible/cli/__init__.py", line 172, in run
    self.parse()
  File "/home/ruslan/.local/lib/python3.12/site-packages/ansible/cli/__init__.py", line 465, in parse
    argcomplete.autocomplete(self.parser)
  File "/usr/lib/python3.12/site-packages/argcomplete/finders.py", line 176, in __call__
    completions = self._get_completions(comp_words, cword_prefix, cword_prequote, last_wordbreak_pos)
                  ^^^^^^^^^^^^^^^^^^^^^^^^^^^^^^^^^^^^^^^^^^^^^^^^^^^^^^^^^^^^^^^^^^^^^^^^^^^^^^^^^^^
  File "/usr/lib/python3.12/site-packages/argcomplete/finders.py", line 212, in _get_completions
    completions = self.collect_completions(active_parsers, parsed_args, cword_prefix)
                  ^^^^^^^^^^^^^^^^^^^^^^^^^^^^^^^^^^^^^^^^^^^^^^^^^^^^^^^^^^^^^^^^^^^
  File "/usr/lib/python3.12/site-packages/argcomplete/finders.py", line 429, in collect_completions
    completions += self._get_option_completions(active_parser, cword_prefix)
                   ^^^^^^^^^^^^^^^^^^^^^^^^^^^^^^^^^^^^^^^^^^^^^^^^^^^^^^^^^
  File "/usr/lib/python3.12/site-packages/argcomplete/finders.py", line 315, in _get_option_completions
    if not self._action_allowed(action, parser):
           ^^^^^^^^^^^^^^^^^^^^^^^^^^^^^^^^^^^^
  File "/usr/lib/python3.12/site-packages/argcomplete/finders.py", line 325, in _action_allowed
    for conflict_action in parser._action_conflicts.get(action, []):
                           ^^^^^^^^^^^^^^^^^^^^^^^^
AttributeError: 'MonkeyPatchedIntrospectiveArgumentParser' object has no attribute '_action_conflicts'

The above exception was the direct cause of the following exception:

Traceback (most recent call last):
  File "/home/ruslan/.local/lib/python3.12/site-packages/ansible/cli/__init__.py", line 670, in cli_executor
    raise AnsibleError("Unexpected Exception, this is probably a bug.") from ex
ansible.errors.AnsibleError: Unexpected Exception, this is probably a bug: 'MonkeyPatchedIntrospectiveArgumentParser' object has no attribute '_action_conflicts'


2026-01-11 20:38:14,461 p=155242 u=ruslan n=ansible ERROR| [ERROR]: Unexpected Exception, this is probably a bug: 'MonkeyPatchedIntrospectiveArgumentParser' object has no attribute '_action_conflicts'

Traceback (most recent call last):
  File "/home/ruslan/.local/lib/python3.12/site-packages/ansible/cli/__init__.py", line 661, in cli_executor
    exit_code = cli.run()
                ^^^^^^^^^
  File "/home/ruslan/.local/lib/python3.12/site-packages/ansible/cli/playbook.py", line 90, in run
    super(PlaybookCLI, self).run()
  File "/home/ruslan/.local/lib/python3.12/site-packages/ansible/cli/__init__.py", line 172, in run
    self.parse()
  File "/home/ruslan/.local/lib/python3.12/site-packages/ansible/cli/__init__.py", line 465, in parse
    argcomplete.autocomplete(self.parser)
  File "/usr/lib/python3.12/site-packages/argcomplete/finders.py", line 176, in __call__
    completions = self._get_completions(comp_words, cword_prefix, cword_prequote, last_wordbreak_pos)
                  ^^^^^^^^^^^^^^^^^^^^^^^^^^^^^^^^^^^^^^^^^^^^^^^^^^^^^^^^^^^^^^^^^^^^^^^^^^^^^^^^^^^
  File "/usr/lib/python3.12/site-packages/argcomplete/finders.py", line 212, in _get_completions
    completions = self.collect_completions(active_parsers, parsed_args, cword_prefix)
                  ^^^^^^^^^^^^^^^^^^^^^^^^^^^^^^^^^^^^^^^^^^^^^^^^^^^^^^^^^^^^^^^^^^^
  File "/usr/lib/python3.12/site-packages/argcomplete/finders.py", line 429, in collect_completions
    completions += self._get_option_completions(active_parser, cword_prefix)
                   ^^^^^^^^^^^^^^^^^^^^^^^^^^^^^^^^^^^^^^^^^^^^^^^^^^^^^^^^^
  File "/usr/lib/python3.12/site-packages/argcomplete/finders.py", line 315, in _get_option_completions
    if not self._action_allowed(action, parser):
           ^^^^^^^^^^^^^^^^^^^^^^^^^^^^^^^^^^^^
  File "/usr/lib/python3.12/site-packages/argcomplete/finders.py", line 325, in _action_allowed
    for conflict_action in parser._action_conflicts.get(action, []):
                           ^^^^^^^^^^^^^^^^^^^^^^^^
AttributeError: 'MonkeyPatchedIntrospectiveArgumentParser' object has no attribute '_action_conflicts'

The above exception was the direct cause of the following exception:

Traceback (most recent call last):
  File "/home/ruslan/.local/lib/python3.12/site-packages/ansible/cli/__init__.py", line 670, in cli_executor
    raise AnsibleError("Unexpected Exception, this is probably a bug.") from ex
ansible.errors.AnsibleError: Unexpected Exception, this is probably a bug: 'MonkeyPatchedIntrospectiveArgumentParser' object has no attribute '_action_conflicts'


2026-01-11 20:38:15,524 p=155250 u=ruslan n=ansible INFO| PLAY [all] ***************************************************************************************************************************************************************************************************
2026-01-11 20:38:15,532 p=155250 u=ruslan n=ansible INFO| TASK [Gathering Facts] ***************************************************************************************************************************************************************************************
2026-01-11 20:38:16,845 p=155250 u=ruslan n=ansible INFO| ok: [node1]
2026-01-11 20:38:16,930 p=155250 u=ruslan n=ansible INFO| ok: [gitlab]
2026-01-11 20:38:16,961 p=155250 u=ruslan n=ansible INFO| ok: [node3]
2026-01-11 20:38:16,975 p=155250 u=ruslan n=ansible INFO| ok: [node0]
2026-01-11 20:38:17,966 p=155250 u=ruslan n=ansible INFO| ok: [node_gw]
2026-01-11 20:38:17,992 p=155250 u=ruslan n=ansible INFO| TASK [Install epel-release] **********************************************************************************************************************************************************************************
2026-01-11 20:38:18,007 p=155250 u=ruslan n=ansible INFO| skipping: [node_gw]
2026-01-11 20:38:20,331 p=155250 u=ruslan n=ansible INFO| changed: [node1]
2026-01-11 20:38:23,769 p=155250 u=ruslan n=ansible INFO| changed: [node3]
2026-01-11 20:38:26,350 p=155250 u=ruslan n=ansible INFO| changed: [gitlab]
2026-01-11 20:38:30,256 p=155250 u=ruslan n=ansible INFO| changed: [node0]
2026-01-11 20:38:30,261 p=155250 u=ruslan n=ansible INFO| TASK [Install  wg] *******************************************************************************************************************************************************************************************
2026-01-11 20:38:34,601 p=155250 u=ruslan n=ansible INFO| changed: [node0]
2026-01-11 20:38:34,872 p=155250 u=ruslan n=ansible INFO| changed: [node1]
2026-01-11 20:38:39,128 p=155250 u=ruslan n=ansible INFO| changed: [node3]
2026-01-11 20:38:41,837 p=155250 u=ruslan n=ansible INFO| changed: [gitlab]
2026-01-11 20:38:49,316 p=155250 u=ruslan n=ansible INFO| changed: [node_gw]
2026-01-11 20:38:49,318 p=155250 u=ruslan n=ansible INFO| PLAY RECAP ***************************************************************************************************************************************************************************************************
2026-01-11 20:38:49,318 p=155250 u=ruslan n=ansible INFO| gitlab                     : ok=3    changed=2    unreachable=0    failed=0    skipped=0    rescued=0    ignored=0   
2026-01-11 20:38:49,318 p=155250 u=ruslan n=ansible INFO| node0                      : ok=3    changed=2    unreachable=0    failed=0    skipped=0    rescued=0    ignored=0   
2026-01-11 20:38:49,318 p=155250 u=ruslan n=ansible INFO| node1                      : ok=3    changed=2    unreachable=0    failed=0    skipped=0    rescued=0    ignored=0   
2026-01-11 20:38:49,318 p=155250 u=ruslan n=ansible INFO| node3                      : ok=3    changed=2    unreachable=0    failed=0    skipped=0    rescued=0    ignored=0   
2026-01-11 20:38:49,318 p=155250 u=ruslan n=ansible INFO| node_gw                    : ok=2    changed=1    unreachable=0    failed=0    skipped=1    rescued=0    ignored=0   
2026-01-11 20:38:53,237 p=155732 u=ruslan n=ansible ERROR| [ERROR]: Unexpected Exception, this is probably a bug: 'MonkeyPatchedIntrospectiveArgumentParser' object has no attribute '_action_conflicts'

Traceback (most recent call last):
  File "/home/ruslan/.local/lib/python3.12/site-packages/ansible/cli/__init__.py", line 661, in cli_executor
    exit_code = cli.run()
                ^^^^^^^^^
  File "/home/ruslan/.local/lib/python3.12/site-packages/ansible/cli/playbook.py", line 90, in run
    super(PlaybookCLI, self).run()
  File "/home/ruslan/.local/lib/python3.12/site-packages/ansible/cli/__init__.py", line 172, in run
    self.parse()
  File "/home/ruslan/.local/lib/python3.12/site-packages/ansible/cli/__init__.py", line 465, in parse
    argcomplete.autocomplete(self.parser)
  File "/usr/lib/python3.12/site-packages/argcomplete/finders.py", line 176, in __call__
    completions = self._get_completions(comp_words, cword_prefix, cword_prequote, last_wordbreak_pos)
                  ^^^^^^^^^^^^^^^^^^^^^^^^^^^^^^^^^^^^^^^^^^^^^^^^^^^^^^^^^^^^^^^^^^^^^^^^^^^^^^^^^^^
  File "/usr/lib/python3.12/site-packages/argcomplete/finders.py", line 212, in _get_completions
    completions = self.collect_completions(active_parsers, parsed_args, cword_prefix)
                  ^^^^^^^^^^^^^^^^^^^^^^^^^^^^^^^^^^^^^^^^^^^^^^^^^^^^^^^^^^^^^^^^^^^
  File "/usr/lib/python3.12/site-packages/argcomplete/finders.py", line 429, in collect_completions
    completions += self._get_option_completions(active_parser, cword_prefix)
                   ^^^^^^^^^^^^^^^^^^^^^^^^^^^^^^^^^^^^^^^^^^^^^^^^^^^^^^^^^
  File "/usr/lib/python3.12/site-packages/argcomplete/finders.py", line 315, in _get_option_completions
    if not self._action_allowed(action, parser):
           ^^^^^^^^^^^^^^^^^^^^^^^^^^^^^^^^^^^^
  File "/usr/lib/python3.12/site-packages/argcomplete/finders.py", line 325, in _action_allowed
    for conflict_action in parser._action_conflicts.get(action, []):
                           ^^^^^^^^^^^^^^^^^^^^^^^^
AttributeError: 'MonkeyPatchedIntrospectiveArgumentParser' object has no attribute '_action_conflicts'

The above exception was the direct cause of the following exception:

Traceback (most recent call last):
  File "/home/ruslan/.local/lib/python3.12/site-packages/ansible/cli/__init__.py", line 670, in cli_executor
    raise AnsibleError("Unexpected Exception, this is probably a bug.") from ex
ansible.errors.AnsibleError: Unexpected Exception, this is probably a bug: 'MonkeyPatchedIntrospectiveArgumentParser' object has no attribute '_action_conflicts'


2026-01-11 20:38:55,652 p=155752 u=ruslan n=ansible ERROR| [ERROR]: Unexpected Exception, this is probably a bug: 'MonkeyPatchedIntrospectiveArgumentParser' object has no attribute '_action_conflicts'

Traceback (most recent call last):
  File "/home/ruslan/.local/lib/python3.12/site-packages/ansible/cli/__init__.py", line 661, in cli_executor
    exit_code = cli.run()
                ^^^^^^^^^
  File "/home/ruslan/.local/lib/python3.12/site-packages/ansible/cli/playbook.py", line 90, in run
    super(PlaybookCLI, self).run()
  File "/home/ruslan/.local/lib/python3.12/site-packages/ansible/cli/__init__.py", line 172, in run
    self.parse()
  File "/home/ruslan/.local/lib/python3.12/site-packages/ansible/cli/__init__.py", line 465, in parse
    argcomplete.autocomplete(self.parser)
  File "/usr/lib/python3.12/site-packages/argcomplete/finders.py", line 176, in __call__
    completions = self._get_completions(comp_words, cword_prefix, cword_prequote, last_wordbreak_pos)
                  ^^^^^^^^^^^^^^^^^^^^^^^^^^^^^^^^^^^^^^^^^^^^^^^^^^^^^^^^^^^^^^^^^^^^^^^^^^^^^^^^^^^
  File "/usr/lib/python3.12/site-packages/argcomplete/finders.py", line 212, in _get_completions
    completions = self.collect_completions(active_parsers, parsed_args, cword_prefix)
                  ^^^^^^^^^^^^^^^^^^^^^^^^^^^^^^^^^^^^^^^^^^^^^^^^^^^^^^^^^^^^^^^^^^^
  File "/usr/lib/python3.12/site-packages/argcomplete/finders.py", line 429, in collect_completions
    completions += self._get_option_completions(active_parser, cword_prefix)
                   ^^^^^^^^^^^^^^^^^^^^^^^^^^^^^^^^^^^^^^^^^^^^^^^^^^^^^^^^^
  File "/usr/lib/python3.12/site-packages/argcomplete/finders.py", line 315, in _get_option_completions
    if not self._action_allowed(action, parser):
           ^^^^^^^^^^^^^^^^^^^^^^^^^^^^^^^^^^^^
  File "/usr/lib/python3.12/site-packages/argcomplete/finders.py", line 325, in _action_allowed
    for conflict_action in parser._action_conflicts.get(action, []):
                           ^^^^^^^^^^^^^^^^^^^^^^^^
AttributeError: 'MonkeyPatchedIntrospectiveArgumentParser' object has no attribute '_action_conflicts'

The above exception was the direct cause of the following exception:

Traceback (most recent call last):
  File "/home/ruslan/.local/lib/python3.12/site-packages/ansible/cli/__init__.py", line 670, in cli_executor
    raise AnsibleError("Unexpected Exception, this is probably a bug.") from ex
ansible.errors.AnsibleError: Unexpected Exception, this is probably a bug: 'MonkeyPatchedIntrospectiveArgumentParser' object has no attribute '_action_conflicts'


2026-01-11 20:38:56,340 p=155766 u=ruslan n=ansible ERROR| [ERROR]: Unexpected Exception, this is probably a bug: 'MonkeyPatchedIntrospectiveArgumentParser' object has no attribute '_action_conflicts'

Traceback (most recent call last):
  File "/home/ruslan/.local/lib/python3.12/site-packages/ansible/cli/__init__.py", line 661, in cli_executor
    exit_code = cli.run()
                ^^^^^^^^^
  File "/home/ruslan/.local/lib/python3.12/site-packages/ansible/cli/playbook.py", line 90, in run
    super(PlaybookCLI, self).run()
  File "/home/ruslan/.local/lib/python3.12/site-packages/ansible/cli/__init__.py", line 172, in run
    self.parse()
  File "/home/ruslan/.local/lib/python3.12/site-packages/ansible/cli/__init__.py", line 465, in parse
    argcomplete.autocomplete(self.parser)
  File "/usr/lib/python3.12/site-packages/argcomplete/finders.py", line 176, in __call__
    completions = self._get_completions(comp_words, cword_prefix, cword_prequote, last_wordbreak_pos)
                  ^^^^^^^^^^^^^^^^^^^^^^^^^^^^^^^^^^^^^^^^^^^^^^^^^^^^^^^^^^^^^^^^^^^^^^^^^^^^^^^^^^^
  File "/usr/lib/python3.12/site-packages/argcomplete/finders.py", line 212, in _get_completions
    completions = self.collect_completions(active_parsers, parsed_args, cword_prefix)
                  ^^^^^^^^^^^^^^^^^^^^^^^^^^^^^^^^^^^^^^^^^^^^^^^^^^^^^^^^^^^^^^^^^^^
  File "/usr/lib/python3.12/site-packages/argcomplete/finders.py", line 429, in collect_completions
    completions += self._get_option_completions(active_parser, cword_prefix)
                   ^^^^^^^^^^^^^^^^^^^^^^^^^^^^^^^^^^^^^^^^^^^^^^^^^^^^^^^^^
  File "/usr/lib/python3.12/site-packages/argcomplete/finders.py", line 315, in _get_option_completions
    if not self._action_allowed(action, parser):
           ^^^^^^^^^^^^^^^^^^^^^^^^^^^^^^^^^^^^
  File "/usr/lib/python3.12/site-packages/argcomplete/finders.py", line 325, in _action_allowed
    for conflict_action in parser._action_conflicts.get(action, []):
                           ^^^^^^^^^^^^^^^^^^^^^^^^
AttributeError: 'MonkeyPatchedIntrospectiveArgumentParser' object has no attribute '_action_conflicts'

The above exception was the direct cause of the following exception:

Traceback (most recent call last):
  File "/home/ruslan/.local/lib/python3.12/site-packages/ansible/cli/__init__.py", line 670, in cli_executor
    raise AnsibleError("Unexpected Exception, this is probably a bug.") from ex
ansible.errors.AnsibleError: Unexpected Exception, this is probably a bug: 'MonkeyPatchedIntrospectiveArgumentParser' object has no attribute '_action_conflicts'


2026-01-11 20:38:57,583 p=155774 u=ruslan n=ansible INFO| PLAY [configure wireguard gateway] ***************************************************************************************************************************************************************************
2026-01-11 20:38:57,590 p=155774 u=ruslan n=ansible INFO| TASK [Gathering Facts] ***************************************************************************************************************************************************************************************
2026-01-11 20:39:00,561 p=155774 u=ruslan n=ansible INFO| ok: [node_gw]
2026-01-11 20:39:00,566 p=155774 u=ruslan n=ansible INFO| TASK [Generate private] **************************************************************************************************************************************************************************************
2026-01-11 20:39:01,960 p=155774 u=ruslan n=ansible INFO| changed: [node_gw]
2026-01-11 20:39:01,964 p=155774 u=ruslan n=ansible INFO| TASK [Generate public] ***************************************************************************************************************************************************************************************
2026-01-11 20:39:03,205 p=155774 u=ruslan n=ansible INFO| changed: [node_gw]
2026-01-11 20:39:03,211 p=155774 u=ruslan n=ansible INFO| TASK [Create wg0-gw.conf] ************************************************************************************************************************************************************************************
2026-01-11 20:39:06,286 p=155774 u=ruslan n=ansible INFO| changed: [node_gw]
2026-01-11 20:39:06,291 p=155774 u=ruslan n=ansible INFO| TASK [Copy public key from gateway to controller] ************************************************************************************************************************************************************
2026-01-11 20:39:07,638 p=155774 u=ruslan n=ansible INFO| changed: [node_gw]
2026-01-11 20:39:07,665 p=155774 u=ruslan n=ansible INFO| TASK [Install iptables] **************************************************************************************************************************************************************************************
2026-01-11 20:39:11,548 p=155774 u=ruslan n=ansible INFO| ok: [node_gw]
2026-01-11 20:39:11,553 p=155774 u=ruslan n=ansible INFO| TASK [Enabling forwarding on gateway] ************************************************************************************************************************************************************************
2026-01-11 20:39:13,022 p=155774 u=ruslan n=ansible WARNING| [WARNING]: Deprecation warnings can be disabled by setting `deprecation_warnings=False` in ansible.cfg.

2026-01-11 20:39:13,022 p=155774 u=ruslan n=ansible INFO| [DEPRECATION WARNING]: Importing 'to_native' from 'ansible.module_utils._text' is deprecated. This feature will be removed from ansible-core version 2.24. Use ansible.module_utils.common.text.converters instead.

2026-01-11 20:39:13,022 p=155774 u=ruslan n=ansible INFO| ok: [node_gw]
2026-01-11 20:39:13,023 p=155774 u=ruslan n=ansible INFO| PLAY RECAP ***************************************************************************************************************************************************************************************************
2026-01-11 20:39:13,023 p=155774 u=ruslan n=ansible INFO| node_gw                    : ok=7    changed=4    unreachable=0    failed=0    skipped=0    rescued=0    ignored=0   
2026-01-11 20:39:16,838 p=156007 u=ruslan n=ansible ERROR| [ERROR]: Unexpected Exception, this is probably a bug: 'MonkeyPatchedIntrospectiveArgumentParser' object has no attribute '_action_conflicts'

Traceback (most recent call last):
  File "/home/ruslan/.local/lib/python3.12/site-packages/ansible/cli/__init__.py", line 661, in cli_executor
    exit_code = cli.run()
                ^^^^^^^^^
  File "/home/ruslan/.local/lib/python3.12/site-packages/ansible/cli/playbook.py", line 90, in run
    super(PlaybookCLI, self).run()
  File "/home/ruslan/.local/lib/python3.12/site-packages/ansible/cli/__init__.py", line 172, in run
    self.parse()
  File "/home/ruslan/.local/lib/python3.12/site-packages/ansible/cli/__init__.py", line 465, in parse
    argcomplete.autocomplete(self.parser)
  File "/usr/lib/python3.12/site-packages/argcomplete/finders.py", line 176, in __call__
    completions = self._get_completions(comp_words, cword_prefix, cword_prequote, last_wordbreak_pos)
                  ^^^^^^^^^^^^^^^^^^^^^^^^^^^^^^^^^^^^^^^^^^^^^^^^^^^^^^^^^^^^^^^^^^^^^^^^^^^^^^^^^^^
  File "/usr/lib/python3.12/site-packages/argcomplete/finders.py", line 212, in _get_completions
    completions = self.collect_completions(active_parsers, parsed_args, cword_prefix)
                  ^^^^^^^^^^^^^^^^^^^^^^^^^^^^^^^^^^^^^^^^^^^^^^^^^^^^^^^^^^^^^^^^^^^
  File "/usr/lib/python3.12/site-packages/argcomplete/finders.py", line 429, in collect_completions
    completions += self._get_option_completions(active_parser, cword_prefix)
                   ^^^^^^^^^^^^^^^^^^^^^^^^^^^^^^^^^^^^^^^^^^^^^^^^^^^^^^^^^
  File "/usr/lib/python3.12/site-packages/argcomplete/finders.py", line 315, in _get_option_completions
    if not self._action_allowed(action, parser):
           ^^^^^^^^^^^^^^^^^^^^^^^^^^^^^^^^^^^^
  File "/usr/lib/python3.12/site-packages/argcomplete/finders.py", line 325, in _action_allowed
    for conflict_action in parser._action_conflicts.get(action, []):
                           ^^^^^^^^^^^^^^^^^^^^^^^^
AttributeError: 'MonkeyPatchedIntrospectiveArgumentParser' object has no attribute '_action_conflicts'

The above exception was the direct cause of the following exception:

Traceback (most recent call last):
  File "/home/ruslan/.local/lib/python3.12/site-packages/ansible/cli/__init__.py", line 670, in cli_executor
    raise AnsibleError("Unexpected Exception, this is probably a bug.") from ex
ansible.errors.AnsibleError: Unexpected Exception, this is probably a bug: 'MonkeyPatchedIntrospectiveArgumentParser' object has no attribute '_action_conflicts'


2026-01-11 20:39:18,197 p=156037 u=ruslan n=ansible ERROR| [ERROR]: Unexpected Exception, this is probably a bug: 'MonkeyPatchedIntrospectiveArgumentParser' object has no attribute '_action_conflicts'

Traceback (most recent call last):
  File "/home/ruslan/.local/lib/python3.12/site-packages/ansible/cli/__init__.py", line 661, in cli_executor
    exit_code = cli.run()
                ^^^^^^^^^
  File "/home/ruslan/.local/lib/python3.12/site-packages/ansible/cli/playbook.py", line 90, in run
    super(PlaybookCLI, self).run()
  File "/home/ruslan/.local/lib/python3.12/site-packages/ansible/cli/__init__.py", line 172, in run
    self.parse()
  File "/home/ruslan/.local/lib/python3.12/site-packages/ansible/cli/__init__.py", line 465, in parse
    argcomplete.autocomplete(self.parser)
  File "/usr/lib/python3.12/site-packages/argcomplete/finders.py", line 176, in __call__
    completions = self._get_completions(comp_words, cword_prefix, cword_prequote, last_wordbreak_pos)
                  ^^^^^^^^^^^^^^^^^^^^^^^^^^^^^^^^^^^^^^^^^^^^^^^^^^^^^^^^^^^^^^^^^^^^^^^^^^^^^^^^^^^
  File "/usr/lib/python3.12/site-packages/argcomplete/finders.py", line 212, in _get_completions
    completions = self.collect_completions(active_parsers, parsed_args, cword_prefix)
                  ^^^^^^^^^^^^^^^^^^^^^^^^^^^^^^^^^^^^^^^^^^^^^^^^^^^^^^^^^^^^^^^^^^^
  File "/usr/lib/python3.12/site-packages/argcomplete/finders.py", line 429, in collect_completions
    completions += self._get_option_completions(active_parser, cword_prefix)
                   ^^^^^^^^^^^^^^^^^^^^^^^^^^^^^^^^^^^^^^^^^^^^^^^^^^^^^^^^^
  File "/usr/lib/python3.12/site-packages/argcomplete/finders.py", line 315, in _get_option_completions
    if not self._action_allowed(action, parser):
           ^^^^^^^^^^^^^^^^^^^^^^^^^^^^^^^^^^^^
  File "/usr/lib/python3.12/site-packages/argcomplete/finders.py", line 325, in _action_allowed
    for conflict_action in parser._action_conflicts.get(action, []):
                           ^^^^^^^^^^^^^^^^^^^^^^^^
AttributeError: 'MonkeyPatchedIntrospectiveArgumentParser' object has no attribute '_action_conflicts'

The above exception was the direct cause of the following exception:

Traceback (most recent call last):
  File "/home/ruslan/.local/lib/python3.12/site-packages/ansible/cli/__init__.py", line 670, in cli_executor
    raise AnsibleError("Unexpected Exception, this is probably a bug.") from ex
ansible.errors.AnsibleError: Unexpected Exception, this is probably a bug: 'MonkeyPatchedIntrospectiveArgumentParser' object has no attribute '_action_conflicts'


2026-01-11 20:39:19,003 p=156045 u=ruslan n=ansible ERROR| [ERROR]: Unexpected Exception, this is probably a bug: 'MonkeyPatchedIntrospectiveArgumentParser' object has no attribute '_action_conflicts'

Traceback (most recent call last):
  File "/home/ruslan/.local/lib/python3.12/site-packages/ansible/cli/__init__.py", line 661, in cli_executor
    exit_code = cli.run()
                ^^^^^^^^^
  File "/home/ruslan/.local/lib/python3.12/site-packages/ansible/cli/playbook.py", line 90, in run
    super(PlaybookCLI, self).run()
  File "/home/ruslan/.local/lib/python3.12/site-packages/ansible/cli/__init__.py", line 172, in run
    self.parse()
  File "/home/ruslan/.local/lib/python3.12/site-packages/ansible/cli/__init__.py", line 465, in parse
    argcomplete.autocomplete(self.parser)
  File "/usr/lib/python3.12/site-packages/argcomplete/finders.py", line 176, in __call__
    completions = self._get_completions(comp_words, cword_prefix, cword_prequote, last_wordbreak_pos)
                  ^^^^^^^^^^^^^^^^^^^^^^^^^^^^^^^^^^^^^^^^^^^^^^^^^^^^^^^^^^^^^^^^^^^^^^^^^^^^^^^^^^^
  File "/usr/lib/python3.12/site-packages/argcomplete/finders.py", line 212, in _get_completions
    completions = self.collect_completions(active_parsers, parsed_args, cword_prefix)
                  ^^^^^^^^^^^^^^^^^^^^^^^^^^^^^^^^^^^^^^^^^^^^^^^^^^^^^^^^^^^^^^^^^^^
  File "/usr/lib/python3.12/site-packages/argcomplete/finders.py", line 429, in collect_completions
    completions += self._get_option_completions(active_parser, cword_prefix)
                   ^^^^^^^^^^^^^^^^^^^^^^^^^^^^^^^^^^^^^^^^^^^^^^^^^^^^^^^^^
  File "/usr/lib/python3.12/site-packages/argcomplete/finders.py", line 315, in _get_option_completions
    if not self._action_allowed(action, parser):
           ^^^^^^^^^^^^^^^^^^^^^^^^^^^^^^^^^^^^
  File "/usr/lib/python3.12/site-packages/argcomplete/finders.py", line 325, in _action_allowed
    for conflict_action in parser._action_conflicts.get(action, []):
                           ^^^^^^^^^^^^^^^^^^^^^^^^
AttributeError: 'MonkeyPatchedIntrospectiveArgumentParser' object has no attribute '_action_conflicts'

The above exception was the direct cause of the following exception:

Traceback (most recent call last):
  File "/home/ruslan/.local/lib/python3.12/site-packages/ansible/cli/__init__.py", line 670, in cli_executor
    raise AnsibleError("Unexpected Exception, this is probably a bug.") from ex
ansible.errors.AnsibleError: Unexpected Exception, this is probably a bug: 'MonkeyPatchedIntrospectiveArgumentParser' object has no attribute '_action_conflicts'


2026-01-11 20:39:19,834 p=156053 u=ruslan n=ansible INFO| PLAY [configure wireguard nodes] *****************************************************************************************************************************************************************************
2026-01-11 20:39:19,842 p=156053 u=ruslan n=ansible INFO| TASK [Gathering Facts] ***************************************************************************************************************************************************************************************
2026-01-11 20:39:21,106 p=156053 u=ruslan n=ansible INFO| ok: [node1]
2026-01-11 20:39:21,160 p=156053 u=ruslan n=ansible INFO| ok: [gitlab]
2026-01-11 20:39:21,236 p=156053 u=ruslan n=ansible INFO| ok: [node3]
2026-01-11 20:39:21,358 p=156053 u=ruslan n=ansible INFO| ok: [node0]
2026-01-11 20:39:21,362 p=156053 u=ruslan n=ansible INFO| TASK [Generate private] **************************************************************************************************************************************************************************************
2026-01-11 20:39:22,010 p=156053 u=ruslan n=ansible INFO| changed: [gitlab]
2026-01-11 20:39:22,020 p=156053 u=ruslan n=ansible INFO| changed: [node1]
2026-01-11 20:39:22,026 p=156053 u=ruslan n=ansible INFO| changed: [node3]
2026-01-11 20:39:22,026 p=156053 u=ruslan n=ansible INFO| changed: [node0]
2026-01-11 20:39:22,031 p=156053 u=ruslan n=ansible INFO| TASK [Generate public] ***************************************************************************************************************************************************************************************
2026-01-11 20:39:22,553 p=156053 u=ruslan n=ansible INFO| changed: [node0]
2026-01-11 20:39:22,562 p=156053 u=ruslan n=ansible INFO| changed: [node1]
2026-01-11 20:39:22,585 p=156053 u=ruslan n=ansible INFO| changed: [gitlab]
2026-01-11 20:39:22,601 p=156053 u=ruslan n=ansible INFO| changed: [node3]
2026-01-11 20:39:22,607 p=156053 u=ruslan n=ansible INFO| TASK [Read gateway public key] *******************************************************************************************************************************************************************************
2026-01-11 20:39:22,630 p=156053 u=ruslan n=ansible ERROR| [ERROR]: Task failed: Finalization of task args for 'ansible.builtin.set_fact' failed: Error while resolving value for 'gw_pub': The lookup plugin 'file' failed: Unable to access the file '../../files/public_keys/gateway_public': File not found. Use -vvvvv to see paths searched.

Task failed.
Origin: /home/ruslan/wg-ansible-deploy/playbooks/node/configure_wireguard_node.yaml:19:7

17       register: node_pub
18
19     - name: Read gateway public key
         ^ column 7

<<< caused by >>>

Finalization of task args for 'ansible.builtin.set_fact' failed.
Origin: /home/ruslan/wg-ansible-deploy/playbooks/node/configure_wireguard_node.yaml:20:7

18
19     - name: Read gateway public key
20       ansible.builtin.set_fact:
         ^ column 7

<<< caused by >>>

Error while resolving value for 'gw_pub': The lookup plugin 'file' failed: Unable to access the file '../../files/public_keys/gateway_public': File not found. Use -vvvvv to see paths searched.
Origin: /home/ruslan/wg-ansible-deploy/playbooks/node/configure_wireguard_node.yaml:21:17

19     - name: Read gateway public key
20       ansible.builtin.set_fact:
21         gw_pub: "{{ lookup('file', '../../files/public_keys/gateway_public') }}"
                   ^ column 17


2026-01-11 20:39:22,630 p=156053 u=ruslan n=ansible INFO| fatal: [node1]: FAILED! => {"changed": false, "msg": "Task failed: Finalization of task args for 'ansible.builtin.set_fact' failed: Error while resolving value for 'gw_pub': The lookup plugin 'file' failed: Unable to access the file '../../files/public_keys/gateway_public': File not found. Use -vvvvv to see paths searched."}
2026-01-11 20:39:22,631 p=156053 u=ruslan n=ansible INFO| fatal: [node0]: FAILED! => {"changed": false, "msg": "Task failed: Finalization of task args for 'ansible.builtin.set_fact' failed: Error while resolving value for 'gw_pub': The lookup plugin 'file' failed: Unable to access the file '../../files/public_keys/gateway_public': File not found. Use -vvvvv to see paths searched."}
2026-01-11 20:39:22,634 p=156053 u=ruslan n=ansible INFO| fatal: [gitlab]: FAILED! => {"changed": false, "msg": "Task failed: Finalization of task args for 'ansible.builtin.set_fact' failed: Error while resolving value for 'gw_pub': The lookup plugin 'file' failed: Unable to access the file '../../files/public_keys/gateway_public': File not found. Use -vvvvv to see paths searched."}
2026-01-11 20:39:22,641 p=156053 u=ruslan n=ansible INFO| fatal: [node3]: FAILED! => {"changed": false, "msg": "Task failed: Finalization of task args for 'ansible.builtin.set_fact' failed: Error while resolving value for 'gw_pub': The lookup plugin 'file' failed: Unable to access the file '../../files/public_keys/gateway_public': File not found. Use -vvvvv to see paths searched."}
2026-01-11 20:39:22,641 p=156053 u=ruslan n=ansible INFO| PLAY RECAP ***************************************************************************************************************************************************************************************************
2026-01-11 20:39:22,642 p=156053 u=ruslan n=ansible INFO| gitlab                     : ok=3    changed=2    unreachable=0    failed=1    skipped=0    rescued=0    ignored=0   
2026-01-11 20:39:22,642 p=156053 u=ruslan n=ansible INFO| node0                      : ok=3    changed=2    unreachable=0    failed=1    skipped=0    rescued=0    ignored=0   
2026-01-11 20:39:22,642 p=156053 u=ruslan n=ansible INFO| node1                      : ok=3    changed=2    unreachable=0    failed=1    skipped=0    rescued=0    ignored=0   
2026-01-11 20:39:22,642 p=156053 u=ruslan n=ansible INFO| node3                      : ok=3    changed=2    unreachable=0    failed=1    skipped=0    rescued=0    ignored=0   
2026-01-11 20:42:03,122 p=157229 u=ruslan n=ansible INFO| PLAY [configure wireguard nodes] *****************************************************************************************************************************************************************************
2026-01-11 20:42:03,128 p=157229 u=ruslan n=ansible INFO| TASK [Gathering Facts] ***************************************************************************************************************************************************************************************
2026-01-11 20:42:04,622 p=157229 u=ruslan n=ansible INFO| ok: [node1]
2026-01-11 20:42:04,789 p=157229 u=ruslan n=ansible INFO| ok: [node3]
2026-01-11 20:42:04,794 p=157229 u=ruslan n=ansible INFO| ok: [node0]
2026-01-11 20:42:04,819 p=157229 u=ruslan n=ansible INFO| ok: [gitlab]
2026-01-11 20:42:04,827 p=157229 u=ruslan n=ansible INFO| TASK [Generate private] **************************************************************************************************************************************************************************************
2026-01-11 20:42:05,497 p=157229 u=ruslan n=ansible INFO| changed: [node3]
2026-01-11 20:42:05,507 p=157229 u=ruslan n=ansible INFO| changed: [node1]
2026-01-11 20:42:05,515 p=157229 u=ruslan n=ansible INFO| changed: [node0]
2026-01-11 20:42:05,549 p=157229 u=ruslan n=ansible INFO| changed: [gitlab]
2026-01-11 20:42:05,553 p=157229 u=ruslan n=ansible INFO| TASK [Generate public] ***************************************************************************************************************************************************************************************
2026-01-11 20:42:06,103 p=157229 u=ruslan n=ansible INFO| changed: [node3]
2026-01-11 20:42:06,115 p=157229 u=ruslan n=ansible INFO| changed: [node1]
2026-01-11 20:42:06,121 p=157229 u=ruslan n=ansible INFO| changed: [node0]
2026-01-11 20:42:06,180 p=157229 u=ruslan n=ansible INFO| changed: [gitlab]
2026-01-11 20:42:06,184 p=157229 u=ruslan n=ansible INFO| TASK [Read gateway public key] *******************************************************************************************************************************************************************************
2026-01-11 20:42:06,209 p=157229 u=ruslan n=ansible ERROR| [ERROR]: Task failed: Finalization of task args for 'ansible.builtin.set_fact' failed: Error while resolving value for 'gw_pub': Syntax error in template: expected token ',', got 'gateway'

Task failed.
Origin: /home/ruslan/wg-ansible-deploy/playbooks/node/configure_wireguard_node.yaml:19:7

17       register: node_pub
18
19     - name: Read gateway public key
         ^ column 7

<<< caused by >>>

Finalization of task args for 'ansible.builtin.set_fact' failed.
Origin: /home/ruslan/wg-ansible-deploy/playbooks/node/configure_wireguard_node.yaml:20:7

18
19     - name: Read gateway public key
20       ansible.builtin.set_fact:
         ^ column 7

<<< caused by >>>

Error while resolving value for 'gw_pub': Syntax error in template: expected token ',', got 'gateway'
Origin: /home/ruslan/wg-ansible-deploy/playbooks/node/configure_wireguard_node.yaml:21:17

19     - name: Read gateway public key
20       ansible.builtin.set_fact:
21         gw_pub: "{{ lookup('file', '../../files/public_keys/' ~ '{{ groups['gateway'][0]}}' ~ '_public') }}"
                   ^ column 17


2026-01-11 20:42:06,211 p=157229 u=ruslan n=ansible INFO| fatal: [node1]: FAILED! => {"changed": false, "msg": "Task failed: Finalization of task args for 'ansible.builtin.set_fact' failed: Error while resolving value for 'gw_pub': Syntax error in template: expected token ',', got 'gateway'"}
2026-01-11 20:42:06,211 p=157229 u=ruslan n=ansible INFO| fatal: [node0]: FAILED! => {"changed": false, "msg": "Task failed: Finalization of task args for 'ansible.builtin.set_fact' failed: Error while resolving value for 'gw_pub': Syntax error in template: expected token ',', got 'gateway'"}
2026-01-11 20:42:06,212 p=157229 u=ruslan n=ansible INFO| fatal: [gitlab]: FAILED! => {"changed": false, "msg": "Task failed: Finalization of task args for 'ansible.builtin.set_fact' failed: Error while resolving value for 'gw_pub': Syntax error in template: expected token ',', got 'gateway'"}
2026-01-11 20:42:06,218 p=157229 u=ruslan n=ansible INFO| fatal: [node3]: FAILED! => {"changed": false, "msg": "Task failed: Finalization of task args for 'ansible.builtin.set_fact' failed: Error while resolving value for 'gw_pub': Syntax error in template: expected token ',', got 'gateway'"}
2026-01-11 20:42:06,219 p=157229 u=ruslan n=ansible INFO| PLAY RECAP ***************************************************************************************************************************************************************************************************
2026-01-11 20:42:06,219 p=157229 u=ruslan n=ansible INFO| gitlab                     : ok=3    changed=2    unreachable=0    failed=1    skipped=0    rescued=0    ignored=0   
2026-01-11 20:42:06,219 p=157229 u=ruslan n=ansible INFO| node0                      : ok=3    changed=2    unreachable=0    failed=1    skipped=0    rescued=0    ignored=0   
2026-01-11 20:42:06,219 p=157229 u=ruslan n=ansible INFO| node1                      : ok=3    changed=2    unreachable=0    failed=1    skipped=0    rescued=0    ignored=0   
2026-01-11 20:42:06,219 p=157229 u=ruslan n=ansible INFO| node3                      : ok=3    changed=2    unreachable=0    failed=1    skipped=0    rescued=0    ignored=0   
2026-01-11 20:42:59,800 p=157771 u=ruslan n=ansible INFO| PLAY [configure wireguard nodes] *****************************************************************************************************************************************************************************
2026-01-11 20:42:59,807 p=157771 u=ruslan n=ansible INFO| TASK [Gathering Facts] ***************************************************************************************************************************************************************************************
2026-01-11 20:43:01,056 p=157771 u=ruslan n=ansible INFO| ok: [node1]
2026-01-11 20:43:01,198 p=157771 u=ruslan n=ansible INFO| ok: [node0]
2026-01-11 20:43:01,250 p=157771 u=ruslan n=ansible INFO| ok: [node3]
2026-01-11 20:43:01,286 p=157771 u=ruslan n=ansible INFO| ok: [gitlab]
2026-01-11 20:43:01,291 p=157771 u=ruslan n=ansible INFO| TASK [Generate private] **************************************************************************************************************************************************************************************
2026-01-11 20:43:01,955 p=157771 u=ruslan n=ansible INFO| changed: [gitlab]
2026-01-11 20:43:01,956 p=157771 u=ruslan n=ansible INFO| changed: [node0]
2026-01-11 20:43:01,957 p=157771 u=ruslan n=ansible INFO| changed: [node1]
2026-01-11 20:43:01,961 p=157771 u=ruslan n=ansible INFO| changed: [node3]
2026-01-11 20:43:01,965 p=157771 u=ruslan n=ansible INFO| TASK [Generate public] ***************************************************************************************************************************************************************************************
2026-01-11 20:43:02,485 p=157771 u=ruslan n=ansible INFO| changed: [node0]
2026-01-11 20:43:02,487 p=157771 u=ruslan n=ansible INFO| changed: [node1]
2026-01-11 20:43:02,523 p=157771 u=ruslan n=ansible INFO| changed: [gitlab]
2026-01-11 20:43:02,527 p=157771 u=ruslan n=ansible INFO| changed: [node3]
2026-01-11 20:43:02,531 p=157771 u=ruslan n=ansible INFO| TASK [Read gateway public key] *******************************************************************************************************************************************************************************
2026-01-11 20:43:02,554 p=157771 u=ruslan n=ansible INFO| ok: [node1]
2026-01-11 20:43:02,557 p=157771 u=ruslan n=ansible INFO| ok: [node0]
2026-01-11 20:43:02,563 p=157771 u=ruslan n=ansible INFO| ok: [gitlab]
2026-01-11 20:43:02,569 p=157771 u=ruslan n=ansible INFO| ok: [node3]
2026-01-11 20:43:02,573 p=157771 u=ruslan n=ansible INFO| TASK [Create wg0-n.conf] *************************************************************************************************************************************************************************************
2026-01-11 20:43:03,797 p=157771 u=ruslan n=ansible INFO| changed: [node0]
2026-01-11 20:43:03,804 p=157771 u=ruslan n=ansible INFO| changed: [gitlab]
2026-01-11 20:43:03,809 p=157771 u=ruslan n=ansible INFO| changed: [node1]
2026-01-11 20:43:03,813 p=157771 u=ruslan n=ansible INFO| changed: [node3]
2026-01-11 20:43:03,820 p=157771 u=ruslan n=ansible INFO| TASK [debug] *************************************************************************************************************************************************************************************************
2026-01-11 20:43:03,844 p=157771 u=ruslan n=ansible INFO| ok: [node1] => {
    "msg": 23122
}
2026-01-11 20:43:03,845 p=157771 u=ruslan n=ansible INFO| ok: [node0] => {
    "msg": 23122
}
2026-01-11 20:43:03,848 p=157771 u=ruslan n=ansible INFO| ok: [gitlab] => {
    "msg": 23122
}
2026-01-11 20:43:03,855 p=157771 u=ruslan n=ansible INFO| ok: [node3] => {
    "msg": 23122
}
2026-01-11 20:43:03,859 p=157771 u=ruslan n=ansible INFO| TASK [Copy public key from node to controller] ***************************************************************************************************************************************************************
2026-01-11 20:43:04,480 p=157771 u=ruslan n=ansible INFO| changed: [node0]
2026-01-11 20:43:04,485 p=157771 u=ruslan n=ansible INFO| changed: [node1]
2026-01-11 20:43:04,487 p=157771 u=ruslan n=ansible INFO| changed: [gitlab]
2026-01-11 20:43:04,491 p=157771 u=ruslan n=ansible INFO| changed: [node3]
2026-01-11 20:43:04,492 p=157771 u=ruslan n=ansible INFO| PLAY RECAP ***************************************************************************************************************************************************************************************************
2026-01-11 20:43:04,492 p=157771 u=ruslan n=ansible INFO| gitlab                     : ok=7    changed=4    unreachable=0    failed=0    skipped=0    rescued=0    ignored=0   
2026-01-11 20:43:04,492 p=157771 u=ruslan n=ansible INFO| node0                      : ok=7    changed=4    unreachable=0    failed=0    skipped=0    rescued=0    ignored=0   
2026-01-11 20:43:04,492 p=157771 u=ruslan n=ansible INFO| node1                      : ok=7    changed=4    unreachable=0    failed=0    skipped=0    rescued=0    ignored=0   
2026-01-11 20:43:04,493 p=157771 u=ruslan n=ansible INFO| node3                      : ok=7    changed=4    unreachable=0    failed=0    skipped=0    rescued=0    ignored=0   
2026-01-11 20:43:11,063 p=158116 u=ruslan n=ansible ERROR| [ERROR]: Unexpected Exception, this is probably a bug: 'MonkeyPatchedIntrospectiveArgumentParser' object has no attribute '_action_conflicts'

Traceback (most recent call last):
  File "/home/ruslan/.local/lib/python3.12/site-packages/ansible/cli/__init__.py", line 661, in cli_executor
    exit_code = cli.run()
                ^^^^^^^^^
  File "/home/ruslan/.local/lib/python3.12/site-packages/ansible/cli/playbook.py", line 90, in run
    super(PlaybookCLI, self).run()
  File "/home/ruslan/.local/lib/python3.12/site-packages/ansible/cli/__init__.py", line 172, in run
    self.parse()
  File "/home/ruslan/.local/lib/python3.12/site-packages/ansible/cli/__init__.py", line 465, in parse
    argcomplete.autocomplete(self.parser)
  File "/usr/lib/python3.12/site-packages/argcomplete/finders.py", line 176, in __call__
    completions = self._get_completions(comp_words, cword_prefix, cword_prequote, last_wordbreak_pos)
                  ^^^^^^^^^^^^^^^^^^^^^^^^^^^^^^^^^^^^^^^^^^^^^^^^^^^^^^^^^^^^^^^^^^^^^^^^^^^^^^^^^^^
  File "/usr/lib/python3.12/site-packages/argcomplete/finders.py", line 212, in _get_completions
    completions = self.collect_completions(active_parsers, parsed_args, cword_prefix)
                  ^^^^^^^^^^^^^^^^^^^^^^^^^^^^^^^^^^^^^^^^^^^^^^^^^^^^^^^^^^^^^^^^^^^
  File "/usr/lib/python3.12/site-packages/argcomplete/finders.py", line 429, in collect_completions
    completions += self._get_option_completions(active_parser, cword_prefix)
                   ^^^^^^^^^^^^^^^^^^^^^^^^^^^^^^^^^^^^^^^^^^^^^^^^^^^^^^^^^
  File "/usr/lib/python3.12/site-packages/argcomplete/finders.py", line 315, in _get_option_completions
    if not self._action_allowed(action, parser):
           ^^^^^^^^^^^^^^^^^^^^^^^^^^^^^^^^^^^^
  File "/usr/lib/python3.12/site-packages/argcomplete/finders.py", line 325, in _action_allowed
    for conflict_action in parser._action_conflicts.get(action, []):
                           ^^^^^^^^^^^^^^^^^^^^^^^^
AttributeError: 'MonkeyPatchedIntrospectiveArgumentParser' object has no attribute '_action_conflicts'

The above exception was the direct cause of the following exception:

Traceback (most recent call last):
  File "/home/ruslan/.local/lib/python3.12/site-packages/ansible/cli/__init__.py", line 670, in cli_executor
    raise AnsibleError("Unexpected Exception, this is probably a bug.") from ex
ansible.errors.AnsibleError: Unexpected Exception, this is probably a bug: 'MonkeyPatchedIntrospectiveArgumentParser' object has no attribute '_action_conflicts'


2026-01-11 20:43:15,275 p=158148 u=ruslan n=ansible ERROR| [ERROR]: Unexpected Exception, this is probably a bug: 'MonkeyPatchedIntrospectiveArgumentParser' object has no attribute '_action_conflicts'

Traceback (most recent call last):
  File "/home/ruslan/.local/lib/python3.12/site-packages/ansible/cli/__init__.py", line 661, in cli_executor
    exit_code = cli.run()
                ^^^^^^^^^
  File "/home/ruslan/.local/lib/python3.12/site-packages/ansible/cli/playbook.py", line 90, in run
    super(PlaybookCLI, self).run()
  File "/home/ruslan/.local/lib/python3.12/site-packages/ansible/cli/__init__.py", line 172, in run
    self.parse()
  File "/home/ruslan/.local/lib/python3.12/site-packages/ansible/cli/__init__.py", line 465, in parse
    argcomplete.autocomplete(self.parser)
  File "/usr/lib/python3.12/site-packages/argcomplete/finders.py", line 176, in __call__
    completions = self._get_completions(comp_words, cword_prefix, cword_prequote, last_wordbreak_pos)
                  ^^^^^^^^^^^^^^^^^^^^^^^^^^^^^^^^^^^^^^^^^^^^^^^^^^^^^^^^^^^^^^^^^^^^^^^^^^^^^^^^^^^
  File "/usr/lib/python3.12/site-packages/argcomplete/finders.py", line 212, in _get_completions
    completions = self.collect_completions(active_parsers, parsed_args, cword_prefix)
                  ^^^^^^^^^^^^^^^^^^^^^^^^^^^^^^^^^^^^^^^^^^^^^^^^^^^^^^^^^^^^^^^^^^^
  File "/usr/lib/python3.12/site-packages/argcomplete/finders.py", line 429, in collect_completions
    completions += self._get_option_completions(active_parser, cword_prefix)
                   ^^^^^^^^^^^^^^^^^^^^^^^^^^^^^^^^^^^^^^^^^^^^^^^^^^^^^^^^^
  File "/usr/lib/python3.12/site-packages/argcomplete/finders.py", line 315, in _get_option_completions
    if not self._action_allowed(action, parser):
           ^^^^^^^^^^^^^^^^^^^^^^^^^^^^^^^^^^^^
  File "/usr/lib/python3.12/site-packages/argcomplete/finders.py", line 325, in _action_allowed
    for conflict_action in parser._action_conflicts.get(action, []):
                           ^^^^^^^^^^^^^^^^^^^^^^^^
AttributeError: 'MonkeyPatchedIntrospectiveArgumentParser' object has no attribute '_action_conflicts'

The above exception was the direct cause of the following exception:

Traceback (most recent call last):
  File "/home/ruslan/.local/lib/python3.12/site-packages/ansible/cli/__init__.py", line 670, in cli_executor
    raise AnsibleError("Unexpected Exception, this is probably a bug.") from ex
ansible.errors.AnsibleError: Unexpected Exception, this is probably a bug: 'MonkeyPatchedIntrospectiveArgumentParser' object has no attribute '_action_conflicts'


2026-01-11 20:43:16,454 p=158162 u=ruslan n=ansible ERROR| [ERROR]: Unexpected Exception, this is probably a bug: 'MonkeyPatchedIntrospectiveArgumentParser' object has no attribute '_action_conflicts'

Traceback (most recent call last):
  File "/home/ruslan/.local/lib/python3.12/site-packages/ansible/cli/__init__.py", line 661, in cli_executor
    exit_code = cli.run()
                ^^^^^^^^^
  File "/home/ruslan/.local/lib/python3.12/site-packages/ansible/cli/playbook.py", line 90, in run
    super(PlaybookCLI, self).run()
  File "/home/ruslan/.local/lib/python3.12/site-packages/ansible/cli/__init__.py", line 172, in run
    self.parse()
  File "/home/ruslan/.local/lib/python3.12/site-packages/ansible/cli/__init__.py", line 465, in parse
    argcomplete.autocomplete(self.parser)
  File "/usr/lib/python3.12/site-packages/argcomplete/finders.py", line 176, in __call__
    completions = self._get_completions(comp_words, cword_prefix, cword_prequote, last_wordbreak_pos)
                  ^^^^^^^^^^^^^^^^^^^^^^^^^^^^^^^^^^^^^^^^^^^^^^^^^^^^^^^^^^^^^^^^^^^^^^^^^^^^^^^^^^^
  File "/usr/lib/python3.12/site-packages/argcomplete/finders.py", line 212, in _get_completions
    completions = self.collect_completions(active_parsers, parsed_args, cword_prefix)
                  ^^^^^^^^^^^^^^^^^^^^^^^^^^^^^^^^^^^^^^^^^^^^^^^^^^^^^^^^^^^^^^^^^^^
  File "/usr/lib/python3.12/site-packages/argcomplete/finders.py", line 429, in collect_completions
    completions += self._get_option_completions(active_parser, cword_prefix)
                   ^^^^^^^^^^^^^^^^^^^^^^^^^^^^^^^^^^^^^^^^^^^^^^^^^^^^^^^^^
  File "/usr/lib/python3.12/site-packages/argcomplete/finders.py", line 315, in _get_option_completions
    if not self._action_allowed(action, parser):
           ^^^^^^^^^^^^^^^^^^^^^^^^^^^^^^^^^^^^
  File "/usr/lib/python3.12/site-packages/argcomplete/finders.py", line 325, in _action_allowed
    for conflict_action in parser._action_conflicts.get(action, []):
                           ^^^^^^^^^^^^^^^^^^^^^^^^
AttributeError: 'MonkeyPatchedIntrospectiveArgumentParser' object has no attribute '_action_conflicts'

The above exception was the direct cause of the following exception:

Traceback (most recent call last):
  File "/home/ruslan/.local/lib/python3.12/site-packages/ansible/cli/__init__.py", line 670, in cli_executor
    raise AnsibleError("Unexpected Exception, this is probably a bug.") from ex
ansible.errors.AnsibleError: Unexpected Exception, this is probably a bug: 'MonkeyPatchedIntrospectiveArgumentParser' object has no attribute '_action_conflicts'


2026-01-11 20:43:17,804 p=158170 u=ruslan n=ansible INFO| PLAY [gateway] ***********************************************************************************************************************************************************************************************
2026-01-11 20:43:17,811 p=158170 u=ruslan n=ansible INFO| TASK [Gathering Facts] ***************************************************************************************************************************************************************************************
2026-01-11 20:43:23,118 p=158170 u=ruslan n=ansible INFO| ok: [node_gw]
2026-01-11 20:43:23,122 p=158170 u=ruslan n=ansible INFO| TASK [Add [Peer] blocks in wg0-gw.conf] **********************************************************************************************************************************************************************
2026-01-11 20:43:24,817 p=158170 u=ruslan n=ansible INFO| changed: [node_gw] => (item=node1)
2026-01-11 20:43:26,255 p=158170 u=ruslan n=ansible INFO| changed: [node_gw] => (item=node0)
2026-01-11 20:43:27,774 p=158170 u=ruslan n=ansible INFO| changed: [node_gw] => (item=gitlab)
2026-01-11 20:43:29,400 p=158170 u=ruslan n=ansible INFO| changed: [node_gw] => (item=node3)
2026-01-11 20:43:29,407 p=158170 u=ruslan n=ansible INFO| TASK [Restart wg-quick] **************************************************************************************************************************************************************************************
2026-01-11 20:43:31,751 p=158170 u=ruslan n=ansible INFO| changed: [node_gw]
2026-01-11 20:43:31,752 p=158170 u=ruslan n=ansible INFO| PLAY RECAP ***************************************************************************************************************************************************************************************************
2026-01-11 20:43:31,752 p=158170 u=ruslan n=ansible INFO| node_gw                    : ok=3    changed=2    unreachable=0    failed=0    skipped=0    rescued=0    ignored=0   
2026-01-11 20:43:35,981 p=158358 u=ruslan n=ansible ERROR| [ERROR]: Unexpected Exception, this is probably a bug: 'MonkeyPatchedIntrospectiveArgumentParser' object has no attribute '_action_conflicts'

Traceback (most recent call last):
  File "/home/ruslan/.local/lib/python3.12/site-packages/ansible/cli/__init__.py", line 661, in cli_executor
    exit_code = cli.run()
                ^^^^^^^^^
  File "/home/ruslan/.local/lib/python3.12/site-packages/ansible/cli/playbook.py", line 90, in run
    super(PlaybookCLI, self).run()
  File "/home/ruslan/.local/lib/python3.12/site-packages/ansible/cli/__init__.py", line 172, in run
    self.parse()
  File "/home/ruslan/.local/lib/python3.12/site-packages/ansible/cli/__init__.py", line 465, in parse
    argcomplete.autocomplete(self.parser)
  File "/usr/lib/python3.12/site-packages/argcomplete/finders.py", line 176, in __call__
    completions = self._get_completions(comp_words, cword_prefix, cword_prequote, last_wordbreak_pos)
                  ^^^^^^^^^^^^^^^^^^^^^^^^^^^^^^^^^^^^^^^^^^^^^^^^^^^^^^^^^^^^^^^^^^^^^^^^^^^^^^^^^^^
  File "/usr/lib/python3.12/site-packages/argcomplete/finders.py", line 212, in _get_completions
    completions = self.collect_completions(active_parsers, parsed_args, cword_prefix)
                  ^^^^^^^^^^^^^^^^^^^^^^^^^^^^^^^^^^^^^^^^^^^^^^^^^^^^^^^^^^^^^^^^^^^
  File "/usr/lib/python3.12/site-packages/argcomplete/finders.py", line 429, in collect_completions
    completions += self._get_option_completions(active_parser, cword_prefix)
                   ^^^^^^^^^^^^^^^^^^^^^^^^^^^^^^^^^^^^^^^^^^^^^^^^^^^^^^^^^
  File "/usr/lib/python3.12/site-packages/argcomplete/finders.py", line 315, in _get_option_completions
    if not self._action_allowed(action, parser):
           ^^^^^^^^^^^^^^^^^^^^^^^^^^^^^^^^^^^^
  File "/usr/lib/python3.12/site-packages/argcomplete/finders.py", line 325, in _action_allowed
    for conflict_action in parser._action_conflicts.get(action, []):
                           ^^^^^^^^^^^^^^^^^^^^^^^^
AttributeError: 'MonkeyPatchedIntrospectiveArgumentParser' object has no attribute '_action_conflicts'

The above exception was the direct cause of the following exception:

Traceback (most recent call last):
  File "/home/ruslan/.local/lib/python3.12/site-packages/ansible/cli/__init__.py", line 670, in cli_executor
    raise AnsibleError("Unexpected Exception, this is probably a bug.") from ex
ansible.errors.AnsibleError: Unexpected Exception, this is probably a bug: 'MonkeyPatchedIntrospectiveArgumentParser' object has no attribute '_action_conflicts'


2026-01-11 20:43:36,994 p=158372 u=ruslan n=ansible ERROR| [ERROR]: Unexpected Exception, this is probably a bug: 'MonkeyPatchedIntrospectiveArgumentParser' object has no attribute '_action_conflicts'

Traceback (most recent call last):
  File "/home/ruslan/.local/lib/python3.12/site-packages/ansible/cli/__init__.py", line 661, in cli_executor
    exit_code = cli.run()
                ^^^^^^^^^
  File "/home/ruslan/.local/lib/python3.12/site-packages/ansible/cli/playbook.py", line 90, in run
    super(PlaybookCLI, self).run()
  File "/home/ruslan/.local/lib/python3.12/site-packages/ansible/cli/__init__.py", line 172, in run
    self.parse()
  File "/home/ruslan/.local/lib/python3.12/site-packages/ansible/cli/__init__.py", line 465, in parse
    argcomplete.autocomplete(self.parser)
  File "/usr/lib/python3.12/site-packages/argcomplete/finders.py", line 176, in __call__
    completions = self._get_completions(comp_words, cword_prefix, cword_prequote, last_wordbreak_pos)
                  ^^^^^^^^^^^^^^^^^^^^^^^^^^^^^^^^^^^^^^^^^^^^^^^^^^^^^^^^^^^^^^^^^^^^^^^^^^^^^^^^^^^
  File "/usr/lib/python3.12/site-packages/argcomplete/finders.py", line 212, in _get_completions
    completions = self.collect_completions(active_parsers, parsed_args, cword_prefix)
                  ^^^^^^^^^^^^^^^^^^^^^^^^^^^^^^^^^^^^^^^^^^^^^^^^^^^^^^^^^^^^^^^^^^^
  File "/usr/lib/python3.12/site-packages/argcomplete/finders.py", line 429, in collect_completions
    completions += self._get_option_completions(active_parser, cword_prefix)
                   ^^^^^^^^^^^^^^^^^^^^^^^^^^^^^^^^^^^^^^^^^^^^^^^^^^^^^^^^^
  File "/usr/lib/python3.12/site-packages/argcomplete/finders.py", line 315, in _get_option_completions
    if not self._action_allowed(action, parser):
           ^^^^^^^^^^^^^^^^^^^^^^^^^^^^^^^^^^^^
  File "/usr/lib/python3.12/site-packages/argcomplete/finders.py", line 325, in _action_allowed
    for conflict_action in parser._action_conflicts.get(action, []):
                           ^^^^^^^^^^^^^^^^^^^^^^^^
AttributeError: 'MonkeyPatchedIntrospectiveArgumentParser' object has no attribute '_action_conflicts'

The above exception was the direct cause of the following exception:

Traceback (most recent call last):
  File "/home/ruslan/.local/lib/python3.12/site-packages/ansible/cli/__init__.py", line 670, in cli_executor
    raise AnsibleError("Unexpected Exception, this is probably a bug.") from ex
ansible.errors.AnsibleError: Unexpected Exception, this is probably a bug: 'MonkeyPatchedIntrospectiveArgumentParser' object has no attribute '_action_conflicts'


2026-01-11 20:43:38,387 p=158397 u=ruslan n=ansible ERROR| [ERROR]: Unexpected Exception, this is probably a bug: 'MonkeyPatchedIntrospectiveArgumentParser' object has no attribute '_action_conflicts'

Traceback (most recent call last):
  File "/home/ruslan/.local/lib/python3.12/site-packages/ansible/cli/__init__.py", line 661, in cli_executor
    exit_code = cli.run()
                ^^^^^^^^^
  File "/home/ruslan/.local/lib/python3.12/site-packages/ansible/cli/playbook.py", line 90, in run
    super(PlaybookCLI, self).run()
  File "/home/ruslan/.local/lib/python3.12/site-packages/ansible/cli/__init__.py", line 172, in run
    self.parse()
  File "/home/ruslan/.local/lib/python3.12/site-packages/ansible/cli/__init__.py", line 465, in parse
    argcomplete.autocomplete(self.parser)
  File "/usr/lib/python3.12/site-packages/argcomplete/finders.py", line 176, in __call__
    completions = self._get_completions(comp_words, cword_prefix, cword_prequote, last_wordbreak_pos)
                  ^^^^^^^^^^^^^^^^^^^^^^^^^^^^^^^^^^^^^^^^^^^^^^^^^^^^^^^^^^^^^^^^^^^^^^^^^^^^^^^^^^^
  File "/usr/lib/python3.12/site-packages/argcomplete/finders.py", line 212, in _get_completions
    completions = self.collect_completions(active_parsers, parsed_args, cword_prefix)
                  ^^^^^^^^^^^^^^^^^^^^^^^^^^^^^^^^^^^^^^^^^^^^^^^^^^^^^^^^^^^^^^^^^^^
  File "/usr/lib/python3.12/site-packages/argcomplete/finders.py", line 429, in collect_completions
    completions += self._get_option_completions(active_parser, cword_prefix)
                   ^^^^^^^^^^^^^^^^^^^^^^^^^^^^^^^^^^^^^^^^^^^^^^^^^^^^^^^^^
  File "/usr/lib/python3.12/site-packages/argcomplete/finders.py", line 315, in _get_option_completions
    if not self._action_allowed(action, parser):
           ^^^^^^^^^^^^^^^^^^^^^^^^^^^^^^^^^^^^
  File "/usr/lib/python3.12/site-packages/argcomplete/finders.py", line 325, in _action_allowed
    for conflict_action in parser._action_conflicts.get(action, []):
                           ^^^^^^^^^^^^^^^^^^^^^^^^
AttributeError: 'MonkeyPatchedIntrospectiveArgumentParser' object has no attribute '_action_conflicts'

The above exception was the direct cause of the following exception:

Traceback (most recent call last):
  File "/home/ruslan/.local/lib/python3.12/site-packages/ansible/cli/__init__.py", line 670, in cli_executor
    raise AnsibleError("Unexpected Exception, this is probably a bug.") from ex
ansible.errors.AnsibleError: Unexpected Exception, this is probably a bug: 'MonkeyPatchedIntrospectiveArgumentParser' object has no attribute '_action_conflicts'


2026-01-11 20:43:39,567 p=158405 u=ruslan n=ansible INFO| PLAY [nodes] *************************************************************************************************************************************************************************************************
2026-01-11 20:43:39,573 p=158405 u=ruslan n=ansible INFO| TASK [Gathering Facts] ***************************************************************************************************************************************************************************************
2026-01-11 20:43:40,830 p=158405 u=ruslan n=ansible INFO| ok: [node1]
2026-01-11 20:43:40,933 p=158405 u=ruslan n=ansible INFO| ok: [gitlab]
2026-01-11 20:43:40,995 p=158405 u=ruslan n=ansible INFO| ok: [node0]
2026-01-11 20:43:41,006 p=158405 u=ruslan n=ansible INFO| ok: [node3]
2026-01-11 20:43:41,009 p=158405 u=ruslan n=ansible INFO| TASK [Enable wg-quick service on hosts] **********************************************************************************************************************************************************************
2026-01-11 20:43:42,320 p=158405 u=ruslan n=ansible INFO| changed: [node1]
2026-01-11 20:43:42,325 p=158405 u=ruslan n=ansible INFO| changed: [node0]
2026-01-11 20:43:42,335 p=158405 u=ruslan n=ansible INFO| changed: [node3]
2026-01-11 20:43:42,400 p=158405 u=ruslan n=ansible INFO| changed: [gitlab]
2026-01-11 20:43:42,404 p=158405 u=ruslan n=ansible INFO| TASK [debug] *************************************************************************************************************************************************************************************************
2026-01-11 20:43:42,425 p=158405 u=ruslan n=ansible INFO| ok: [node1] => {
    "msg": "wg0-n"
}
2026-01-11 20:43:42,427 p=158405 u=ruslan n=ansible INFO| ok: [node0] => {
    "msg": "wg0-n"
}
2026-01-11 20:43:42,429 p=158405 u=ruslan n=ansible INFO| ok: [gitlab] => {
    "msg": "wg0-n"
}
2026-01-11 20:43:42,436 p=158405 u=ruslan n=ansible INFO| ok: [node3] => {
    "msg": "wg0-n"
}
2026-01-11 20:43:42,437 p=158405 u=ruslan n=ansible INFO| PLAY RECAP ***************************************************************************************************************************************************************************************************
2026-01-11 20:43:42,437 p=158405 u=ruslan n=ansible INFO| gitlab                     : ok=3    changed=1    unreachable=0    failed=0    skipped=0    rescued=0    ignored=0   
2026-01-11 20:43:42,437 p=158405 u=ruslan n=ansible INFO| node0                      : ok=3    changed=1    unreachable=0    failed=0    skipped=0    rescued=0    ignored=0   
2026-01-11 20:43:42,437 p=158405 u=ruslan n=ansible INFO| node1                      : ok=3    changed=1    unreachable=0    failed=0    skipped=0    rescued=0    ignored=0   
2026-01-11 20:43:42,437 p=158405 u=ruslan n=ansible INFO| node3                      : ok=3    changed=1    unreachable=0    failed=0    skipped=0    rescued=0    ignored=0   
2026-01-11 20:51:39,559 p=161381 u=ruslan n=ansible ERROR| [ERROR]: Unexpected Exception, this is probably a bug: 'MonkeyPatchedIntrospectiveArgumentParser' object has no attribute '_action_conflicts'

Traceback (most recent call last):
  File "/home/ruslan/.local/lib/python3.12/site-packages/ansible/cli/__init__.py", line 661, in cli_executor
    exit_code = cli.run()
                ^^^^^^^^^
  File "/home/ruslan/.local/lib/python3.12/site-packages/ansible/cli/playbook.py", line 90, in run
    super(PlaybookCLI, self).run()
  File "/home/ruslan/.local/lib/python3.12/site-packages/ansible/cli/__init__.py", line 172, in run
    self.parse()
  File "/home/ruslan/.local/lib/python3.12/site-packages/ansible/cli/__init__.py", line 465, in parse
    argcomplete.autocomplete(self.parser)
  File "/usr/lib/python3.12/site-packages/argcomplete/finders.py", line 176, in __call__
    completions = self._get_completions(comp_words, cword_prefix, cword_prequote, last_wordbreak_pos)
                  ^^^^^^^^^^^^^^^^^^^^^^^^^^^^^^^^^^^^^^^^^^^^^^^^^^^^^^^^^^^^^^^^^^^^^^^^^^^^^^^^^^^
  File "/usr/lib/python3.12/site-packages/argcomplete/finders.py", line 212, in _get_completions
    completions = self.collect_completions(active_parsers, parsed_args, cword_prefix)
                  ^^^^^^^^^^^^^^^^^^^^^^^^^^^^^^^^^^^^^^^^^^^^^^^^^^^^^^^^^^^^^^^^^^^
  File "/usr/lib/python3.12/site-packages/argcomplete/finders.py", line 429, in collect_completions
    completions += self._get_option_completions(active_parser, cword_prefix)
                   ^^^^^^^^^^^^^^^^^^^^^^^^^^^^^^^^^^^^^^^^^^^^^^^^^^^^^^^^^
  File "/usr/lib/python3.12/site-packages/argcomplete/finders.py", line 315, in _get_option_completions
    if not self._action_allowed(action, parser):
           ^^^^^^^^^^^^^^^^^^^^^^^^^^^^^^^^^^^^
  File "/usr/lib/python3.12/site-packages/argcomplete/finders.py", line 325, in _action_allowed
    for conflict_action in parser._action_conflicts.get(action, []):
                           ^^^^^^^^^^^^^^^^^^^^^^^^
AttributeError: 'MonkeyPatchedIntrospectiveArgumentParser' object has no attribute '_action_conflicts'

The above exception was the direct cause of the following exception:

Traceback (most recent call last):
  File "/home/ruslan/.local/lib/python3.12/site-packages/ansible/cli/__init__.py", line 670, in cli_executor
    raise AnsibleError("Unexpected Exception, this is probably a bug.") from ex
ansible.errors.AnsibleError: Unexpected Exception, this is probably a bug: 'MonkeyPatchedIntrospectiveArgumentParser' object has no attribute '_action_conflicts'


2026-01-11 20:51:42,301 p=161407 u=ruslan n=ansible ERROR| [ERROR]: Unexpected Exception, this is probably a bug: 'MonkeyPatchedIntrospectiveArgumentParser' object has no attribute '_action_conflicts'

Traceback (most recent call last):
  File "/home/ruslan/.local/lib/python3.12/site-packages/ansible/cli/__init__.py", line 661, in cli_executor
    exit_code = cli.run()
                ^^^^^^^^^
  File "/home/ruslan/.local/lib/python3.12/site-packages/ansible/cli/playbook.py", line 90, in run
    super(PlaybookCLI, self).run()
  File "/home/ruslan/.local/lib/python3.12/site-packages/ansible/cli/__init__.py", line 172, in run
    self.parse()
  File "/home/ruslan/.local/lib/python3.12/site-packages/ansible/cli/__init__.py", line 465, in parse
    argcomplete.autocomplete(self.parser)
  File "/usr/lib/python3.12/site-packages/argcomplete/finders.py", line 176, in __call__
    completions = self._get_completions(comp_words, cword_prefix, cword_prequote, last_wordbreak_pos)
                  ^^^^^^^^^^^^^^^^^^^^^^^^^^^^^^^^^^^^^^^^^^^^^^^^^^^^^^^^^^^^^^^^^^^^^^^^^^^^^^^^^^^
  File "/usr/lib/python3.12/site-packages/argcomplete/finders.py", line 212, in _get_completions
    completions = self.collect_completions(active_parsers, parsed_args, cword_prefix)
                  ^^^^^^^^^^^^^^^^^^^^^^^^^^^^^^^^^^^^^^^^^^^^^^^^^^^^^^^^^^^^^^^^^^^
  File "/usr/lib/python3.12/site-packages/argcomplete/finders.py", line 429, in collect_completions
    completions += self._get_option_completions(active_parser, cword_prefix)
                   ^^^^^^^^^^^^^^^^^^^^^^^^^^^^^^^^^^^^^^^^^^^^^^^^^^^^^^^^^
  File "/usr/lib/python3.12/site-packages/argcomplete/finders.py", line 315, in _get_option_completions
    if not self._action_allowed(action, parser):
           ^^^^^^^^^^^^^^^^^^^^^^^^^^^^^^^^^^^^
  File "/usr/lib/python3.12/site-packages/argcomplete/finders.py", line 325, in _action_allowed
    for conflict_action in parser._action_conflicts.get(action, []):
                           ^^^^^^^^^^^^^^^^^^^^^^^^
AttributeError: 'MonkeyPatchedIntrospectiveArgumentParser' object has no attribute '_action_conflicts'

The above exception was the direct cause of the following exception:

Traceback (most recent call last):
  File "/home/ruslan/.local/lib/python3.12/site-packages/ansible/cli/__init__.py", line 670, in cli_executor
    raise AnsibleError("Unexpected Exception, this is probably a bug.") from ex
ansible.errors.AnsibleError: Unexpected Exception, this is probably a bug: 'MonkeyPatchedIntrospectiveArgumentParser' object has no attribute '_action_conflicts'


2026-01-11 20:51:43,110 p=161421 u=ruslan n=ansible ERROR| [ERROR]: Unexpected Exception, this is probably a bug: 'MonkeyPatchedIntrospectiveArgumentParser' object has no attribute '_action_conflicts'

Traceback (most recent call last):
  File "/home/ruslan/.local/lib/python3.12/site-packages/ansible/cli/__init__.py", line 661, in cli_executor
    exit_code = cli.run()
                ^^^^^^^^^
  File "/home/ruslan/.local/lib/python3.12/site-packages/ansible/cli/playbook.py", line 90, in run
    super(PlaybookCLI, self).run()
  File "/home/ruslan/.local/lib/python3.12/site-packages/ansible/cli/__init__.py", line 172, in run
    self.parse()
  File "/home/ruslan/.local/lib/python3.12/site-packages/ansible/cli/__init__.py", line 465, in parse
    argcomplete.autocomplete(self.parser)
  File "/usr/lib/python3.12/site-packages/argcomplete/finders.py", line 176, in __call__
    completions = self._get_completions(comp_words, cword_prefix, cword_prequote, last_wordbreak_pos)
                  ^^^^^^^^^^^^^^^^^^^^^^^^^^^^^^^^^^^^^^^^^^^^^^^^^^^^^^^^^^^^^^^^^^^^^^^^^^^^^^^^^^^
  File "/usr/lib/python3.12/site-packages/argcomplete/finders.py", line 212, in _get_completions
    completions = self.collect_completions(active_parsers, parsed_args, cword_prefix)
                  ^^^^^^^^^^^^^^^^^^^^^^^^^^^^^^^^^^^^^^^^^^^^^^^^^^^^^^^^^^^^^^^^^^^
  File "/usr/lib/python3.12/site-packages/argcomplete/finders.py", line 429, in collect_completions
    completions += self._get_option_completions(active_parser, cword_prefix)
                   ^^^^^^^^^^^^^^^^^^^^^^^^^^^^^^^^^^^^^^^^^^^^^^^^^^^^^^^^^
  File "/usr/lib/python3.12/site-packages/argcomplete/finders.py", line 315, in _get_option_completions
    if not self._action_allowed(action, parser):
           ^^^^^^^^^^^^^^^^^^^^^^^^^^^^^^^^^^^^
  File "/usr/lib/python3.12/site-packages/argcomplete/finders.py", line 325, in _action_allowed
    for conflict_action in parser._action_conflicts.get(action, []):
                           ^^^^^^^^^^^^^^^^^^^^^^^^
AttributeError: 'MonkeyPatchedIntrospectiveArgumentParser' object has no attribute '_action_conflicts'

The above exception was the direct cause of the following exception:

Traceback (most recent call last):
  File "/home/ruslan/.local/lib/python3.12/site-packages/ansible/cli/__init__.py", line 670, in cli_executor
    raise AnsibleError("Unexpected Exception, this is probably a bug.") from ex
ansible.errors.AnsibleError: Unexpected Exception, this is probably a bug: 'MonkeyPatchedIntrospectiveArgumentParser' object has no attribute '_action_conflicts'


2026-01-11 20:51:44,300 p=161429 u=ruslan n=ansible INFO| PLAY [all] ***************************************************************************************************************************************************************************************************
2026-01-11 20:51:44,307 p=161429 u=ruslan n=ansible INFO| TASK [Gathering Facts] ***************************************************************************************************************************************************************************************
2026-01-11 20:51:45,935 p=161429 u=ruslan n=ansible INFO| ok: [node1]
2026-01-11 20:51:46,133 p=161429 u=ruslan n=ansible INFO| ok: [gitlab]
2026-01-11 20:51:46,151 p=161429 u=ruslan n=ansible INFO| ok: [node0]
2026-01-11 20:51:46,155 p=161429 u=ruslan n=ansible INFO| ok: [node3]
2026-01-11 20:51:47,576 p=161429 u=ruslan n=ansible INFO| ok: [node_gw]
2026-01-11 20:51:47,582 p=161429 u=ruslan n=ansible INFO| TASK [Stop and disable wg-quick service] *********************************************************************************************************************************************************************
2026-01-11 20:51:48,909 p=161429 u=ruslan n=ansible INFO| changed: [node3]
2026-01-11 20:51:48,911 p=161429 u=ruslan n=ansible INFO| changed: [node0]
2026-01-11 20:51:48,946 p=161429 u=ruslan n=ansible INFO| changed: [node1]
2026-01-11 20:51:48,978 p=161429 u=ruslan n=ansible INFO| changed: [gitlab]
2026-01-11 20:51:49,553 p=161429 u=ruslan n=ansible INFO| changed: [node_gw]
2026-01-11 20:51:49,580 p=161429 u=ruslan n=ansible INFO| TASK [Remove wireguard-tools] ********************************************************************************************************************************************************************************
2026-01-11 20:51:51,610 p=161429 u=ruslan n=ansible INFO| changed: [node0]
2026-01-11 20:51:51,680 p=161429 u=ruslan n=ansible INFO| changed: [node1]
2026-01-11 20:51:55,490 p=161429 u=ruslan n=ansible INFO| changed: [node3]
2026-01-11 20:51:56,546 p=161429 u=ruslan n=ansible INFO| changed: [node_gw]
2026-01-11 20:52:07,642 p=161429 u=ruslan n=ansible INFO| changed: [gitlab]
2026-01-11 20:52:07,648 p=161429 u=ruslan n=ansible INFO| TASK [Remove epel-release] ***********************************************************************************************************************************************************************************
2026-01-11 20:52:07,667 p=161429 u=ruslan n=ansible INFO| skipping: [node_gw]
2026-01-11 20:52:09,316 p=161429 u=ruslan n=ansible INFO| changed: [node3]
2026-01-11 20:52:09,370 p=161429 u=ruslan n=ansible INFO| changed: [node1]
2026-01-11 20:52:09,374 p=161429 u=ruslan n=ansible INFO| changed: [node0]
2026-01-11 20:52:09,653 p=161429 u=ruslan n=ansible INFO| changed: [gitlab]
2026-01-11 20:52:09,658 p=161429 u=ruslan n=ansible INFO| TASK [Remove /etc/wireguard] *********************************************************************************************************************************************************************************
2026-01-11 20:52:10,314 p=161429 u=ruslan n=ansible INFO| changed: [node0]
2026-01-11 20:52:10,315 p=161429 u=ruslan n=ansible INFO| changed: [node1]
2026-01-11 20:52:10,321 p=161429 u=ruslan n=ansible INFO| changed: [node3]
2026-01-11 20:52:10,343 p=161429 u=ruslan n=ansible INFO| changed: [gitlab]
2026-01-11 20:52:11,051 p=161429 u=ruslan n=ansible INFO| changed: [node_gw]
2026-01-11 20:52:11,052 p=161429 u=ruslan n=ansible INFO| PLAY RECAP ***************************************************************************************************************************************************************************************************
2026-01-11 20:52:11,052 p=161429 u=ruslan n=ansible INFO| gitlab                     : ok=5    changed=4    unreachable=0    failed=0    skipped=0    rescued=0    ignored=0   
2026-01-11 20:52:11,052 p=161429 u=ruslan n=ansible INFO| node0                      : ok=5    changed=4    unreachable=0    failed=0    skipped=0    rescued=0    ignored=0   
2026-01-11 20:52:11,052 p=161429 u=ruslan n=ansible INFO| node1                      : ok=5    changed=4    unreachable=0    failed=0    skipped=0    rescued=0    ignored=0   
2026-01-11 20:52:11,052 p=161429 u=ruslan n=ansible INFO| node3                      : ok=5    changed=4    unreachable=0    failed=0    skipped=0    rescued=0    ignored=0   
2026-01-11 20:52:11,052 p=161429 u=ruslan n=ansible INFO| node_gw                    : ok=4    changed=3    unreachable=0    failed=0    skipped=1    rescued=0    ignored=0   
2026-01-11 20:53:12,485 p=162411 u=ruslan n=ansible ERROR| [ERROR]: Unexpected Exception, this is probably a bug: 'MonkeyPatchedIntrospectiveArgumentParser' object has no attribute '_action_conflicts'

Traceback (most recent call last):
  File "/home/ruslan/.local/lib/python3.12/site-packages/ansible/cli/__init__.py", line 661, in cli_executor
    exit_code = cli.run()
                ^^^^^^^^^
  File "/home/ruslan/.local/lib/python3.12/site-packages/ansible/cli/playbook.py", line 90, in run
    super(PlaybookCLI, self).run()
  File "/home/ruslan/.local/lib/python3.12/site-packages/ansible/cli/__init__.py", line 172, in run
    self.parse()
  File "/home/ruslan/.local/lib/python3.12/site-packages/ansible/cli/__init__.py", line 465, in parse
    argcomplete.autocomplete(self.parser)
  File "/usr/lib/python3.12/site-packages/argcomplete/finders.py", line 176, in __call__
    completions = self._get_completions(comp_words, cword_prefix, cword_prequote, last_wordbreak_pos)
                  ^^^^^^^^^^^^^^^^^^^^^^^^^^^^^^^^^^^^^^^^^^^^^^^^^^^^^^^^^^^^^^^^^^^^^^^^^^^^^^^^^^^
  File "/usr/lib/python3.12/site-packages/argcomplete/finders.py", line 212, in _get_completions
    completions = self.collect_completions(active_parsers, parsed_args, cword_prefix)
                  ^^^^^^^^^^^^^^^^^^^^^^^^^^^^^^^^^^^^^^^^^^^^^^^^^^^^^^^^^^^^^^^^^^^
  File "/usr/lib/python3.12/site-packages/argcomplete/finders.py", line 429, in collect_completions
    completions += self._get_option_completions(active_parser, cword_prefix)
                   ^^^^^^^^^^^^^^^^^^^^^^^^^^^^^^^^^^^^^^^^^^^^^^^^^^^^^^^^^
  File "/usr/lib/python3.12/site-packages/argcomplete/finders.py", line 315, in _get_option_completions
    if not self._action_allowed(action, parser):
           ^^^^^^^^^^^^^^^^^^^^^^^^^^^^^^^^^^^^
  File "/usr/lib/python3.12/site-packages/argcomplete/finders.py", line 325, in _action_allowed
    for conflict_action in parser._action_conflicts.get(action, []):
                           ^^^^^^^^^^^^^^^^^^^^^^^^
AttributeError: 'MonkeyPatchedIntrospectiveArgumentParser' object has no attribute '_action_conflicts'

The above exception was the direct cause of the following exception:

Traceback (most recent call last):
  File "/home/ruslan/.local/lib/python3.12/site-packages/ansible/cli/__init__.py", line 670, in cli_executor
    raise AnsibleError("Unexpected Exception, this is probably a bug.") from ex
ansible.errors.AnsibleError: Unexpected Exception, this is probably a bug: 'MonkeyPatchedIntrospectiveArgumentParser' object has no attribute '_action_conflicts'


2026-01-11 20:53:14,127 p=162431 u=ruslan n=ansible ERROR| [ERROR]: Unexpected Exception, this is probably a bug: 'MonkeyPatchedIntrospectiveArgumentParser' object has no attribute '_action_conflicts'

Traceback (most recent call last):
  File "/home/ruslan/.local/lib/python3.12/site-packages/ansible/cli/__init__.py", line 661, in cli_executor
    exit_code = cli.run()
                ^^^^^^^^^
  File "/home/ruslan/.local/lib/python3.12/site-packages/ansible/cli/playbook.py", line 90, in run
    super(PlaybookCLI, self).run()
  File "/home/ruslan/.local/lib/python3.12/site-packages/ansible/cli/__init__.py", line 172, in run
    self.parse()
  File "/home/ruslan/.local/lib/python3.12/site-packages/ansible/cli/__init__.py", line 465, in parse
    argcomplete.autocomplete(self.parser)
  File "/usr/lib/python3.12/site-packages/argcomplete/finders.py", line 176, in __call__
    completions = self._get_completions(comp_words, cword_prefix, cword_prequote, last_wordbreak_pos)
                  ^^^^^^^^^^^^^^^^^^^^^^^^^^^^^^^^^^^^^^^^^^^^^^^^^^^^^^^^^^^^^^^^^^^^^^^^^^^^^^^^^^^
  File "/usr/lib/python3.12/site-packages/argcomplete/finders.py", line 212, in _get_completions
    completions = self.collect_completions(active_parsers, parsed_args, cword_prefix)
                  ^^^^^^^^^^^^^^^^^^^^^^^^^^^^^^^^^^^^^^^^^^^^^^^^^^^^^^^^^^^^^^^^^^^
  File "/usr/lib/python3.12/site-packages/argcomplete/finders.py", line 429, in collect_completions
    completions += self._get_option_completions(active_parser, cword_prefix)
                   ^^^^^^^^^^^^^^^^^^^^^^^^^^^^^^^^^^^^^^^^^^^^^^^^^^^^^^^^^
  File "/usr/lib/python3.12/site-packages/argcomplete/finders.py", line 315, in _get_option_completions
    if not self._action_allowed(action, parser):
           ^^^^^^^^^^^^^^^^^^^^^^^^^^^^^^^^^^^^
  File "/usr/lib/python3.12/site-packages/argcomplete/finders.py", line 325, in _action_allowed
    for conflict_action in parser._action_conflicts.get(action, []):
                           ^^^^^^^^^^^^^^^^^^^^^^^^
AttributeError: 'MonkeyPatchedIntrospectiveArgumentParser' object has no attribute '_action_conflicts'

The above exception was the direct cause of the following exception:

Traceback (most recent call last):
  File "/home/ruslan/.local/lib/python3.12/site-packages/ansible/cli/__init__.py", line 670, in cli_executor
    raise AnsibleError("Unexpected Exception, this is probably a bug.") from ex
ansible.errors.AnsibleError: Unexpected Exception, this is probably a bug: 'MonkeyPatchedIntrospectiveArgumentParser' object has no attribute '_action_conflicts'


2026-01-11 20:53:17,257 p=162457 u=ruslan n=ansible ERROR| [ERROR]: Unexpected Exception, this is probably a bug: 'MonkeyPatchedIntrospectiveArgumentParser' object has no attribute '_action_conflicts'

Traceback (most recent call last):
  File "/home/ruslan/.local/lib/python3.12/site-packages/ansible/cli/__init__.py", line 661, in cli_executor
    exit_code = cli.run()
                ^^^^^^^^^
  File "/home/ruslan/.local/lib/python3.12/site-packages/ansible/cli/playbook.py", line 90, in run
    super(PlaybookCLI, self).run()
  File "/home/ruslan/.local/lib/python3.12/site-packages/ansible/cli/__init__.py", line 172, in run
    self.parse()
  File "/home/ruslan/.local/lib/python3.12/site-packages/ansible/cli/__init__.py", line 465, in parse
    argcomplete.autocomplete(self.parser)
  File "/usr/lib/python3.12/site-packages/argcomplete/finders.py", line 176, in __call__
    completions = self._get_completions(comp_words, cword_prefix, cword_prequote, last_wordbreak_pos)
                  ^^^^^^^^^^^^^^^^^^^^^^^^^^^^^^^^^^^^^^^^^^^^^^^^^^^^^^^^^^^^^^^^^^^^^^^^^^^^^^^^^^^
  File "/usr/lib/python3.12/site-packages/argcomplete/finders.py", line 212, in _get_completions
    completions = self.collect_completions(active_parsers, parsed_args, cword_prefix)
                  ^^^^^^^^^^^^^^^^^^^^^^^^^^^^^^^^^^^^^^^^^^^^^^^^^^^^^^^^^^^^^^^^^^^
  File "/usr/lib/python3.12/site-packages/argcomplete/finders.py", line 429, in collect_completions
    completions += self._get_option_completions(active_parser, cword_prefix)
                   ^^^^^^^^^^^^^^^^^^^^^^^^^^^^^^^^^^^^^^^^^^^^^^^^^^^^^^^^^
  File "/usr/lib/python3.12/site-packages/argcomplete/finders.py", line 315, in _get_option_completions
    if not self._action_allowed(action, parser):
           ^^^^^^^^^^^^^^^^^^^^^^^^^^^^^^^^^^^^
  File "/usr/lib/python3.12/site-packages/argcomplete/finders.py", line 325, in _action_allowed
    for conflict_action in parser._action_conflicts.get(action, []):
                           ^^^^^^^^^^^^^^^^^^^^^^^^
AttributeError: 'MonkeyPatchedIntrospectiveArgumentParser' object has no attribute '_action_conflicts'

The above exception was the direct cause of the following exception:

Traceback (most recent call last):
  File "/home/ruslan/.local/lib/python3.12/site-packages/ansible/cli/__init__.py", line 670, in cli_executor
    raise AnsibleError("Unexpected Exception, this is probably a bug.") from ex
ansible.errors.AnsibleError: Unexpected Exception, this is probably a bug: 'MonkeyPatchedIntrospectiveArgumentParser' object has no attribute '_action_conflicts'


2026-01-11 20:53:18,520 p=162471 u=ruslan n=ansible ERROR| [ERROR]: Unexpected Exception, this is probably a bug: 'MonkeyPatchedIntrospectiveArgumentParser' object has no attribute '_action_conflicts'

Traceback (most recent call last):
  File "/home/ruslan/.local/lib/python3.12/site-packages/ansible/cli/__init__.py", line 661, in cli_executor
    exit_code = cli.run()
                ^^^^^^^^^
  File "/home/ruslan/.local/lib/python3.12/site-packages/ansible/cli/playbook.py", line 90, in run
    super(PlaybookCLI, self).run()
  File "/home/ruslan/.local/lib/python3.12/site-packages/ansible/cli/__init__.py", line 172, in run
    self.parse()
  File "/home/ruslan/.local/lib/python3.12/site-packages/ansible/cli/__init__.py", line 465, in parse
    argcomplete.autocomplete(self.parser)
  File "/usr/lib/python3.12/site-packages/argcomplete/finders.py", line 176, in __call__
    completions = self._get_completions(comp_words, cword_prefix, cword_prequote, last_wordbreak_pos)
                  ^^^^^^^^^^^^^^^^^^^^^^^^^^^^^^^^^^^^^^^^^^^^^^^^^^^^^^^^^^^^^^^^^^^^^^^^^^^^^^^^^^^
  File "/usr/lib/python3.12/site-packages/argcomplete/finders.py", line 212, in _get_completions
    completions = self.collect_completions(active_parsers, parsed_args, cword_prefix)
                  ^^^^^^^^^^^^^^^^^^^^^^^^^^^^^^^^^^^^^^^^^^^^^^^^^^^^^^^^^^^^^^^^^^^
  File "/usr/lib/python3.12/site-packages/argcomplete/finders.py", line 429, in collect_completions
    completions += self._get_option_completions(active_parser, cword_prefix)
                   ^^^^^^^^^^^^^^^^^^^^^^^^^^^^^^^^^^^^^^^^^^^^^^^^^^^^^^^^^
  File "/usr/lib/python3.12/site-packages/argcomplete/finders.py", line 315, in _get_option_completions
    if not self._action_allowed(action, parser):
           ^^^^^^^^^^^^^^^^^^^^^^^^^^^^^^^^^^^^
  File "/usr/lib/python3.12/site-packages/argcomplete/finders.py", line 325, in _action_allowed
    for conflict_action in parser._action_conflicts.get(action, []):
                           ^^^^^^^^^^^^^^^^^^^^^^^^
AttributeError: 'MonkeyPatchedIntrospectiveArgumentParser' object has no attribute '_action_conflicts'

The above exception was the direct cause of the following exception:

Traceback (most recent call last):
  File "/home/ruslan/.local/lib/python3.12/site-packages/ansible/cli/__init__.py", line 670, in cli_executor
    raise AnsibleError("Unexpected Exception, this is probably a bug.") from ex
ansible.errors.AnsibleError: Unexpected Exception, this is probably a bug: 'MonkeyPatchedIntrospectiveArgumentParser' object has no attribute '_action_conflicts'


2026-01-11 20:53:19,307 p=162479 u=ruslan n=ansible INFO| PLAY [all] ***************************************************************************************************************************************************************************************************
2026-01-11 20:53:19,314 p=162479 u=ruslan n=ansible INFO| TASK [Gathering Facts] ***************************************************************************************************************************************************************************************
2026-01-11 20:53:20,735 p=162479 u=ruslan n=ansible INFO| ok: [node1]
2026-01-11 20:53:20,862 p=162479 u=ruslan n=ansible INFO| ok: [node3]
2026-01-11 20:53:20,907 p=162479 u=ruslan n=ansible INFO| ok: [node0]
2026-01-11 20:53:21,912 p=162479 u=ruslan n=ansible INFO| ok: [gitlab]
2026-01-11 20:53:23,387 p=162479 u=ruslan n=ansible INFO| ok: [node_gw]
2026-01-11 20:53:23,412 p=162479 u=ruslan n=ansible INFO| TASK [Install epel-release] **********************************************************************************************************************************************************************************
2026-01-11 20:53:23,428 p=162479 u=ruslan n=ansible INFO| skipping: [node_gw]
2026-01-11 20:53:25,540 p=162479 u=ruslan n=ansible INFO| changed: [node3]
2026-01-11 20:53:25,598 p=162479 u=ruslan n=ansible INFO| changed: [node1]
2026-01-11 20:53:25,629 p=162479 u=ruslan n=ansible INFO| changed: [node0]
2026-01-11 20:53:25,839 p=162479 u=ruslan n=ansible INFO| changed: [gitlab]
2026-01-11 20:53:25,843 p=162479 u=ruslan n=ansible INFO| TASK [Install  wg] *******************************************************************************************************************************************************************************************
2026-01-11 20:53:30,898 p=162479 u=ruslan n=ansible INFO| changed: [node1]
2026-01-11 20:53:31,461 p=162479 u=ruslan n=ansible INFO| changed: [node0]
2026-01-11 20:53:33,680 p=162479 u=ruslan n=ansible INFO| changed: [node3]
2026-01-11 20:53:35,334 p=162479 u=ruslan n=ansible INFO| changed: [node_gw]
2026-01-11 20:53:37,748 p=162479 u=ruslan n=ansible INFO| changed: [gitlab]
2026-01-11 20:53:37,749 p=162479 u=ruslan n=ansible INFO| PLAY RECAP ***************************************************************************************************************************************************************************************************
2026-01-11 20:53:37,750 p=162479 u=ruslan n=ansible INFO| gitlab                     : ok=3    changed=2    unreachable=0    failed=0    skipped=0    rescued=0    ignored=0   
2026-01-11 20:53:37,750 p=162479 u=ruslan n=ansible INFO| node0                      : ok=3    changed=2    unreachable=0    failed=0    skipped=0    rescued=0    ignored=0   
2026-01-11 20:53:37,750 p=162479 u=ruslan n=ansible INFO| node1                      : ok=3    changed=2    unreachable=0    failed=0    skipped=0    rescued=0    ignored=0   
2026-01-11 20:53:37,750 p=162479 u=ruslan n=ansible INFO| node3                      : ok=3    changed=2    unreachable=0    failed=0    skipped=0    rescued=0    ignored=0   
2026-01-11 20:53:37,750 p=162479 u=ruslan n=ansible INFO| node_gw                    : ok=2    changed=1    unreachable=0    failed=0    skipped=1    rescued=0    ignored=0   
2026-01-11 20:53:43,661 p=162845 u=ruslan n=ansible ERROR| [ERROR]: Unexpected Exception, this is probably a bug: 'MonkeyPatchedIntrospectiveArgumentParser' object has no attribute '_action_conflicts'

Traceback (most recent call last):
  File "/home/ruslan/.local/lib/python3.12/site-packages/ansible/cli/__init__.py", line 661, in cli_executor
    exit_code = cli.run()
                ^^^^^^^^^
  File "/home/ruslan/.local/lib/python3.12/site-packages/ansible/cli/playbook.py", line 90, in run
    super(PlaybookCLI, self).run()
  File "/home/ruslan/.local/lib/python3.12/site-packages/ansible/cli/__init__.py", line 172, in run
    self.parse()
  File "/home/ruslan/.local/lib/python3.12/site-packages/ansible/cli/__init__.py", line 465, in parse
    argcomplete.autocomplete(self.parser)
  File "/usr/lib/python3.12/site-packages/argcomplete/finders.py", line 176, in __call__
    completions = self._get_completions(comp_words, cword_prefix, cword_prequote, last_wordbreak_pos)
                  ^^^^^^^^^^^^^^^^^^^^^^^^^^^^^^^^^^^^^^^^^^^^^^^^^^^^^^^^^^^^^^^^^^^^^^^^^^^^^^^^^^^
  File "/usr/lib/python3.12/site-packages/argcomplete/finders.py", line 212, in _get_completions
    completions = self.collect_completions(active_parsers, parsed_args, cword_prefix)
                  ^^^^^^^^^^^^^^^^^^^^^^^^^^^^^^^^^^^^^^^^^^^^^^^^^^^^^^^^^^^^^^^^^^^
  File "/usr/lib/python3.12/site-packages/argcomplete/finders.py", line 429, in collect_completions
    completions += self._get_option_completions(active_parser, cword_prefix)
                   ^^^^^^^^^^^^^^^^^^^^^^^^^^^^^^^^^^^^^^^^^^^^^^^^^^^^^^^^^
  File "/usr/lib/python3.12/site-packages/argcomplete/finders.py", line 315, in _get_option_completions
    if not self._action_allowed(action, parser):
           ^^^^^^^^^^^^^^^^^^^^^^^^^^^^^^^^^^^^
  File "/usr/lib/python3.12/site-packages/argcomplete/finders.py", line 325, in _action_allowed
    for conflict_action in parser._action_conflicts.get(action, []):
                           ^^^^^^^^^^^^^^^^^^^^^^^^
AttributeError: 'MonkeyPatchedIntrospectiveArgumentParser' object has no attribute '_action_conflicts'

The above exception was the direct cause of the following exception:

Traceback (most recent call last):
  File "/home/ruslan/.local/lib/python3.12/site-packages/ansible/cli/__init__.py", line 670, in cli_executor
    raise AnsibleError("Unexpected Exception, this is probably a bug.") from ex
ansible.errors.AnsibleError: Unexpected Exception, this is probably a bug: 'MonkeyPatchedIntrospectiveArgumentParser' object has no attribute '_action_conflicts'


2026-01-11 20:53:46,263 p=162871 u=ruslan n=ansible ERROR| [ERROR]: Unexpected Exception, this is probably a bug: 'MonkeyPatchedIntrospectiveArgumentParser' object has no attribute '_action_conflicts'

Traceback (most recent call last):
  File "/home/ruslan/.local/lib/python3.12/site-packages/ansible/cli/__init__.py", line 661, in cli_executor
    exit_code = cli.run()
                ^^^^^^^^^
  File "/home/ruslan/.local/lib/python3.12/site-packages/ansible/cli/playbook.py", line 90, in run
    super(PlaybookCLI, self).run()
  File "/home/ruslan/.local/lib/python3.12/site-packages/ansible/cli/__init__.py", line 172, in run
    self.parse()
  File "/home/ruslan/.local/lib/python3.12/site-packages/ansible/cli/__init__.py", line 465, in parse
    argcomplete.autocomplete(self.parser)
  File "/usr/lib/python3.12/site-packages/argcomplete/finders.py", line 176, in __call__
    completions = self._get_completions(comp_words, cword_prefix, cword_prequote, last_wordbreak_pos)
                  ^^^^^^^^^^^^^^^^^^^^^^^^^^^^^^^^^^^^^^^^^^^^^^^^^^^^^^^^^^^^^^^^^^^^^^^^^^^^^^^^^^^
  File "/usr/lib/python3.12/site-packages/argcomplete/finders.py", line 212, in _get_completions
    completions = self.collect_completions(active_parsers, parsed_args, cword_prefix)
                  ^^^^^^^^^^^^^^^^^^^^^^^^^^^^^^^^^^^^^^^^^^^^^^^^^^^^^^^^^^^^^^^^^^^
  File "/usr/lib/python3.12/site-packages/argcomplete/finders.py", line 429, in collect_completions
    completions += self._get_option_completions(active_parser, cword_prefix)
                   ^^^^^^^^^^^^^^^^^^^^^^^^^^^^^^^^^^^^^^^^^^^^^^^^^^^^^^^^^
  File "/usr/lib/python3.12/site-packages/argcomplete/finders.py", line 315, in _get_option_completions
    if not self._action_allowed(action, parser):
           ^^^^^^^^^^^^^^^^^^^^^^^^^^^^^^^^^^^^
  File "/usr/lib/python3.12/site-packages/argcomplete/finders.py", line 325, in _action_allowed
    for conflict_action in parser._action_conflicts.get(action, []):
                           ^^^^^^^^^^^^^^^^^^^^^^^^
AttributeError: 'MonkeyPatchedIntrospectiveArgumentParser' object has no attribute '_action_conflicts'

The above exception was the direct cause of the following exception:

Traceback (most recent call last):
  File "/home/ruslan/.local/lib/python3.12/site-packages/ansible/cli/__init__.py", line 670, in cli_executor
    raise AnsibleError("Unexpected Exception, this is probably a bug.") from ex
ansible.errors.AnsibleError: Unexpected Exception, this is probably a bug: 'MonkeyPatchedIntrospectiveArgumentParser' object has no attribute '_action_conflicts'


2026-01-11 20:53:47,430 p=162885 u=ruslan n=ansible ERROR| [ERROR]: Unexpected Exception, this is probably a bug: 'MonkeyPatchedIntrospectiveArgumentParser' object has no attribute '_action_conflicts'

Traceback (most recent call last):
  File "/home/ruslan/.local/lib/python3.12/site-packages/ansible/cli/__init__.py", line 661, in cli_executor
    exit_code = cli.run()
                ^^^^^^^^^
  File "/home/ruslan/.local/lib/python3.12/site-packages/ansible/cli/playbook.py", line 90, in run
    super(PlaybookCLI, self).run()
  File "/home/ruslan/.local/lib/python3.12/site-packages/ansible/cli/__init__.py", line 172, in run
    self.parse()
  File "/home/ruslan/.local/lib/python3.12/site-packages/ansible/cli/__init__.py", line 465, in parse
    argcomplete.autocomplete(self.parser)
  File "/usr/lib/python3.12/site-packages/argcomplete/finders.py", line 176, in __call__
    completions = self._get_completions(comp_words, cword_prefix, cword_prequote, last_wordbreak_pos)
                  ^^^^^^^^^^^^^^^^^^^^^^^^^^^^^^^^^^^^^^^^^^^^^^^^^^^^^^^^^^^^^^^^^^^^^^^^^^^^^^^^^^^
  File "/usr/lib/python3.12/site-packages/argcomplete/finders.py", line 212, in _get_completions
    completions = self.collect_completions(active_parsers, parsed_args, cword_prefix)
                  ^^^^^^^^^^^^^^^^^^^^^^^^^^^^^^^^^^^^^^^^^^^^^^^^^^^^^^^^^^^^^^^^^^^
  File "/usr/lib/python3.12/site-packages/argcomplete/finders.py", line 429, in collect_completions
    completions += self._get_option_completions(active_parser, cword_prefix)
                   ^^^^^^^^^^^^^^^^^^^^^^^^^^^^^^^^^^^^^^^^^^^^^^^^^^^^^^^^^
  File "/usr/lib/python3.12/site-packages/argcomplete/finders.py", line 315, in _get_option_completions
    if not self._action_allowed(action, parser):
           ^^^^^^^^^^^^^^^^^^^^^^^^^^^^^^^^^^^^
  File "/usr/lib/python3.12/site-packages/argcomplete/finders.py", line 325, in _action_allowed
    for conflict_action in parser._action_conflicts.get(action, []):
                           ^^^^^^^^^^^^^^^^^^^^^^^^
AttributeError: 'MonkeyPatchedIntrospectiveArgumentParser' object has no attribute '_action_conflicts'

The above exception was the direct cause of the following exception:

Traceback (most recent call last):
  File "/home/ruslan/.local/lib/python3.12/site-packages/ansible/cli/__init__.py", line 670, in cli_executor
    raise AnsibleError("Unexpected Exception, this is probably a bug.") from ex
ansible.errors.AnsibleError: Unexpected Exception, this is probably a bug: 'MonkeyPatchedIntrospectiveArgumentParser' object has no attribute '_action_conflicts'


2026-01-11 20:58:45,429 p=164820 u=ruslan n=ansible ERROR| [ERROR]: Unexpected Exception, this is probably a bug: 'MonkeyPatchedIntrospectiveArgumentParser' object has no attribute '_action_conflicts'

Traceback (most recent call last):
  File "/home/ruslan/.local/lib/python3.12/site-packages/ansible/cli/__init__.py", line 661, in cli_executor
    exit_code = cli.run()
                ^^^^^^^^^
  File "/home/ruslan/.local/lib/python3.12/site-packages/ansible/cli/playbook.py", line 90, in run
    super(PlaybookCLI, self).run()
  File "/home/ruslan/.local/lib/python3.12/site-packages/ansible/cli/__init__.py", line 172, in run
    self.parse()
  File "/home/ruslan/.local/lib/python3.12/site-packages/ansible/cli/__init__.py", line 465, in parse
    argcomplete.autocomplete(self.parser)
  File "/usr/lib/python3.12/site-packages/argcomplete/finders.py", line 176, in __call__
    completions = self._get_completions(comp_words, cword_prefix, cword_prequote, last_wordbreak_pos)
                  ^^^^^^^^^^^^^^^^^^^^^^^^^^^^^^^^^^^^^^^^^^^^^^^^^^^^^^^^^^^^^^^^^^^^^^^^^^^^^^^^^^^
  File "/usr/lib/python3.12/site-packages/argcomplete/finders.py", line 212, in _get_completions
    completions = self.collect_completions(active_parsers, parsed_args, cword_prefix)
                  ^^^^^^^^^^^^^^^^^^^^^^^^^^^^^^^^^^^^^^^^^^^^^^^^^^^^^^^^^^^^^^^^^^^
  File "/usr/lib/python3.12/site-packages/argcomplete/finders.py", line 429, in collect_completions
    completions += self._get_option_completions(active_parser, cword_prefix)
                   ^^^^^^^^^^^^^^^^^^^^^^^^^^^^^^^^^^^^^^^^^^^^^^^^^^^^^^^^^
  File "/usr/lib/python3.12/site-packages/argcomplete/finders.py", line 315, in _get_option_completions
    if not self._action_allowed(action, parser):
           ^^^^^^^^^^^^^^^^^^^^^^^^^^^^^^^^^^^^
  File "/usr/lib/python3.12/site-packages/argcomplete/finders.py", line 325, in _action_allowed
    for conflict_action in parser._action_conflicts.get(action, []):
                           ^^^^^^^^^^^^^^^^^^^^^^^^
AttributeError: 'MonkeyPatchedIntrospectiveArgumentParser' object has no attribute '_action_conflicts'

The above exception was the direct cause of the following exception:

Traceback (most recent call last):
  File "/home/ruslan/.local/lib/python3.12/site-packages/ansible/cli/__init__.py", line 670, in cli_executor
    raise AnsibleError("Unexpected Exception, this is probably a bug.") from ex
ansible.errors.AnsibleError: Unexpected Exception, this is probably a bug: 'MonkeyPatchedIntrospectiveArgumentParser' object has no attribute '_action_conflicts'


2026-01-11 20:58:47,922 p=164840 u=ruslan n=ansible ERROR| [ERROR]: Unexpected Exception, this is probably a bug: 'MonkeyPatchedIntrospectiveArgumentParser' object has no attribute '_action_conflicts'

Traceback (most recent call last):
  File "/home/ruslan/.local/lib/python3.12/site-packages/ansible/cli/__init__.py", line 661, in cli_executor
    exit_code = cli.run()
                ^^^^^^^^^
  File "/home/ruslan/.local/lib/python3.12/site-packages/ansible/cli/playbook.py", line 90, in run
    super(PlaybookCLI, self).run()
  File "/home/ruslan/.local/lib/python3.12/site-packages/ansible/cli/__init__.py", line 172, in run
    self.parse()
  File "/home/ruslan/.local/lib/python3.12/site-packages/ansible/cli/__init__.py", line 465, in parse
    argcomplete.autocomplete(self.parser)
  File "/usr/lib/python3.12/site-packages/argcomplete/finders.py", line 176, in __call__
    completions = self._get_completions(comp_words, cword_prefix, cword_prequote, last_wordbreak_pos)
                  ^^^^^^^^^^^^^^^^^^^^^^^^^^^^^^^^^^^^^^^^^^^^^^^^^^^^^^^^^^^^^^^^^^^^^^^^^^^^^^^^^^^
  File "/usr/lib/python3.12/site-packages/argcomplete/finders.py", line 212, in _get_completions
    completions = self.collect_completions(active_parsers, parsed_args, cword_prefix)
                  ^^^^^^^^^^^^^^^^^^^^^^^^^^^^^^^^^^^^^^^^^^^^^^^^^^^^^^^^^^^^^^^^^^^
  File "/usr/lib/python3.12/site-packages/argcomplete/finders.py", line 429, in collect_completions
    completions += self._get_option_completions(active_parser, cword_prefix)
                   ^^^^^^^^^^^^^^^^^^^^^^^^^^^^^^^^^^^^^^^^^^^^^^^^^^^^^^^^^
  File "/usr/lib/python3.12/site-packages/argcomplete/finders.py", line 315, in _get_option_completions
    if not self._action_allowed(action, parser):
           ^^^^^^^^^^^^^^^^^^^^^^^^^^^^^^^^^^^^
  File "/usr/lib/python3.12/site-packages/argcomplete/finders.py", line 325, in _action_allowed
    for conflict_action in parser._action_conflicts.get(action, []):
                           ^^^^^^^^^^^^^^^^^^^^^^^^
AttributeError: 'MonkeyPatchedIntrospectiveArgumentParser' object has no attribute '_action_conflicts'

The above exception was the direct cause of the following exception:

Traceback (most recent call last):
  File "/home/ruslan/.local/lib/python3.12/site-packages/ansible/cli/__init__.py", line 670, in cli_executor
    raise AnsibleError("Unexpected Exception, this is probably a bug.") from ex
ansible.errors.AnsibleError: Unexpected Exception, this is probably a bug: 'MonkeyPatchedIntrospectiveArgumentParser' object has no attribute '_action_conflicts'


2026-01-11 20:58:48,581 p=164854 u=ruslan n=ansible ERROR| [ERROR]: Unexpected Exception, this is probably a bug: 'MonkeyPatchedIntrospectiveArgumentParser' object has no attribute '_action_conflicts'

Traceback (most recent call last):
  File "/home/ruslan/.local/lib/python3.12/site-packages/ansible/cli/__init__.py", line 661, in cli_executor
    exit_code = cli.run()
                ^^^^^^^^^
  File "/home/ruslan/.local/lib/python3.12/site-packages/ansible/cli/playbook.py", line 90, in run
    super(PlaybookCLI, self).run()
  File "/home/ruslan/.local/lib/python3.12/site-packages/ansible/cli/__init__.py", line 172, in run
    self.parse()
  File "/home/ruslan/.local/lib/python3.12/site-packages/ansible/cli/__init__.py", line 465, in parse
    argcomplete.autocomplete(self.parser)
  File "/usr/lib/python3.12/site-packages/argcomplete/finders.py", line 176, in __call__
    completions = self._get_completions(comp_words, cword_prefix, cword_prequote, last_wordbreak_pos)
                  ^^^^^^^^^^^^^^^^^^^^^^^^^^^^^^^^^^^^^^^^^^^^^^^^^^^^^^^^^^^^^^^^^^^^^^^^^^^^^^^^^^^
  File "/usr/lib/python3.12/site-packages/argcomplete/finders.py", line 212, in _get_completions
    completions = self.collect_completions(active_parsers, parsed_args, cword_prefix)
                  ^^^^^^^^^^^^^^^^^^^^^^^^^^^^^^^^^^^^^^^^^^^^^^^^^^^^^^^^^^^^^^^^^^^
  File "/usr/lib/python3.12/site-packages/argcomplete/finders.py", line 429, in collect_completions
    completions += self._get_option_completions(active_parser, cword_prefix)
                   ^^^^^^^^^^^^^^^^^^^^^^^^^^^^^^^^^^^^^^^^^^^^^^^^^^^^^^^^^
  File "/usr/lib/python3.12/site-packages/argcomplete/finders.py", line 315, in _get_option_completions
    if not self._action_allowed(action, parser):
           ^^^^^^^^^^^^^^^^^^^^^^^^^^^^^^^^^^^^
  File "/usr/lib/python3.12/site-packages/argcomplete/finders.py", line 325, in _action_allowed
    for conflict_action in parser._action_conflicts.get(action, []):
                           ^^^^^^^^^^^^^^^^^^^^^^^^
AttributeError: 'MonkeyPatchedIntrospectiveArgumentParser' object has no attribute '_action_conflicts'

The above exception was the direct cause of the following exception:

Traceback (most recent call last):
  File "/home/ruslan/.local/lib/python3.12/site-packages/ansible/cli/__init__.py", line 670, in cli_executor
    raise AnsibleError("Unexpected Exception, this is probably a bug.") from ex
ansible.errors.AnsibleError: Unexpected Exception, this is probably a bug: 'MonkeyPatchedIntrospectiveArgumentParser' object has no attribute '_action_conflicts'


2026-01-11 20:58:58,149 p=164916 u=ruslan n=ansible INFO| ansible-playbook [core 2.20.1]
  config file = /home/ruslan/wg-ansible-deploy/ansible.cfg
  configured module search path = ['/home/ruslan/.ansible/plugins/modules', '/usr/share/ansible/plugins/modules']
  ansible python module location = /home/ruslan/.local/lib/python3.12/site-packages/ansible
  ansible collection location = /home/ruslan/.ansible/collections:/usr/share/ansible/collections
  executable location = /home/ruslan/.local/bin/ansible-playbook
  python version = 3.12.12 (main, Oct 10 2025, 00:00:00) [GCC 14.3.1 20250617 (Red Hat 14.3.1-2)] (/usr/bin/python3)
  jinja version = 3.1.6
  pyyaml version = 6.0.1 (with libyaml v0.2.5)
2026-01-11 20:58:58,149 p=164916 u=ruslan n=ansible INFO| Using /home/ruslan/wg-ansible-deploy/ansible.cfg as config file
2026-01-11 20:58:58,235 p=164916 u=ruslan n=ansible INFO| host_list declined parsing /home/ruslan/wg-ansible-deploy/inventory/inventory.ini as it did not pass its verify_file() method
2026-01-11 20:58:58,235 p=164916 u=ruslan n=ansible INFO| script declined parsing /home/ruslan/wg-ansible-deploy/inventory/inventory.ini as it did not pass its verify_file() method
2026-01-11 20:58:58,235 p=164916 u=ruslan n=ansible INFO| auto declined parsing /home/ruslan/wg-ansible-deploy/inventory/inventory.ini as it did not pass its verify_file() method
2026-01-11 20:58:58,235 p=164916 u=ruslan n=ansible INFO| yaml declined parsing /home/ruslan/wg-ansible-deploy/inventory/inventory.ini as it did not pass its verify_file() method
2026-01-11 20:58:58,238 p=164916 u=ruslan n=ansible INFO| Parsed /home/ruslan/wg-ansible-deploy/inventory/inventory.ini inventory source with ini plugin
2026-01-11 20:58:58,298 p=164916 u=ruslan n=ansible INFO| redirecting (type: modules) ansible.builtin.sysctl to ansible.posix.sysctl
2026-01-11 20:58:58,327 p=164916 u=ruslan n=ansible INFO| Skipping callback 'minimal', as we already have a stdout callback.
2026-01-11 20:58:58,328 p=164916 u=ruslan n=ansible INFO| Skipping callback 'oneline', as we already have a stdout callback.
2026-01-11 20:58:58,328 p=164916 u=ruslan n=ansible INFO| PLAYBOOK: configure_wireguard_gateway.yaml *************************************
2026-01-11 20:58:58,328 p=164916 u=ruslan n=ansible INFO| 1 plays in playbooks/gateway/configure_wireguard_gateway.yaml
2026-01-11 20:58:58,329 p=164916 u=ruslan n=ansible INFO| PLAY [configure wireguard gateway] *********************************************
2026-01-11 20:58:58,336 p=164916 u=ruslan n=ansible INFO| TASK [Gathering Facts] *********************************************************
2026-01-11 20:58:58,336 p=164916 u=ruslan n=ansible INFO| task path: /home/ruslan/wg-ansible-deploy/playbooks/gateway/configure_wireguard_gateway.yaml:1
2026-01-11 20:58:58,349 p=164916 u=ruslan n=ansible INFO| <194.87.83.181> ESTABLISH SSH CONNECTION FOR USER: root
2026-01-11 20:58:58,349 p=164916 u=ruslan n=ansible INFO| <194.87.83.181> SSH: EXEC ssh -C -o ControlMaster=auto -o ControlPersist=60s -o StrictHostKeyChecking=no -o KbdInteractiveAuthentication=no -o PreferredAuthentications=gssapi-with-mic,gssapi-keyex,hostbased,publickey -o PasswordAuthentication=no -o 'User="root"' -o ConnectTimeout=10 -o 'ControlPath="/home/ruslan/.ansible/cp/6688fbee48"' -o NumberOfPasswordPrompts=1 194.87.83.181 '/bin/sh -c '"'"'echo ~root && sleep 0'"'"''
2026-01-11 20:58:59,789 p=164916 u=ruslan n=ansible INFO| <194.87.83.181> (0, b'/root\n', b'')
2026-01-11 20:58:59,790 p=164916 u=ruslan n=ansible INFO| <194.87.83.181> ESTABLISH SSH CONNECTION FOR USER: root
2026-01-11 20:58:59,790 p=164916 u=ruslan n=ansible INFO| <194.87.83.181> SSH: EXEC ssh -C -o ControlMaster=auto -o ControlPersist=60s -o StrictHostKeyChecking=no -o KbdInteractiveAuthentication=no -o PreferredAuthentications=gssapi-with-mic,gssapi-keyex,hostbased,publickey -o PasswordAuthentication=no -o 'User="root"' -o ConnectTimeout=10 -o 'ControlPath="/home/ruslan/.ansible/cp/6688fbee48"' -o NumberOfPasswordPrompts=1 194.87.83.181 '/bin/sh -c '"'"'( umask 77 && mkdir -p "` echo /root/.ansible/tmp `"&& mkdir "` echo /root/.ansible/tmp/ansible-tmp-1768154339.7896886-164919-202901122851357 `" && echo ansible-tmp-1768154339.7896886-164919-202901122851357="` echo /root/.ansible/tmp/ansible-tmp-1768154339.7896886-164919-202901122851357 `" ) && sleep 0'"'"''
2026-01-11 20:58:59,942 p=164916 u=ruslan n=ansible INFO| <194.87.83.181> (0, b'ansible-tmp-1768154339.7896886-164919-202901122851357=/root/.ansible/tmp/ansible-tmp-1768154339.7896886-164919-202901122851357\n', b'')
2026-01-11 20:59:00,160 p=164916 u=ruslan n=ansible INFO| <node_gw> Attempting python interpreter discovery.
2026-01-11 20:59:00,160 p=164916 u=ruslan n=ansible INFO| <194.87.83.181> ESTABLISH SSH CONNECTION FOR USER: root
2026-01-11 20:59:00,160 p=164916 u=ruslan n=ansible INFO| <194.87.83.181> SSH: EXEC ssh -C -o ControlMaster=auto -o ControlPersist=60s -o StrictHostKeyChecking=no -o KbdInteractiveAuthentication=no -o PreferredAuthentications=gssapi-with-mic,gssapi-keyex,hostbased,publickey -o PasswordAuthentication=no -o 'User="root"' -o ConnectTimeout=10 -o 'ControlPath="/home/ruslan/.ansible/cp/6688fbee48"' -o NumberOfPasswordPrompts=1 194.87.83.181 '/bin/sh -c '"'"'echo FOUND; command -v '"'"'"'"'"'"'"'"'python3.14'"'"'"'"'"'"'"'"'; command -v '"'"'"'"'"'"'"'"'python3.13'"'"'"'"'"'"'"'"'; command -v '"'"'"'"'"'"'"'"'python3.12'"'"'"'"'"'"'"'"'; command -v '"'"'"'"'"'"'"'"'python3.11'"'"'"'"'"'"'"'"'; command -v '"'"'"'"'"'"'"'"'python3.10'"'"'"'"'"'"'"'"'; command -v '"'"'"'"'"'"'"'"'python3.9'"'"'"'"'"'"'"'"'; command -v '"'"'"'"'"'"'"'"'/usr/bin/python3'"'"'"'"'"'"'"'"'; command -v '"'"'"'"'"'"'"'"'python3'"'"'"'"'"'"'"'"'; echo ENDFOUND && sleep 0'"'"''
2026-01-11 20:59:00,263 p=164916 u=ruslan n=ansible INFO| <194.87.83.181> (0, b'FOUND\n/usr/bin/python3.12\n/usr/bin/python3\n/usr/bin/python3\nENDFOUND\n', b'')
2026-01-11 20:59:00,265 p=164916 u=ruslan n=ansible INFO| Using module file /home/ruslan/.local/lib/python3.12/site-packages/ansible/modules/setup.py
2026-01-11 20:59:00,266 p=164916 u=ruslan n=ansible INFO| <194.87.83.181> PUT /home/ruslan/.ansible/tmp/ansible-local-164916npi1p84s/tmplltjxxdo TO /root/.ansible/tmp/ansible-tmp-1768154339.7896886-164919-202901122851357/AnsiballZ_setup.py
2026-01-11 20:59:00,266 p=164916 u=ruslan n=ansible INFO| <194.87.83.181> SSH: EXEC sftp -b - -C -o ControlMaster=auto -o ControlPersist=60s -o StrictHostKeyChecking=no -o KbdInteractiveAuthentication=no -o PreferredAuthentications=gssapi-with-mic,gssapi-keyex,hostbased,publickey -o PasswordAuthentication=no -o 'User="root"' -o ConnectTimeout=10 -o 'ControlPath="/home/ruslan/.ansible/cp/6688fbee48"' -o NumberOfPasswordPrompts=1 '[194.87.83.181]'
2026-01-11 20:59:00,917 p=164916 u=ruslan n=ansible INFO| <194.87.83.181> (0, b'sftp> put /home/ruslan/.ansible/tmp/ansible-local-164916npi1p84s/tmplltjxxdo /root/.ansible/tmp/ansible-tmp-1768154339.7896886-164919-202901122851357/AnsiballZ_setup.py\n', b'')
2026-01-11 20:59:00,918 p=164916 u=ruslan n=ansible INFO| <194.87.83.181> ESTABLISH SSH CONNECTION FOR USER: root
2026-01-11 20:59:00,918 p=164916 u=ruslan n=ansible INFO| <194.87.83.181> SSH: EXEC ssh -C -o ControlMaster=auto -o ControlPersist=60s -o StrictHostKeyChecking=no -o KbdInteractiveAuthentication=no -o PreferredAuthentications=gssapi-with-mic,gssapi-keyex,hostbased,publickey -o PasswordAuthentication=no -o 'User="root"' -o ConnectTimeout=10 -o 'ControlPath="/home/ruslan/.ansible/cp/6688fbee48"' -o NumberOfPasswordPrompts=1 194.87.83.181 '/bin/sh -c '"'"'chmod u+rwx /root/.ansible/tmp/ansible-tmp-1768154339.7896886-164919-202901122851357/ /root/.ansible/tmp/ansible-tmp-1768154339.7896886-164919-202901122851357/AnsiballZ_setup.py && sleep 0'"'"''
2026-01-11 20:59:01,023 p=164916 u=ruslan n=ansible INFO| <194.87.83.181> (0, b'', b'')
2026-01-11 20:59:01,024 p=164916 u=ruslan n=ansible INFO| <194.87.83.181> ESTABLISH SSH CONNECTION FOR USER: root
2026-01-11 20:59:01,024 p=164916 u=ruslan n=ansible INFO| <194.87.83.181> SSH: EXEC ssh -C -o ControlMaster=auto -o ControlPersist=60s -o StrictHostKeyChecking=no -o KbdInteractiveAuthentication=no -o PreferredAuthentications=gssapi-with-mic,gssapi-keyex,hostbased,publickey -o PasswordAuthentication=no -o 'User="root"' -o ConnectTimeout=10 -o 'ControlPath="/home/ruslan/.ansible/cp/6688fbee48"' -o NumberOfPasswordPrompts=1 -tt 194.87.83.181 '/bin/sh -c '"'"'/usr/bin/python3.12 /root/.ansible/tmp/ansible-tmp-1768154339.7896886-164919-202901122851357/AnsiballZ_setup.py && sleep 0'"'"''
2026-01-11 20:59:02,270 p=164916 u=ruslan n=ansible INFO| <194.87.83.181> (0, b'\r\n{"ansible_facts": {"ansible_ssh_host_key_rsa_public": "AAAAB3NzaC1yc2EAAAADAQABAAABgQDozJEJn1IFXr0MlQ1oM7WTDpTtfUCWgMeyrcxq6ScjvpRqMSnOrNG5Q1uPwUBIErL9fAaqE7dp6g29OA4T9C/FEMVRSpK5mCrEHW+W8YgDUPrQ0mqH9A413Sq/wdFygSG0o54blN0ARGA7RvCeAH8/UI806r5TEIMx96ZOd4UgHZh2jrnc27l8206x9hR/Yn2PNqeSo95LxglADOBrV/kJOUal2y7gs0z9fgObTbKjcgvn8iyY1Lf3TjOfYlyb/OhRuadddD7h21xWyi9dMf2xJSK3RM1aZO6O08WMLLEllHqa2NivCxayr62WaHovdLEKtP4TdD0PWpFceX7jIJkWEItmJ8YegnhRuytEA0iRYPf9/HuWBCzKKgUUCo2mIB118otXvKDP9AnZsSoVFwfCkroE0VTAfyJxUhQOu1m3lJjYaaA8r2nHB/fblFysrXsgUefbzYnfMv1vDIwY/gkRcxAVunSB6OfxjhtCUgPdyHmbA66bIAJn3Qh4+hwWrt8=", "ansible_ssh_host_key_rsa_public_keytype": "ssh-rsa", "ansible_ssh_host_key_ecdsa_public": "AAAAE2VjZHNhLXNoYTItbmlzdHAyNTYAAAAIbmlzdHAyNTYAAABBBM4z0AVMkr3sF/ZEjyf66gekMRP1yr8ga9UpOW7ue9T5QW3D8XOhH2JegjKFJUgnPkbjzlVwWNkkvlvcLh5XPaA=", "ansible_ssh_host_key_ecdsa_public_keytype": "ecdsa-sha2-nistp256", "ansible_ssh_host_key_ed25519_public": "AAAAC3NzaC1lZDI1NTE5AAAAIJ0sbDLd4Aeq5108w1maUn4ZZgy//RD6GBMfcOBq1ql6", "ansible_ssh_host_key_ed25519_public_keytype": "ssh-ed25519", "ansible_apparmor": {"status": "enabled"}, "ansible_hostnqn": "", "ansible_system": "Linux", "ansible_kernel": "6.8.0-88-generic", "ansible_kernel_version": "#89-Ubuntu SMP PREEMPT_DYNAMIC Sat Oct 11 01:02:46 UTC 2025", "ansible_machine": "x86_64", "ansible_python_version": "3.12.3", "ansible_fqdn": "server", "ansible_hostname": "server", "ansible_nodename": "server", "ansible_domain": "", "ansible_userspace_bits": "64", "ansible_architecture": "x86_64", "ansible_userspace_architecture": "x86_64", "ansible_machine_id": "92ee036e96ad4f9ca48b08be5e01b119", "ansible_user_id": "root", "ansible_user_uid": 0, "ansible_user_gid": 0, "ansible_user_gecos": "root", "ansible_user_dir": "/root", "ansible_user_shell": "/bin/bash", "ansible_real_user_id": 0, "ansible_effective_user_id": 0, "ansible_real_group_id": 0, "ansible_effective_group_id": 0, "ansible_python": {"version": {"major": 3, "minor": 12, "micro": 3, "releaselevel": "final", "serial": 0}, "version_info": [3, 12, 3, "final", 0], "executable": "/usr/bin/python3.12", "has_sslcontext": true, "type": "cpython"}, "ansible_system_capabilities_enforced": "False", "ansible_system_capabilities": [], "ansible_selinux_python_present": true, "ansible_selinux": {"status": "disabled"}, "ansible_distribution": "Ubuntu", "ansible_distribution_release": "noble", "ansible_distribution_version": "24.04", "ansible_distribution_major_version": "24", "ansible_distribution_file_path": "/etc/os-release", "ansible_distribution_file_variety": "Debian", "ansible_distribution_file_parsed": true, "ansible_os_family": "Debian", "ansible_iscsi_iqn": "", "ansible_virtualization_role": "guest", "ansible_virtualization_type": "kvm", "ansible_virtualization_tech_guest": ["kvm"], "ansible_virtualization_tech_host": ["kvm"], "ansible_env": {"USER": "root", "SSH_CLIENT": "94.29.16.142 1296 22", "XDG_SESSION_TYPE": "tty", "SHLVL": "0", "HOME": "/root", "SSH_TTY": "/dev/pts/1", "DBUS_SESSION_BUS_ADDRESS": "unix:path=/run/user/0/bus", "LOGNAME": "root", "_": "/bin/sh", "XDG_SESSION_CLASS": "user", "TERM": "xterm", "XDG_SESSION_ID": "5286", "PATH": "/usr/local/sbin:/usr/local/bin:/usr/sbin:/usr/bin:/sbin:/bin:/usr/games:/usr/local/games:/snap/bin", "XDG_RUNTIME_DIR": "/run/user/0", "LANG": "C.UTF-8", "SHELL": "/bin/bash", "PWD": "/root", "SSH_CONNECTION": "94.29.16.142 1296 194.87.83.181 22"}, "ansible_systemd": {"features": "+PAM +AUDIT +SELINUX +APPARMOR +IMA +SMACK +SECCOMP +GCRYPT -GNUTLS +OPENSSL +ACL +BLKID +CURL +ELFUTILS +FIDO2 +IDN2 -IDN +IPTC +KMOD +LIBCRYPTSETUP +LIBFDISK +PCRE2 -PWQUALITY +P11KIT +QRENCODE +TPM2 +BZIP2 +LZ4 +XZ +ZLIB +ZSTD -BPF_FRAMEWORK -XKBCOMMON +UTMP +SYSVINIT default-hierarchy=unified", "version": 255}, "ansible_local": {}, "ansible_dns": {"nameservers": ["127.0.0.53"], "options": {"edns0": true, "trust-ad": true}, "search": ["."]}, "ansible_is_chroot": false, "ansible_fips": false, "ansible_interfaces": ["docker0", "vethdb44350", "vethfce5725", "lo", "amn0", "eth0"], "ansible_lo": {"device": "lo", "mtu": 65536, "active": true, "type": "loopback", "promisc": false, "ipv4": {"address": "127.0.0.1", "broadcast": "", "netmask": "255.0.0.0", "network": "127.0.0.0", "prefix": "8"}, "ipv6": [{"address": "::1", "prefix": "128", "scope": "host"}], "features": {"rx_checksumming": "on [fixed]", "tx_checksumming": "on", "tx_checksum_ipv4": "off [fixed]", "tx_checksum_ip_generic": "on [fixed]", "tx_checksum_ipv6": "off [fixed]", "tx_checksum_fcoe_crc": "off [fixed]", "tx_checksum_sctp": "on [fixed]", "scatter_gather": "on", "tx_scatter_gather": "on [fixed]", "tx_scatter_gather_fraglist": "on [fixed]", "tcp_segmentation_offload": "on", "tx_tcp_segmentation": "on", "tx_tcp_ecn_segmentation": "on", "tx_tcp_mangleid_segmentation": "on", "tx_tcp6_segmentation": "on", "generic_segmentation_offload": "on", "generic_receive_offload": "on", "large_receive_offload": "off [fixed]", "rx_vlan_offload": "off [fixed]", "tx_vlan_offload": "off [fixed]", "ntuple_filters": "off [fixed]", "receive_hashing": "off [fixed]", "highdma": "on [fixed]", "rx_vlan_filter": "off [fixed]", "vlan_challenged": "on [fixed]", "tx_lockless": "on [fixed]", "netns_local": "on [fixed]", "tx_gso_robust": "off [fixed]", "tx_fcoe_segmentation": "off [fixed]", "tx_gre_segmentation": "off [fixed]", "tx_gre_csum_segmentation": "off [fixed]", "tx_ipxip4_segmentation": "off [fixed]", "tx_ipxip6_segmentation": "off [fixed]", "tx_udp_tnl_segmentation": "off [fixed]", "tx_udp_tnl_csum_segmentation": "off [fixed]", "tx_gso_partial": "off [fixed]", "tx_tunnel_remcsum_segmentation": "off [fixed]", "tx_sctp_segmentation": "on", "tx_esp_segmentation": "off [fixed]", "tx_udp_segmentation": "on", "tx_gso_list": "on", "fcoe_mtu": "off [fixed]", "tx_nocache_copy": "off [fixed]", "loopback": "on [fixed]", "rx_fcs": "off [fixed]", "rx_all": "off [fixed]", "tx_vlan_stag_hw_insert": "off [fixed]", "rx_vlan_stag_hw_parse": "off [fixed]", "rx_vlan_stag_filter": "off [fixed]", "l2_fwd_offload": "off [fixed]", "hw_tc_offload": "off [fixed]", "esp_hw_offload": "off [fixed]", "esp_tx_csum_hw_offload": "off [fixed]", "rx_udp_tunnel_port_offload": "off [fixed]", "tls_hw_tx_offload": "off [fixed]", "tls_hw_rx_offload": "off [fixed]", "rx_gro_hw": "off [fixed]", "tls_hw_record": "off [fixed]", "rx_gro_list": "off", "macsec_hw_offload": "off [fixed]", "rx_udp_gro_forwarding": "off", "hsr_tag_ins_offload": "off [fixed]", "hsr_tag_rm_offload": "off [fixed]", "hsr_fwd_offload": "off [fixed]", "hsr_dup_offload": "off [fixed]"}, "timestamping": [], "hw_timestamp_filters": []}, "ansible_vethfce5725": {"device": "vethfce5725", "macaddress": "e2:2a:2b:5e:81:14", "mtu": 1500, "active": true, "type": "ether", "speed": 10000, "promisc": true, "ipv6": [{"address": "fe80::e02a:2bff:fe5e:8114", "prefix": "64", "scope": "link"}], "features": {"rx_checksumming": "on", "tx_checksumming": "on", "tx_checksum_ipv4": "off [fixed]", "tx_checksum_ip_generic": "on", "tx_checksum_ipv6": "off [fixed]", "tx_checksum_fcoe_crc": "off [fixed]", "tx_checksum_sctp": "on", "scatter_gather": "on", "tx_scatter_gather": "on", "tx_scatter_gather_fraglist": "on", "tcp_segmentation_offload": "on", "tx_tcp_segmentation": "on", "tx_tcp_ecn_segmentation": "on", "tx_tcp_mangleid_segmentation": "on", "tx_tcp6_segmentation": "on", "generic_segmentation_offload": "on", "generic_receive_offload": "off", "large_receive_offload": "off [fixed]", "rx_vlan_offload": "on", "tx_vlan_offload": "on", "ntuple_filters": "off [fixed]", "receive_hashing": "off [fixed]", "highdma": "on", "rx_vlan_filter": "off [fixed]", "vlan_challenged": "off [fixed]", "tx_lockless": "on [fixed]", "netns_local": "off [fixed]", "tx_gso_robust": "off [fixed]", "tx_fcoe_segmentation": "off [fixed]", "tx_gre_segmentation": "on", "tx_gre_csum_segmentation": "on", "tx_ipxip4_segmentation": "on", "tx_ipxip6_segmentation": "on", "tx_udp_tnl_segmentation": "on", "tx_udp_tnl_csum_segmentation": "on", "tx_gso_partial": "off [fixed]", "tx_tunnel_remcsum_segmentation": "off [fixed]", "tx_sctp_segmentation": "on", "tx_esp_segmentation": "off [fixed]", "tx_udp_segmentation": "on", "tx_gso_list": "on", "fcoe_mtu": "off [fixed]", "tx_nocache_copy": "off", "loopback": "off [fixed]", "rx_fcs": "off [fixed]", "rx_all": "off [fixed]", "tx_vlan_stag_hw_insert": "on", "rx_vlan_stag_hw_parse": "on", "rx_vlan_stag_filter": "off [fixed]", "l2_fwd_offload": "off [fixed]", "hw_tc_offload": "off [fixed]", "esp_hw_offload": "off [fixed]", "esp_tx_csum_hw_offload": "off [fixed]", "rx_udp_tunnel_port_offload": "off [fixed]", "tls_hw_tx_offload": "off [fixed]", "tls_hw_rx_offload": "off [fixed]", "rx_gro_hw": "off [fixed]", "tls_hw_record": "off [fixed]", "rx_gro_list": "off", "macsec_hw_offload": "off [fixed]", "rx_udp_gro_forwarding": "off", "hsr_tag_ins_offload": "off [fixed]", "hsr_tag_rm_offload": "off [fixed]", "hsr_fwd_offload": "off [fixed]", "hsr_dup_offload": "off [fixed]"}, "timestamping": [], "hw_timestamp_filters": []}, "ansible_vethdb44350": {"device": "vethdb44350", "macaddress": "9a:b6:c6:dd:ea:b9", "mtu": 1500, "active": true, "type": "ether", "speed": 10000, "promisc": true, "ipv6": [{"address": "fe80::98b6:c6ff:fedd:eab9", "prefix": "64", "scope": "link"}], "features": {"rx_checksumming": "on", "tx_checksumming": "on", "tx_checksum_ipv4": "off [fixed]", "tx_checksum_ip_generic": "on", "tx_checksum_ipv6": "off [fixed]", "tx_checksum_fcoe_crc": "off [fixed]", "tx_checksum_sctp": "on", "scatter_gather": "on", "tx_scatter_gather": "on", "tx_scatter_gather_fraglist": "on", "tcp_segmentation_offload": "on", "tx_tcp_segmentation": "on", "tx_tcp_ecn_segmentation": "on", "tx_tcp_mangleid_segmentation": "on", "tx_tcp6_segmentation": "on", "generic_segmentation_offload": "on", "generic_receive_offload": "off", "large_receive_offload": "off [fixed]", "rx_vlan_offload": "on", "tx_vlan_offload": "on", "ntuple_filters": "off [fixed]", "receive_hashing": "off [fixed]", "highdma": "on", "rx_vlan_filter": "off [fixed]", "vlan_challenged": "off [fixed]", "tx_lockless": "on [fixed]", "netns_local": "off [fixed]", "tx_gso_robust": "off [fixed]", "tx_fcoe_segmentation": "off [fixed]", "tx_gre_segmentation": "on", "tx_gre_csum_segmentation": "on", "tx_ipxip4_segmentation": "on", "tx_ipxip6_segmentation": "on", "tx_udp_tnl_segmentation": "on", "tx_udp_tnl_csum_segmentation": "on", "tx_gso_partial": "off [fixed]", "tx_tunnel_remcsum_segmentation": "off [fixed]", "tx_sctp_segmentation": "on", "tx_esp_segmentation": "off [fixed]", "tx_udp_segmentation": "on", "tx_gso_list": "on", "fcoe_mtu": "off [fixed]", "tx_nocache_copy": "off", "loopback": "off [fixed]", "rx_fcs": "off [fixed]", "rx_all": "off [fixed]", "tx_vlan_stag_hw_insert": "on", "rx_vlan_stag_hw_parse": "on", "rx_vlan_stag_filter": "off [fixed]", "l2_fwd_offload": "off [fixed]", "hw_tc_offload": "off [fixed]", "esp_hw_offload": "off [fixed]", "esp_tx_csum_hw_offload": "off [fixed]", "rx_udp_tunnel_port_offload": "off [fixed]", "tls_hw_tx_offload": "off [fixed]", "tls_hw_rx_offload": "off [fixed]", "rx_gro_hw": "off [fixed]", "tls_hw_record": "off [fixed]", "rx_gro_list": "off", "macsec_hw_offload": "off [fixed]", "rx_udp_gro_forwarding": "off", "hsr_tag_ins_offload": "off [fixed]", "hsr_tag_rm_offload": "off [fixed]", "hsr_fwd_offload": "off [fixed]", "hsr_dup_offload": "off [fixed]"}, "timestamping": [], "hw_timestamp_filters": []}, "ansible_docker0": {"device": "docker0", "macaddress": "ce:c2:f7:26:1e:54", "mtu": 1500, "active": true, "type": "bridge", "interfaces": ["vethdb44350"], "id": "8000.cec2f7261e54", "stp": false, "speed": 10000, "promisc": false, "ipv4": {"address": "172.17.0.1", "broadcast": "172.17.255.255", "netmask": "255.255.0.0", "network": "172.17.0.0", "prefix": "16"}, "ipv6": [{"address": "fe80::ccc2:f7ff:fe26:1e54", "prefix": "64", "scope": "link"}], "features": {"rx_checksumming": "off [fixed]", "tx_checksumming": "on", "tx_checksum_ipv4": "off [fixed]", "tx_checksum_ip_generic": "on", "tx_checksum_ipv6": "off [fixed]", "tx_checksum_fcoe_crc": "off [fixed]", "tx_checksum_sctp": "off [fixed]", "scatter_gather": "on", "tx_scatter_gather": "on", "tx_scatter_gather_fraglist": "on", "tcp_segmentation_offload": "on", "tx_tcp_segmentation": "on", "tx_tcp_ecn_segmentation": "on", "tx_tcp_mangleid_segmentation": "on", "tx_tcp6_segmentation": "on", "generic_segmentation_offload": "on", "generic_receive_offload": "on", "large_receive_offload": "off [fixed]", "rx_vlan_offload": "off [fixed]", "tx_vlan_offload": "on", "ntuple_filters": "off [fixed]", "receive_hashing": "off [fixed]", "highdma": "on", "rx_vlan_filter": "off [fixed]", "vlan_challenged": "off [fixed]", "tx_lockless": "on [fixed]", "netns_local": "on [fixed]", "tx_gso_robust": "off [requested on]", "tx_fcoe_segmentation": "off [requested on]", "tx_gre_segmentation": "on", "tx_gre_csum_segmentation": "on", "tx_ipxip4_segmentation": "on", "tx_ipxip6_segmentation": "on", "tx_udp_tnl_segmentation": "on", "tx_udp_tnl_csum_segmentation": "on", "tx_gso_partial": "on", "tx_tunnel_remcsum_segmentation": "on", "tx_sctp_segmentation": "on", "tx_esp_segmentation": "on", "tx_udp_segmentation": "on", "tx_gso_list": "on", "fcoe_mtu": "off [fixed]", "tx_nocache_copy": "off", "loopback": "off [fixed]", "rx_fcs": "off [fixed]", "rx_all": "off [fixed]", "tx_vlan_stag_hw_insert": "on", "rx_vlan_stag_hw_parse": "off [fixed]", "rx_vlan_stag_filter": "off [fixed]", "l2_fwd_offload": "off [fixed]", "hw_tc_offload": "off [fixed]", "esp_hw_offload": "off [fixed]", "esp_tx_csum_hw_offload": "off [fixed]", "rx_udp_tunnel_port_offload": "off [fixed]", "tls_hw_tx_offload": "off [fixed]", "tls_hw_rx_offload": "off [fixed]", "rx_gro_hw": "off [fixed]", "tls_hw_record": "off [fixed]", "rx_gro_list": "off", "macsec_hw_offload": "off [fixed]", "rx_udp_gro_forwarding": "off", "hsr_tag_ins_offload": "off [fixed]", "hsr_tag_rm_offload": "off [fixed]", "hsr_fwd_offload": "off [fixed]", "hsr_dup_offload": "off [fixed]"}, "timestamping": [], "hw_timestamp_filters": []}, "ansible_amn0": {"device": "amn0", "macaddress": "b6:5d:c8:eb:c2:f4", "mtu": 1500, "active": true, "type": "bridge", "interfaces": ["vethfce5725"], "id": "8000.b65dc8ebc2f4", "stp": false, "speed": 10000, "promisc": false, "ipv4": {"address": "172.29.172.1", "broadcast": "172.29.172.255", "netmask": "255.255.255.0", "network": "172.29.172.0", "prefix": "24"}, "ipv6": [{"address": "fe80::b45d:c8ff:feeb:c2f4", "prefix": "64", "scope": "link"}], "features": {"rx_checksumming": "off [fixed]", "tx_checksumming": "on", "tx_checksum_ipv4": "off [fixed]", "tx_checksum_ip_generic": "on", "tx_checksum_ipv6": "off [fixed]", "tx_checksum_fcoe_crc": "off [fixed]", "tx_checksum_sctp": "off [fixed]", "scatter_gather": "on", "tx_scatter_gather": "on", "tx_scatter_gather_fraglist": "on", "tcp_segmentation_offload": "on", "tx_tcp_segmentation": "on", "tx_tcp_ecn_segmentation": "on", "tx_tcp_mangleid_segmentation": "on", "tx_tcp6_segmentation": "on", "generic_segmentation_offload": "on", "generic_receive_offload": "on", "large_receive_offload": "off [fixed]", "rx_vlan_offload": "off [fixed]", "tx_vlan_offload": "on", "ntuple_filters": "off [fixed]", "receive_hashing": "off [fixed]", "highdma": "on", "rx_vlan_filter": "off [fixed]", "vlan_challenged": "off [fixed]", "tx_lockless": "on [fixed]", "netns_local": "on [fixed]", "tx_gso_robust": "off [requested on]", "tx_fcoe_segmentation": "off [requested on]", "tx_gre_segmentation": "on", "tx_gre_csum_segmentation": "on", "tx_ipxip4_segmentation": "on", "tx_ipxip6_segmentation": "on", "tx_udp_tnl_segmentation": "on", "tx_udp_tnl_csum_segmentation": "on", "tx_gso_partial": "on", "tx_tunnel_remcsum_segmentation": "on", "tx_sctp_segmentation": "on", "tx_esp_segmentation": "on", "tx_udp_segmentation": "on", "tx_gso_list": "on", "fcoe_mtu": "off [fixed]", "tx_nocache_copy": "off", "loopback": "off [fixed]", "rx_fcs": "off [fixed]", "rx_all": "off [fixed]", "tx_vlan_stag_hw_insert": "on", "rx_vlan_stag_hw_parse": "off [fixed]", "rx_vlan_stag_filter": "off [fixed]", "l2_fwd_offload": "off [fixed]", "hw_tc_offload": "off [fixed]", "esp_hw_offload": "off [fixed]", "esp_tx_csum_hw_offload": "off [fixed]", "rx_udp_tunnel_port_offload": "off [fixed]", "tls_hw_tx_offload": "off [fixed]", "tls_hw_rx_offload": "off [fixed]", "rx_gro_hw": "off [fixed]", "tls_hw_record": "off [fixed]", "rx_gro_list": "off", "macsec_hw_offload": "off [fixed]", "rx_udp_gro_forwarding": "off", "hsr_tag_ins_offload": "off [fixed]", "hsr_tag_rm_offload": "off [fixed]", "hsr_fwd_offload": "off [fixed]", "hsr_dup_offload": "off [fixed]"}, "timestamping": [], "hw_timestamp_filters": []}, "ansible_eth0": {"device": "eth0", "macaddress": "8e:a3:76:4a:bf:d9", "mtu": 1500, "active": true, "type": "ether", "pciid": "virtio0", "speed": -1, "promisc": false, "ipv4": {"address": "194.87.83.181", "broadcast": "", "netmask": "255.255.255.0", "network": "194.87.83.0", "prefix": "24"}, "ipv6": [{"address": "fe80::8ca3:76ff:fe4a:bfd9", "prefix": "64", "scope": "link"}], "features": {"rx_checksumming": "on [fixed]", "tx_checksumming": "on", "tx_checksum_ipv4": "off [fixed]", "tx_checksum_ip_generic": "on", "tx_checksum_ipv6": "off [fixed]", "tx_checksum_fcoe_crc": "off [fixed]", "tx_checksum_sctp": "off [fixed]", "scatter_gather": "on", "tx_scatter_gather": "on", "tx_scatter_gather_fraglist": "off [fixed]", "tcp_segmentation_offload": "on", "tx_tcp_segmentation": "on", "tx_tcp_ecn_segmentation": "on", "tx_tcp_mangleid_segmentation": "off", "tx_tcp6_segmentation": "on", "generic_segmentation_offload": "on", "generic_receive_offload": "on", "large_receive_offload": "off [fixed]", "rx_vlan_offload": "off [fixed]", "tx_vlan_offload": "off [fixed]", "ntuple_filters": "off [fixed]", "receive_hashing": "off [fixed]", "highdma": "on [fixed]", "rx_vlan_filter": "on [fixed]", "vlan_challenged": "off [fixed]", "tx_lockless": "off [fixed]", "netns_local": "off [fixed]", "tx_gso_robust": "on [fixed]", "tx_fcoe_segmentation": "off [fixed]", "tx_gre_segmentation": "off [fixed]", "tx_gre_csum_segmentation": "off [fixed]", "tx_ipxip4_segmentation": "off [fixed]", "tx_ipxip6_segmentation": "off [fixed]", "tx_udp_tnl_segmentation": "off [fixed]", "tx_udp_tnl_csum_segmentation": "off [fixed]", "tx_gso_partial": "off [fixed]", "tx_tunnel_remcsum_segmentation": "off [fixed]", "tx_sctp_segmentation": "off [fixed]", "tx_esp_segmentation": "off [fixed]", "tx_udp_segmentation": "off [fixed]", "tx_gso_list": "off [fixed]", "fcoe_mtu": "off [fixed]", "tx_nocache_copy": "off", "loopback": "off [fixed]", "rx_fcs": "off [fixed]", "rx_all": "off [fixed]", "tx_vlan_stag_hw_insert": "off [fixed]", "rx_vlan_stag_hw_parse": "off [fixed]", "rx_vlan_stag_filter": "off [fixed]", "l2_fwd_offload": "off [fixed]", "hw_tc_offload": "off [fixed]", "esp_hw_offload": "off [fixed]", "esp_tx_csum_hw_offload": "off [fixed]", "rx_udp_tunnel_port_offload": "off [fixed]", "tls_hw_tx_offload": "off [fixed]", "tls_hw_rx_offload": "off [fixed]", "rx_gro_hw": "on", "tls_hw_record": "off [fixed]", "rx_gro_list": "off", "macsec_hw_offload": "off [fixed]", "rx_udp_gro_forwarding": "off", "hsr_tag_ins_offload": "off [fixed]", "hsr_tag_rm_offload": "off [fixed]", "hsr_fwd_offload": "off [fixed]", "hsr_dup_offload": "off [fixed]"}, "timestamping": [], "hw_timestamp_filters": []}, "ansible_default_ipv4": {"gateway": "194.87.83.1", "interface": "eth0", "address": "194.87.83.181", "broadcast": "", "netmask": "255.255.255.0", "network": "194.87.83.0", "prefix": "24", "macaddress": "8e:a3:76:4a:bf:d9", "mtu": 1500, "type": "ether", "alias": "eth0"}, "ansible_default_ipv6": {}, "ansible_all_ipv4_addresses": ["172.17.0.1", "172.29.172.1", "194.87.83.181"], "ansible_all_ipv6_addresses": ["fe80::e02a:2bff:fe5e:8114", "fe80::98b6:c6ff:fedd:eab9", "fe80::ccc2:f7ff:fe26:1e54", "fe80::b45d:c8ff:feeb:c2f4", "fe80::8ca3:76ff:fe4a:bfd9"], "ansible_locally_reachable_ips": {"ipv4": ["127.0.0.0/8", "127.0.0.1", "172.17.0.1", "172.29.172.1", "194.87.83.181"], "ipv6": ["::1", "fe80::8ca3:76ff:fe4a:bfd9", "fe80::98b6:c6ff:fedd:eab9", "fe80::b45d:c8ff:feeb:c2f4", "fe80::ccc2:f7ff:fe26:1e54", "fe80::e02a:2bff:fe5e:8114"]}, "ansible_processor": ["0", "AuthenticAMD", "AMD EPYC Processor"], "ansible_flags": ["fpu", "vme", "de", "pse", "tsc", "msr", "pae", "mce", "cx8", "apic", "sep", "mtrr", "pge", "mca", "cmov", "pat", "pse36", "clflush", "mmx", "fxsr", "sse", "sse2", "syscall", "nx", "mmxext", "fxsr_opt", "pdpe1gb", "rdtscp", "lm", "rep_good", "nopl", "cpuid", "extd_apicid", "tsc_known_freq", "pni", "pclmulqdq", "ssse3", "fma", "cx16", "sse4_1", "sse4_2", "x2apic", "movbe", "popcnt", "aes", "xsave", "avx", "f16c", "rdrand", "hypervisor", "lahf_lm", "cmp_legacy", "svm", "cr8_legacy", "abm", "sse4a", "misalignsse", "3dnowprefetch", "osvw", "topoext", "perfctr_core", "ssbd", "ibrs", "ibpb", "stibp", "vmmcall", "fsgsbase", "bmi1", "avx2", "smep", "bmi2", "rdseed", "adx", "smap", "clflushopt", "clwb", "sha_ni", "xsaveopt", "xsavec", "xgetbv1", "clzero", "xsaveerptr", "arat", "npt"], "ansible_processor_count": 1, "ansible_processor_cores": 1, "ansible_processor_threads_per_core": 1, "ansible_processor_vcpus": 1, "ansible_processor_nproc": 1, "ansible_memtotal_mb": 961, "ansible_memfree_mb": 247, "ansible_swaptotal_mb": 0, "ansible_swapfree_mb": 0, "ansible_memory_mb": {"real": {"total": 961, "used": 714, "free": 247}, "nocache": {"free": 620, "used": 341}, "swap": {"total": 0, "free": 0, "used": 0, "cached": 0}}, "ansible_bios_date": "04/01/2014", "ansible_bios_vendor": "SeaBIOS", "ansible_bios_version": "1.15.0-1", "ansible_board_asset_tag": "NA", "ansible_board_name": "NA", "ansible_board_serial": "NA", "ansible_board_vendor": "NA", "ansible_board_version": "NA", "ansible_chassis_asset_tag": "NA", "ansible_chassis_serial": "NA", "ansible_chassis_vendor": "QEMU", "ansible_chassis_version": "pc-i440fx-bionic", "ansible_form_factor": "Other", "ansible_product_name": "Standard PC (i440FX + PIIX, 1996)", "ansible_product_serial": "NA", "ansible_product_uuid": "92ee036e-96ad-4f9c-a48b-08be5e01b119", "ansible_product_version": "pc-i440fx-bionic", "ansible_system_vendor": "QEMU", "ansible_devices": {"loop1": {"virtual": 1, "links": {"ids": [], "uuids": [], "labels": [], "masters": []}, "vendor": null, "model": null, "sas_address": null, "sas_device_handle": null, "removable": "0", "support_discard": "0", "partitions": {}, "rotational": "1", "scheduler_mode": "none", "sectorsize": "512", "sectors": 0, "size": "0.00 Bytes", "host": "", "holders": []}, "loop6": {"virtual": 1, "links": {"ids": [], "uuids": [], "labels": [], "masters": []}, "vendor": null, "model": null, "sas_address": null, "sas_device_handle": null, "removable": "0", "support_discard": "0", "partitions": {}, "rotational": "1", "scheduler_mode": "none", "sectorsize": "512", "sectors": 0, "size": "0.00 Bytes", "host": "", "holders": []}, "loop4": {"virtual": 1, "links": {"ids": [], "uuids": [], "labels": [], "masters": []}, "vendor": null, "model": null, "sas_address": null, "sas_device_handle": null, "removable": "0", "support_discard": "0", "partitions": {}, "rotational": "1", "scheduler_mode": "none", "sectorsize": "512", "sectors": 0, "size": "0.00 Bytes", "host": "", "holders": []}, "loop2": {"virtual": 1, "links": {"ids": [], "uuids": [], "labels": [], "masters": []}, "vendor": null, "model": null, "sas_address": null, "sas_device_handle": null, "removable": "0", "support_discard": "0", "partitions": {}, "rotational": "1", "scheduler_mode": "none", "sectorsize": "512", "sectors": 0, "size": "0.00 Bytes", "host": "", "holders": []}, "loop0": {"virtual": 1, "links": {"ids": [], "uuids": [], "labels": [], "masters": []}, "vendor": null, "model": null, "sas_address": null, "sas_device_handle": null, "removable": "0", "support_discard": "0", "partitions": {}, "rotational": "1", "scheduler_mode": "none", "sectorsize": "512", "sectors": 0, "size": "0.00 Bytes", "host": "", "holders": []}, "loop7": {"virtual": 1, "links": {"ids": [], "uuids": [], "labels": [], "masters": []}, "vendor": null, "model": null, "sas_address": null, "sas_device_handle": null, "removable": "0", "support_discard": "0", "partitions": {}, "rotational": "1", "scheduler_mode": "none", "sectorsize": "512", "sectors": 0, "size": "0.00 Bytes", "host": "", "holders": []}, "sda": {"virtual": 1, "links": {"ids": ["scsi-0QEMU_QEMU_HARDDISK_vda"], "uuids": [], "labels": [], "masters": []}, "vendor": "QEMU", "model": "QEMU HARDDISK", "sas_address": null, "sas_device_handle": null, "serial": "vda", "removable": "0", "support_discard": "4096", "partitions": {"sda16": {"links": {"ids": ["scsi-0QEMU_QEMU_HARDDISK_vda-part16"], "uuids": ["6b4992d7-d421-40c9-907a-eff79bd4bf98"], "labels": ["BOOT"], "masters": []}, "start": "227328", "sectorsize": 512, "sectors": 1869825, "size": "913.00 MB", "uuid": "6b4992d7-d421-40c9-907a-eff79bd4bf98", "holders": []}, "sda14": {"links": {"ids": ["scsi-0QEMU_QEMU_HARDDISK_vda-part14"], "uuids": [], "labels": [], "masters": []}, "start": "2048", "sectorsize": 512, "sectors": 8192, "size": "4.00 MB", "uuid": null, "holders": []}, "sda15": {"links": {"ids": ["scsi-0QEMU_QEMU_HARDDISK_vda-part15"], "uuids": ["8ADE-D31A"], "labels": ["UEFI"], "masters": []}, "start": "10240", "sectorsize": 512, "sectors": 217088, "size": "106.00 MB", "uuid": "8ADE-D31A", "holders": []}, "sda1": {"links": {"ids": ["scsi-0QEMU_QEMU_HARDDISK_vda-part1"], "uuids": ["4306c488-13c8-447a-825d-3e9216876081"], "labels": ["cloudimg-rootfs"], "masters": []}, "start": "2099200", "sectorsize": 512, "sectors": 29358047, "size": "14.00 GB", "uuid": "4306c488-13c8-447a-825d-3e9216876081", "holders": []}}, "rotational": "1", "scheduler_mode": "mq-deadline", "sectorsize": "512", "sectors": 31457280, "size": "15.00 GB", "host": "SCSI storage controller: Red Hat, Inc. Virtio SCSI", "holders": []}, "loop5": {"virtual": 1, "links": {"ids": [], "uuids": [], "labels": [], "masters": []}, "vendor": null, "model": null, "sas_address": null, "sas_device_handle": null, "removable": "0", "support_discard": "0", "partitions": {}, "rotational": "1", "scheduler_mode": "none", "sectorsize": "512", "sectors": 0, "size": "0.00 Bytes", "host": "", "holders": []}, "vda": {"virtual": 1, "links": {"ids": [], "uuids": ["5E1F-0350"], "labels": ["cidata"], "masters": []}, "vendor": "0x1af4", "model": null, "sas_address": null, "sas_device_handle": null, "removable": "0", "support_discard": "0", "partitions": {}, "rotational": "1", "scheduler_mode": "mq-deadline", "sectorsize": "512", "sectors": 2048, "size": "1.00 MB", "host": "SCSI storage controller: Red Hat, Inc. Virtio block device", "holders": []}, "loop3": {"virtual": 1, "links": {"ids": [], "uuids": [], "labels": [], "masters": []}, "vendor": null, "model": null, "sas_address": null, "sas_device_handle": null, "removable": "0", "support_discard": "0", "partitions": {}, "rotational": "1", "scheduler_mode": "none", "sectorsize": "512", "sectors": 0, "size": "0.00 Bytes", "host": "", "holders": []}}, "ansible_device_links": {"ids": {"sda14": ["scsi-0QEMU_QEMU_HARDDISK_vda-part14"], "sda16": ["scsi-0QEMU_QEMU_HARDDISK_vda-part16"], "sda1": ["scsi-0QEMU_QEMU_HARDDISK_vda-part1"], "sda15": ["scsi-0QEMU_QEMU_HARDDISK_vda-part15"], "sda": ["scsi-0QEMU_QEMU_HARDDISK_vda"]}, "uuids": {"sda16": ["6b4992d7-d421-40c9-907a-eff79bd4bf98"], "sda1": ["4306c488-13c8-447a-825d-3e9216876081"], "sda15": ["8ADE-D31A"], "vda": ["5E1F-0350"]}, "labels": {"sda16": ["BOOT"], "sda1": ["cloudimg-rootfs"], "sda15": ["UEFI"], "vda": ["cidata"]}, "masters": {}}, "ansible_uptime_seconds": 2608891, "ansible_lvm": {"lvs": {}, "vgs": {}, "pvs": {}}, "ansible_mounts": [{"mount": "/", "device": "/dev/sda1", "fstype": "ext4", "options": "rw,relatime,discard,nobarrier,commit=30", "dump": 0, "passno": 0, "size_total": 14483001344, "size_available": 10857066496, "block_size": 4096, "block_total": 3535889, "block_available": 2650651, "block_used": 885238, "inode_total": 1835008, "inode_available": 1716489, "inode_used": 118519, "uuid": "4306c488-13c8-447a-825d-3e9216876081"}, {"mount": "/boot", "device": "/dev/sda16", "fstype": "ext4", "options": "rw,relatime", "dump": 0, "passno": 0, "size_total": 923156480, "size_available": 736854016, "block_size": 4096, "block_total": 225380, "block_available": 179896, "block_used": 45484, "inode_total": 58496, "inode_available": 57892, "inode_used": 604, "uuid": "6b4992d7-d421-40c9-907a-eff79bd4bf98"}, {"mount": "/boot/efi", "device": "/dev/sda15", "fstype": "vfat", "options": "rw,relatime,fmask=0077,dmask=0077,codepage=437,iocharset=iso8859-1,shortname=mixed,errors=remount-ro", "dump": 0, "passno": 0, "size_total": 109395456, "size_available": 102995968, "block_size": 512, "block_total": 213663, "block_available": 201164, "block_used": 12499, "inode_total": 0, "inode_available": 0, "inode_used": 0, "uuid": "8ADE-D31A"}], "ansible_pkg_mgr": "apt", "ansible_fibre_channel_wwn": [], "ansible_cmdline": {"BOOT_IMAGE": "/vmlinuz-6.8.0-88-generic", "root": "UUID=4306c488-13c8-447a-825d-3e9216876081", "ro": true, "net.ifnames": "0", "biosdevname": "0", "console": "ttyS0"}, "ansible_proc_cmdline": {"BOOT_IMAGE": "/vmlinuz-6.8.0-88-generic", "root": "UUID=4306c488-13c8-447a-825d-3e9216876081", "ro": true, "net.ifnames": "0", "biosdevname": "0", "console": ["tty0", "ttyS0", "tty1", "ttyS0"]}, "ansible_lsb": {"id": "Ubuntu", "description": "Ubuntu 24.04.3 LTS", "release": "24.04", "codename": "noble", "major_release": "24"}, "ansible_date_time": {"year": "2026", "month": "01", "weekday": "Sunday", "weekday_number": "0", "weeknumber": "01", "day": "11", "hour": "17", "minute": "59", "second": "02", "epoch": "1768154342", "epoch_int": "1768154342", "date": "2026-01-11", "time": "17:59:02", "iso8601_micro": "2026-01-11T17:59:02.196593Z", "iso8601": "2026-01-11T17:59:02Z", "iso8601_basic": "20260111T175902196593", "iso8601_basic_short": "20260111T175902", "tz": "UTC", "tz_dst": "UTC", "tz_offset": "+0000"}, "ansible_loadavg": {"1m": 0.12646484375, "5m": 0.0888671875, "15m": 0.021484375}, "ansible_service_mgr": "systemd", "gather_subset": ["all"], "module_setup": true}, "invocation": {"module_args": {"gather_subset": ["all"], "gather_timeout": 10, "filter": [], "fact_path": "/etc/ansible/facts.d"}}}\r\n', b'Shared connection to 194.87.83.181 closed.\r\n')
2026-01-11 20:59:02,272 p=164916 u=ruslan n=ansible INFO| <194.87.83.181> ESTABLISH SSH CONNECTION FOR USER: root
2026-01-11 20:59:02,272 p=164916 u=ruslan n=ansible INFO| <194.87.83.181> SSH: EXEC ssh -C -o ControlMaster=auto -o ControlPersist=60s -o StrictHostKeyChecking=no -o KbdInteractiveAuthentication=no -o PreferredAuthentications=gssapi-with-mic,gssapi-keyex,hostbased,publickey -o PasswordAuthentication=no -o 'User="root"' -o ConnectTimeout=10 -o 'ControlPath="/home/ruslan/.ansible/cp/6688fbee48"' -o NumberOfPasswordPrompts=1 194.87.83.181 '/bin/sh -c '"'"'rm -f -r /root/.ansible/tmp/ansible-tmp-1768154339.7896886-164919-202901122851357/ > /dev/null 2>&1 && sleep 0'"'"''
2026-01-11 20:59:02,373 p=164916 u=ruslan n=ansible INFO| <194.87.83.181> (0, b'', b'')
2026-01-11 20:59:02,389 p=164916 u=ruslan n=ansible INFO| ok: [node_gw]
2026-01-11 20:59:02,393 p=164916 u=ruslan n=ansible INFO| TASK [Generate private] ********************************************************
2026-01-11 20:59:02,393 p=164916 u=ruslan n=ansible INFO| task path: /home/ruslan/wg-ansible-deploy/playbooks/gateway/configure_wireguard_gateway.yaml:6
2026-01-11 20:59:02,408 p=164916 u=ruslan n=ansible INFO| <194.87.83.181> ESTABLISH SSH CONNECTION FOR USER: root
2026-01-11 20:59:02,409 p=164916 u=ruslan n=ansible INFO| <194.87.83.181> SSH: EXEC ssh -C -o ControlMaster=auto -o ControlPersist=60s -o StrictHostKeyChecking=no -o KbdInteractiveAuthentication=no -o PreferredAuthentications=gssapi-with-mic,gssapi-keyex,hostbased,publickey -o PasswordAuthentication=no -o 'User="root"' -o ConnectTimeout=10 -o 'ControlPath="/home/ruslan/.ansible/cp/6688fbee48"' -o NumberOfPasswordPrompts=1 194.87.83.181 '/bin/sh -c '"'"'echo ~root && sleep 0'"'"''
2026-01-11 20:59:02,511 p=164916 u=ruslan n=ansible INFO| <194.87.83.181> (0, b'/root\n', b'')
2026-01-11 20:59:02,511 p=164916 u=ruslan n=ansible INFO| <194.87.83.181> ESTABLISH SSH CONNECTION FOR USER: root
2026-01-11 20:59:02,512 p=164916 u=ruslan n=ansible INFO| <194.87.83.181> SSH: EXEC ssh -C -o ControlMaster=auto -o ControlPersist=60s -o StrictHostKeyChecking=no -o KbdInteractiveAuthentication=no -o PreferredAuthentications=gssapi-with-mic,gssapi-keyex,hostbased,publickey -o PasswordAuthentication=no -o 'User="root"' -o ConnectTimeout=10 -o 'ControlPath="/home/ruslan/.ansible/cp/6688fbee48"' -o NumberOfPasswordPrompts=1 194.87.83.181 '/bin/sh -c '"'"'( umask 77 && mkdir -p "` echo /root/.ansible/tmp `"&& mkdir "` echo /root/.ansible/tmp/ansible-tmp-1768154342.511677-164955-90169596286594 `" && echo ansible-tmp-1768154342.511677-164955-90169596286594="` echo /root/.ansible/tmp/ansible-tmp-1768154342.511677-164955-90169596286594 `" ) && sleep 0'"'"''
2026-01-11 20:59:02,615 p=164916 u=ruslan n=ansible INFO| <194.87.83.181> (0, b'ansible-tmp-1768154342.511677-164955-90169596286594=/root/.ansible/tmp/ansible-tmp-1768154342.511677-164955-90169596286594\n', b'')
2026-01-11 20:59:02,729 p=164916 u=ruslan n=ansible INFO| Using module file /home/ruslan/.local/lib/python3.12/site-packages/ansible/modules/command.py
2026-01-11 20:59:02,729 p=164916 u=ruslan n=ansible INFO| <194.87.83.181> PUT /home/ruslan/.ansible/tmp/ansible-local-164916npi1p84s/tmppbj3brgw TO /root/.ansible/tmp/ansible-tmp-1768154342.511677-164955-90169596286594/AnsiballZ_command.py
2026-01-11 20:59:02,730 p=164916 u=ruslan n=ansible INFO| <194.87.83.181> SSH: EXEC sftp -b - -C -o ControlMaster=auto -o ControlPersist=60s -o StrictHostKeyChecking=no -o KbdInteractiveAuthentication=no -o PreferredAuthentications=gssapi-with-mic,gssapi-keyex,hostbased,publickey -o PasswordAuthentication=no -o 'User="root"' -o ConnectTimeout=10 -o 'ControlPath="/home/ruslan/.ansible/cp/6688fbee48"' -o NumberOfPasswordPrompts=1 '[194.87.83.181]'
2026-01-11 20:59:03,314 p=164916 u=ruslan n=ansible INFO| <194.87.83.181> (0, b'sftp> put /home/ruslan/.ansible/tmp/ansible-local-164916npi1p84s/tmppbj3brgw /root/.ansible/tmp/ansible-tmp-1768154342.511677-164955-90169596286594/AnsiballZ_command.py\n', b'')
2026-01-11 20:59:03,315 p=164916 u=ruslan n=ansible INFO| <194.87.83.181> ESTABLISH SSH CONNECTION FOR USER: root
2026-01-11 20:59:03,315 p=164916 u=ruslan n=ansible INFO| <194.87.83.181> SSH: EXEC ssh -C -o ControlMaster=auto -o ControlPersist=60s -o StrictHostKeyChecking=no -o KbdInteractiveAuthentication=no -o PreferredAuthentications=gssapi-with-mic,gssapi-keyex,hostbased,publickey -o PasswordAuthentication=no -o 'User="root"' -o ConnectTimeout=10 -o 'ControlPath="/home/ruslan/.ansible/cp/6688fbee48"' -o NumberOfPasswordPrompts=1 194.87.83.181 '/bin/sh -c '"'"'chmod u+rwx /root/.ansible/tmp/ansible-tmp-1768154342.511677-164955-90169596286594/ /root/.ansible/tmp/ansible-tmp-1768154342.511677-164955-90169596286594/AnsiballZ_command.py && sleep 0'"'"''
2026-01-11 20:59:03,423 p=164916 u=ruslan n=ansible INFO| <194.87.83.181> (0, b'', b'')
2026-01-11 20:59:03,423 p=164916 u=ruslan n=ansible INFO| <194.87.83.181> ESTABLISH SSH CONNECTION FOR USER: root
2026-01-11 20:59:03,424 p=164916 u=ruslan n=ansible INFO| <194.87.83.181> SSH: EXEC ssh -C -o ControlMaster=auto -o ControlPersist=60s -o StrictHostKeyChecking=no -o KbdInteractiveAuthentication=no -o PreferredAuthentications=gssapi-with-mic,gssapi-keyex,hostbased,publickey -o PasswordAuthentication=no -o 'User="root"' -o ConnectTimeout=10 -o 'ControlPath="/home/ruslan/.ansible/cp/6688fbee48"' -o NumberOfPasswordPrompts=1 -tt 194.87.83.181 '/bin/sh -c '"'"'/usr/bin/python3.12 /root/.ansible/tmp/ansible-tmp-1768154342.511677-164955-90169596286594/AnsiballZ_command.py && sleep 0'"'"''
2026-01-11 20:59:03,791 p=164916 u=ruslan n=ansible INFO| <194.87.83.181> (0, b'\r\n{"changed": true, "stdout": "IBy8ezOX6wnFctxSNRJBU0xS1CnkY9djhybk19e7XGQ=", "stderr": "", "rc": 0, "cmd": "umask 077\\nwg genkey > /etc/wireguard/node_gw_private\\ncat /etc/wireguard/node_gw_private\\n", "start": "2026-01-11 17:59:03.733128", "end": "2026-01-11 17:59:03.739313", "delta": "0:00:00.006185", "msg": "", "invocation": {"module_args": {"_raw_params": "umask 077\\nwg genkey > /etc/wireguard/node_gw_private\\ncat /etc/wireguard/node_gw_private\\n", "_uses_shell": true, "expand_argument_vars": true, "stdin_add_newline": true, "strip_empty_ends": true, "cmd": null, "argv": null, "chdir": null, "executable": null, "creates": null, "removes": null, "stdin": null}}}\r\n', b'Shared connection to 194.87.83.181 closed.\r\n')
2026-01-11 20:59:03,792 p=164916 u=ruslan n=ansible INFO| <194.87.83.181> ESTABLISH SSH CONNECTION FOR USER: root
2026-01-11 20:59:03,793 p=164916 u=ruslan n=ansible INFO| <194.87.83.181> SSH: EXEC ssh -C -o ControlMaster=auto -o ControlPersist=60s -o StrictHostKeyChecking=no -o KbdInteractiveAuthentication=no -o PreferredAuthentications=gssapi-with-mic,gssapi-keyex,hostbased,publickey -o PasswordAuthentication=no -o 'User="root"' -o ConnectTimeout=10 -o 'ControlPath="/home/ruslan/.ansible/cp/6688fbee48"' -o NumberOfPasswordPrompts=1 194.87.83.181 '/bin/sh -c '"'"'rm -f -r /root/.ansible/tmp/ansible-tmp-1768154342.511677-164955-90169596286594/ > /dev/null 2>&1 && sleep 0'"'"''
2026-01-11 20:59:03,894 p=164916 u=ruslan n=ansible INFO| <194.87.83.181> (0, b'', b'')
2026-01-11 20:59:03,896 p=164916 u=ruslan n=ansible INFO| changed: [node_gw] => {
    "changed": true,
    "cmd": "umask 077\nwg genkey > /etc/wireguard/node_gw_private\ncat /etc/wireguard/node_gw_private\n",
    "delta": "0:00:00.006185",
    "end": "2026-01-11 17:59:03.739313",
    "invocation": {
        "module_args": {
            "_raw_params": "umask 077\nwg genkey > /etc/wireguard/node_gw_private\ncat /etc/wireguard/node_gw_private\n",
            "_uses_shell": true,
            "argv": null,
            "chdir": null,
            "cmd": null,
            "creates": null,
            "executable": null,
            "expand_argument_vars": true,
            "removes": null,
            "stdin": null,
            "stdin_add_newline": true,
            "strip_empty_ends": true
        }
    },
    "msg": "",
    "rc": 0,
    "start": "2026-01-11 17:59:03.733128",
    "stderr": "",
    "stderr_lines": [],
    "stdout": "IBy8ezOX6wnFctxSNRJBU0xS1CnkY9djhybk19e7XGQ=",
    "stdout_lines": [
        "IBy8ezOX6wnFctxSNRJBU0xS1CnkY9djhybk19e7XGQ="
    ]
}
2026-01-11 20:59:03,901 p=164916 u=ruslan n=ansible INFO| TASK [Generate public] *********************************************************
2026-01-11 20:59:03,901 p=164916 u=ruslan n=ansible INFO| task path: /home/ruslan/wg-ansible-deploy/playbooks/gateway/configure_wireguard_gateway.yaml:13
2026-01-11 20:59:03,916 p=164916 u=ruslan n=ansible INFO| <194.87.83.181> ESTABLISH SSH CONNECTION FOR USER: root
2026-01-11 20:59:03,917 p=164916 u=ruslan n=ansible INFO| <194.87.83.181> SSH: EXEC ssh -C -o ControlMaster=auto -o ControlPersist=60s -o StrictHostKeyChecking=no -o KbdInteractiveAuthentication=no -o PreferredAuthentications=gssapi-with-mic,gssapi-keyex,hostbased,publickey -o PasswordAuthentication=no -o 'User="root"' -o ConnectTimeout=10 -o 'ControlPath="/home/ruslan/.ansible/cp/6688fbee48"' -o NumberOfPasswordPrompts=1 194.87.83.181 '/bin/sh -c '"'"'echo ~root && sleep 0'"'"''
2026-01-11 20:59:04,018 p=164916 u=ruslan n=ansible INFO| <194.87.83.181> (0, b'/root\n', b'')
2026-01-11 20:59:04,018 p=164916 u=ruslan n=ansible INFO| <194.87.83.181> ESTABLISH SSH CONNECTION FOR USER: root
2026-01-11 20:59:04,018 p=164916 u=ruslan n=ansible INFO| <194.87.83.181> SSH: EXEC ssh -C -o ControlMaster=auto -o ControlPersist=60s -o StrictHostKeyChecking=no -o KbdInteractiveAuthentication=no -o PreferredAuthentications=gssapi-with-mic,gssapi-keyex,hostbased,publickey -o PasswordAuthentication=no -o 'User="root"' -o ConnectTimeout=10 -o 'ControlPath="/home/ruslan/.ansible/cp/6688fbee48"' -o NumberOfPasswordPrompts=1 194.87.83.181 '/bin/sh -c '"'"'( umask 77 && mkdir -p "` echo /root/.ansible/tmp `"&& mkdir "` echo /root/.ansible/tmp/ansible-tmp-1768154344.017996-164975-270327829240908 `" && echo ansible-tmp-1768154344.017996-164975-270327829240908="` echo /root/.ansible/tmp/ansible-tmp-1768154344.017996-164975-270327829240908 `" ) && sleep 0'"'"''
2026-01-11 20:59:04,125 p=164916 u=ruslan n=ansible INFO| <194.87.83.181> (0, b'ansible-tmp-1768154344.017996-164975-270327829240908=/root/.ansible/tmp/ansible-tmp-1768154344.017996-164975-270327829240908\n', b'')
2026-01-11 20:59:04,130 p=164916 u=ruslan n=ansible INFO| Using module file /home/ruslan/.local/lib/python3.12/site-packages/ansible/modules/command.py
2026-01-11 20:59:04,130 p=164916 u=ruslan n=ansible INFO| <194.87.83.181> PUT /home/ruslan/.ansible/tmp/ansible-local-164916npi1p84s/tmpt29p6sqt TO /root/.ansible/tmp/ansible-tmp-1768154344.017996-164975-270327829240908/AnsiballZ_command.py
2026-01-11 20:59:04,131 p=164916 u=ruslan n=ansible INFO| <194.87.83.181> SSH: EXEC sftp -b - -C -o ControlMaster=auto -o ControlPersist=60s -o StrictHostKeyChecking=no -o KbdInteractiveAuthentication=no -o PreferredAuthentications=gssapi-with-mic,gssapi-keyex,hostbased,publickey -o PasswordAuthentication=no -o 'User="root"' -o ConnectTimeout=10 -o 'ControlPath="/home/ruslan/.ansible/cp/6688fbee48"' -o NumberOfPasswordPrompts=1 '[194.87.83.181]'
2026-01-11 20:59:04,625 p=164916 u=ruslan n=ansible INFO| <194.87.83.181> (0, b'sftp> put /home/ruslan/.ansible/tmp/ansible-local-164916npi1p84s/tmpt29p6sqt /root/.ansible/tmp/ansible-tmp-1768154344.017996-164975-270327829240908/AnsiballZ_command.py\n', b'')
2026-01-11 20:59:04,625 p=164916 u=ruslan n=ansible INFO| <194.87.83.181> ESTABLISH SSH CONNECTION FOR USER: root
2026-01-11 20:59:04,625 p=164916 u=ruslan n=ansible INFO| <194.87.83.181> SSH: EXEC ssh -C -o ControlMaster=auto -o ControlPersist=60s -o StrictHostKeyChecking=no -o KbdInteractiveAuthentication=no -o PreferredAuthentications=gssapi-with-mic,gssapi-keyex,hostbased,publickey -o PasswordAuthentication=no -o 'User="root"' -o ConnectTimeout=10 -o 'ControlPath="/home/ruslan/.ansible/cp/6688fbee48"' -o NumberOfPasswordPrompts=1 194.87.83.181 '/bin/sh -c '"'"'chmod u+rwx /root/.ansible/tmp/ansible-tmp-1768154344.017996-164975-270327829240908/ /root/.ansible/tmp/ansible-tmp-1768154344.017996-164975-270327829240908/AnsiballZ_command.py && sleep 0'"'"''
2026-01-11 20:59:04,729 p=164916 u=ruslan n=ansible INFO| <194.87.83.181> (0, b'', b'')
2026-01-11 20:59:04,729 p=164916 u=ruslan n=ansible INFO| <194.87.83.181> ESTABLISH SSH CONNECTION FOR USER: root
2026-01-11 20:59:04,729 p=164916 u=ruslan n=ansible INFO| <194.87.83.181> SSH: EXEC ssh -C -o ControlMaster=auto -o ControlPersist=60s -o StrictHostKeyChecking=no -o KbdInteractiveAuthentication=no -o PreferredAuthentications=gssapi-with-mic,gssapi-keyex,hostbased,publickey -o PasswordAuthentication=no -o 'User="root"' -o ConnectTimeout=10 -o 'ControlPath="/home/ruslan/.ansible/cp/6688fbee48"' -o NumberOfPasswordPrompts=1 -tt 194.87.83.181 '/bin/sh -c '"'"'/usr/bin/python3.12 /root/.ansible/tmp/ansible-tmp-1768154344.017996-164975-270327829240908/AnsiballZ_command.py && sleep 0'"'"''
2026-01-11 20:59:05,114 p=164916 u=ruslan n=ansible INFO| <194.87.83.181> (0, b'\r\n{"changed": true, "stdout": "vNwTeEytbfLiGdtASJ/fpHBEyTwqUBjeJ+mBBr/T634=", "stderr": "", "rc": 0, "cmd": "wg pubkey <  /etc/wireguard/node_gw_private > /etc/wireguard/node_gw_public\\ncat /etc/wireguard/node_gw_public\\n", "start": "2026-01-11 17:59:05.052150", "end": "2026-01-11 17:59:05.058926", "delta": "0:00:00.006776", "msg": "", "invocation": {"module_args": {"_raw_params": "wg pubkey <  /etc/wireguard/node_gw_private > /etc/wireguard/node_gw_public\\ncat /etc/wireguard/node_gw_public\\n", "_uses_shell": true, "expand_argument_vars": true, "stdin_add_newline": true, "strip_empty_ends": true, "cmd": null, "argv": null, "chdir": null, "executable": null, "creates": null, "removes": null, "stdin": null}}}\r\n', b'Shared connection to 194.87.83.181 closed.\r\n')
2026-01-11 20:59:05,115 p=164916 u=ruslan n=ansible INFO| <194.87.83.181> ESTABLISH SSH CONNECTION FOR USER: root
2026-01-11 20:59:05,115 p=164916 u=ruslan n=ansible INFO| <194.87.83.181> SSH: EXEC ssh -C -o ControlMaster=auto -o ControlPersist=60s -o StrictHostKeyChecking=no -o KbdInteractiveAuthentication=no -o PreferredAuthentications=gssapi-with-mic,gssapi-keyex,hostbased,publickey -o PasswordAuthentication=no -o 'User="root"' -o ConnectTimeout=10 -o 'ControlPath="/home/ruslan/.ansible/cp/6688fbee48"' -o NumberOfPasswordPrompts=1 194.87.83.181 '/bin/sh -c '"'"'rm -f -r /root/.ansible/tmp/ansible-tmp-1768154344.017996-164975-270327829240908/ > /dev/null 2>&1 && sleep 0'"'"''
2026-01-11 20:59:05,215 p=164916 u=ruslan n=ansible INFO| <194.87.83.181> (0, b'', b'')
2026-01-11 20:59:05,218 p=164916 u=ruslan n=ansible INFO| changed: [node_gw] => {
    "changed": true,
    "cmd": "wg pubkey <  /etc/wireguard/node_gw_private > /etc/wireguard/node_gw_public\ncat /etc/wireguard/node_gw_public\n",
    "delta": "0:00:00.006776",
    "end": "2026-01-11 17:59:05.058926",
    "invocation": {
        "module_args": {
            "_raw_params": "wg pubkey <  /etc/wireguard/node_gw_private > /etc/wireguard/node_gw_public\ncat /etc/wireguard/node_gw_public\n",
            "_uses_shell": true,
            "argv": null,
            "chdir": null,
            "cmd": null,
            "creates": null,
            "executable": null,
            "expand_argument_vars": true,
            "removes": null,
            "stdin": null,
            "stdin_add_newline": true,
            "strip_empty_ends": true
        }
    },
    "msg": "",
    "rc": 0,
    "start": "2026-01-11 17:59:05.052150",
    "stderr": "",
    "stderr_lines": [],
    "stdout": "vNwTeEytbfLiGdtASJ/fpHBEyTwqUBjeJ+mBBr/T634=",
    "stdout_lines": [
        "vNwTeEytbfLiGdtASJ/fpHBEyTwqUBjeJ+mBBr/T634="
    ]
}
2026-01-11 20:59:05,224 p=164916 u=ruslan n=ansible INFO| TASK [Create wg0-gw.conf] ******************************************************
2026-01-11 20:59:05,224 p=164916 u=ruslan n=ansible INFO| task path: /home/ruslan/wg-ansible-deploy/playbooks/gateway/configure_wireguard_gateway.yaml:19
2026-01-11 20:59:05,237 p=164916 u=ruslan n=ansible INFO| <194.87.83.181> ESTABLISH SSH CONNECTION FOR USER: root
2026-01-11 20:59:05,238 p=164916 u=ruslan n=ansible INFO| <194.87.83.181> SSH: EXEC ssh -C -o ControlMaster=auto -o ControlPersist=60s -o StrictHostKeyChecking=no -o KbdInteractiveAuthentication=no -o PreferredAuthentications=gssapi-with-mic,gssapi-keyex,hostbased,publickey -o PasswordAuthentication=no -o 'User="root"' -o ConnectTimeout=10 -o 'ControlPath="/home/ruslan/.ansible/cp/6688fbee48"' -o NumberOfPasswordPrompts=1 194.87.83.181 '/bin/sh -c '"'"'echo ~root && sleep 0'"'"''
2026-01-11 20:59:05,338 p=164916 u=ruslan n=ansible INFO| <194.87.83.181> (0, b'/root\n', b'')
2026-01-11 20:59:05,339 p=164916 u=ruslan n=ansible INFO| <194.87.83.181> ESTABLISH SSH CONNECTION FOR USER: root
2026-01-11 20:59:05,339 p=164916 u=ruslan n=ansible INFO| <194.87.83.181> SSH: EXEC ssh -C -o ControlMaster=auto -o ControlPersist=60s -o StrictHostKeyChecking=no -o KbdInteractiveAuthentication=no -o PreferredAuthentications=gssapi-with-mic,gssapi-keyex,hostbased,publickey -o PasswordAuthentication=no -o 'User="root"' -o ConnectTimeout=10 -o 'ControlPath="/home/ruslan/.ansible/cp/6688fbee48"' -o NumberOfPasswordPrompts=1 194.87.83.181 '/bin/sh -c '"'"'( umask 77 && mkdir -p "` echo /root/.ansible/tmp `"&& mkdir "` echo /root/.ansible/tmp/ansible-tmp-1768154345.3389041-164989-180115904226220 `" && echo ansible-tmp-1768154345.3389041-164989-180115904226220="` echo /root/.ansible/tmp/ansible-tmp-1768154345.3389041-164989-180115904226220 `" ) && sleep 0'"'"''
2026-01-11 20:59:05,442 p=164916 u=ruslan n=ansible INFO| <194.87.83.181> (0, b'ansible-tmp-1768154345.3389041-164989-180115904226220=/root/.ansible/tmp/ansible-tmp-1768154345.3389041-164989-180115904226220\n', b'')
2026-01-11 20:59:05,557 p=164916 u=ruslan n=ansible INFO| Using module file /home/ruslan/.local/lib/python3.12/site-packages/ansible/modules/stat.py
2026-01-11 20:59:05,558 p=164916 u=ruslan n=ansible INFO| <194.87.83.181> PUT /home/ruslan/.ansible/tmp/ansible-local-164916npi1p84s/tmpb9yje2_1 TO /root/.ansible/tmp/ansible-tmp-1768154345.3389041-164989-180115904226220/AnsiballZ_stat.py
2026-01-11 20:59:05,558 p=164916 u=ruslan n=ansible INFO| <194.87.83.181> SSH: EXEC sftp -b - -C -o ControlMaster=auto -o ControlPersist=60s -o StrictHostKeyChecking=no -o KbdInteractiveAuthentication=no -o PreferredAuthentications=gssapi-with-mic,gssapi-keyex,hostbased,publickey -o PasswordAuthentication=no -o 'User="root"' -o ConnectTimeout=10 -o 'ControlPath="/home/ruslan/.ansible/cp/6688fbee48"' -o NumberOfPasswordPrompts=1 '[194.87.83.181]'
2026-01-11 20:59:06,055 p=164916 u=ruslan n=ansible INFO| <194.87.83.181> (0, b'sftp> put /home/ruslan/.ansible/tmp/ansible-local-164916npi1p84s/tmpb9yje2_1 /root/.ansible/tmp/ansible-tmp-1768154345.3389041-164989-180115904226220/AnsiballZ_stat.py\n', b'')
2026-01-11 20:59:06,055 p=164916 u=ruslan n=ansible INFO| <194.87.83.181> ESTABLISH SSH CONNECTION FOR USER: root
2026-01-11 20:59:06,056 p=164916 u=ruslan n=ansible INFO| <194.87.83.181> SSH: EXEC ssh -C -o ControlMaster=auto -o ControlPersist=60s -o StrictHostKeyChecking=no -o KbdInteractiveAuthentication=no -o PreferredAuthentications=gssapi-with-mic,gssapi-keyex,hostbased,publickey -o PasswordAuthentication=no -o 'User="root"' -o ConnectTimeout=10 -o 'ControlPath="/home/ruslan/.ansible/cp/6688fbee48"' -o NumberOfPasswordPrompts=1 194.87.83.181 '/bin/sh -c '"'"'chmod u+rwx /root/.ansible/tmp/ansible-tmp-1768154345.3389041-164989-180115904226220/ /root/.ansible/tmp/ansible-tmp-1768154345.3389041-164989-180115904226220/AnsiballZ_stat.py && sleep 0'"'"''
2026-01-11 20:59:06,157 p=164916 u=ruslan n=ansible INFO| <194.87.83.181> (0, b'', b'')
2026-01-11 20:59:06,157 p=164916 u=ruslan n=ansible INFO| <194.87.83.181> ESTABLISH SSH CONNECTION FOR USER: root
2026-01-11 20:59:06,157 p=164916 u=ruslan n=ansible INFO| <194.87.83.181> SSH: EXEC ssh -C -o ControlMaster=auto -o ControlPersist=60s -o StrictHostKeyChecking=no -o KbdInteractiveAuthentication=no -o PreferredAuthentications=gssapi-with-mic,gssapi-keyex,hostbased,publickey -o PasswordAuthentication=no -o 'User="root"' -o ConnectTimeout=10 -o 'ControlPath="/home/ruslan/.ansible/cp/6688fbee48"' -o NumberOfPasswordPrompts=1 -tt 194.87.83.181 '/bin/sh -c '"'"'/usr/bin/python3.12 /root/.ansible/tmp/ansible-tmp-1768154345.3389041-164989-180115904226220/AnsiballZ_stat.py && sleep 0'"'"''
2026-01-11 20:59:06,642 p=164916 u=ruslan n=ansible INFO| <194.87.83.181> (0, b'\r\n{"changed": false, "stat": {"exists": false}, "invocation": {"module_args": {"path": "/etc/wireguard/wg0-gw.conf", "follow": false, "get_checksum": true, "get_size": false, "checksum_algorithm": "sha1", "get_mime": true, "get_attributes": true, "get_selinux_context": false}}}\r\n', b'Shared connection to 194.87.83.181 closed.\r\n')
2026-01-11 20:59:06,643 p=164916 u=ruslan n=ansible INFO| <194.87.83.181> PUT /home/ruslan/.ansible/tmp/ansible-local-164916npi1p84s/tmppvc57vvq/wg0-gw.conf TO /root/.ansible/tmp/ansible-tmp-1768154345.3389041-164989-180115904226220/.source.conf
2026-01-11 20:59:06,644 p=164916 u=ruslan n=ansible INFO| <194.87.83.181> SSH: EXEC sftp -b - -C -o ControlMaster=auto -o ControlPersist=60s -o StrictHostKeyChecking=no -o KbdInteractiveAuthentication=no -o PreferredAuthentications=gssapi-with-mic,gssapi-keyex,hostbased,publickey -o PasswordAuthentication=no -o 'User="root"' -o ConnectTimeout=10 -o 'ControlPath="/home/ruslan/.ansible/cp/6688fbee48"' -o NumberOfPasswordPrompts=1 '[194.87.83.181]'
2026-01-11 20:59:07,092 p=164916 u=ruslan n=ansible INFO| <194.87.83.181> (0, b'sftp> put /home/ruslan/.ansible/tmp/ansible-local-164916npi1p84s/tmppvc57vvq/wg0-gw.conf /root/.ansible/tmp/ansible-tmp-1768154345.3389041-164989-180115904226220/.source.conf\n', b'')
2026-01-11 20:59:07,093 p=164916 u=ruslan n=ansible INFO| <194.87.83.181> ESTABLISH SSH CONNECTION FOR USER: root
2026-01-11 20:59:07,093 p=164916 u=ruslan n=ansible INFO| <194.87.83.181> SSH: EXEC ssh -C -o ControlMaster=auto -o ControlPersist=60s -o StrictHostKeyChecking=no -o KbdInteractiveAuthentication=no -o PreferredAuthentications=gssapi-with-mic,gssapi-keyex,hostbased,publickey -o PasswordAuthentication=no -o 'User="root"' -o ConnectTimeout=10 -o 'ControlPath="/home/ruslan/.ansible/cp/6688fbee48"' -o NumberOfPasswordPrompts=1 194.87.83.181 '/bin/sh -c '"'"'chmod u+rwx /root/.ansible/tmp/ansible-tmp-1768154345.3389041-164989-180115904226220/ /root/.ansible/tmp/ansible-tmp-1768154345.3389041-164989-180115904226220/.source.conf && sleep 0'"'"''
2026-01-11 20:59:07,197 p=164916 u=ruslan n=ansible INFO| <194.87.83.181> (0, b'', b'')
2026-01-11 20:59:07,315 p=164916 u=ruslan n=ansible INFO| Using module file /home/ruslan/.local/lib/python3.12/site-packages/ansible/modules/copy.py
2026-01-11 20:59:07,315 p=164916 u=ruslan n=ansible INFO| <194.87.83.181> PUT /home/ruslan/.ansible/tmp/ansible-local-164916npi1p84s/tmpyf354y8l TO /root/.ansible/tmp/ansible-tmp-1768154345.3389041-164989-180115904226220/AnsiballZ_copy.py
2026-01-11 20:59:07,315 p=164916 u=ruslan n=ansible INFO| <194.87.83.181> SSH: EXEC sftp -b - -C -o ControlMaster=auto -o ControlPersist=60s -o StrictHostKeyChecking=no -o KbdInteractiveAuthentication=no -o PreferredAuthentications=gssapi-with-mic,gssapi-keyex,hostbased,publickey -o PasswordAuthentication=no -o 'User="root"' -o ConnectTimeout=10 -o 'ControlPath="/home/ruslan/.ansible/cp/6688fbee48"' -o NumberOfPasswordPrompts=1 '[194.87.83.181]'
2026-01-11 20:59:07,818 p=164916 u=ruslan n=ansible INFO| <194.87.83.181> (0, b'sftp> put /home/ruslan/.ansible/tmp/ansible-local-164916npi1p84s/tmpyf354y8l /root/.ansible/tmp/ansible-tmp-1768154345.3389041-164989-180115904226220/AnsiballZ_copy.py\n', b'')
2026-01-11 20:59:07,818 p=164916 u=ruslan n=ansible INFO| <194.87.83.181> ESTABLISH SSH CONNECTION FOR USER: root
2026-01-11 20:59:07,819 p=164916 u=ruslan n=ansible INFO| <194.87.83.181> SSH: EXEC ssh -C -o ControlMaster=auto -o ControlPersist=60s -o StrictHostKeyChecking=no -o KbdInteractiveAuthentication=no -o PreferredAuthentications=gssapi-with-mic,gssapi-keyex,hostbased,publickey -o PasswordAuthentication=no -o 'User="root"' -o ConnectTimeout=10 -o 'ControlPath="/home/ruslan/.ansible/cp/6688fbee48"' -o NumberOfPasswordPrompts=1 194.87.83.181 '/bin/sh -c '"'"'chmod u+rwx /root/.ansible/tmp/ansible-tmp-1768154345.3389041-164989-180115904226220/ /root/.ansible/tmp/ansible-tmp-1768154345.3389041-164989-180115904226220/AnsiballZ_copy.py && sleep 0'"'"''
2026-01-11 20:59:07,922 p=164916 u=ruslan n=ansible INFO| <194.87.83.181> (0, b'', b'')
2026-01-11 20:59:07,923 p=164916 u=ruslan n=ansible INFO| <194.87.83.181> ESTABLISH SSH CONNECTION FOR USER: root
2026-01-11 20:59:07,923 p=164916 u=ruslan n=ansible INFO| <194.87.83.181> SSH: EXEC ssh -C -o ControlMaster=auto -o ControlPersist=60s -o StrictHostKeyChecking=no -o KbdInteractiveAuthentication=no -o PreferredAuthentications=gssapi-with-mic,gssapi-keyex,hostbased,publickey -o PasswordAuthentication=no -o 'User="root"' -o ConnectTimeout=10 -o 'ControlPath="/home/ruslan/.ansible/cp/6688fbee48"' -o NumberOfPasswordPrompts=1 -tt 194.87.83.181 '/bin/sh -c '"'"'/usr/bin/python3.12 /root/.ansible/tmp/ansible-tmp-1768154345.3389041-164989-180115904226220/AnsiballZ_copy.py && sleep 0'"'"''
2026-01-11 20:59:08,398 p=164916 u=ruslan n=ansible INFO| <194.87.83.181> (0, b'\r\n{"dest": "/etc/wireguard/wg0-gw.conf", "src": "/root/.ansible/tmp/ansible-tmp-1768154345.3389041-164989-180115904226220/.source.conf", "md5sum": "299b58b7af88d24c2b7463182489b541", "checksum": "bbc0b80cd83269c28a7c292b7e7e1d6014b67bad", "changed": true, "uid": 0, "gid": 0, "owner": "root", "group": "root", "mode": "0644", "state": "file", "size": 460, "invocation": {"module_args": {"dest": "/etc/wireguard/wg0-gw.conf", "src": "/root/.ansible/tmp/ansible-tmp-1768154345.3389041-164989-180115904226220/.source.conf", "mode": null, "follow": false, "_original_basename": "wg0-gw.conf", "checksum": "bbc0b80cd83269c28a7c292b7e7e1d6014b67bad", "backup": false, "force": true, "remote_src": false, "unsafe_writes": false, "content": null, "validate": null, "directory_mode": null, "local_follow": null, "owner": null, "group": null, "seuser": null, "serole": null, "selevel": null, "setype": null, "attributes": null}}}\r\n', b'Shared connection to 194.87.83.181 closed.\r\n')
2026-01-11 20:59:08,398 p=164916 u=ruslan n=ansible INFO| <194.87.83.181> ESTABLISH SSH CONNECTION FOR USER: root
2026-01-11 20:59:08,399 p=164916 u=ruslan n=ansible INFO| <194.87.83.181> SSH: EXEC ssh -C -o ControlMaster=auto -o ControlPersist=60s -o StrictHostKeyChecking=no -o KbdInteractiveAuthentication=no -o PreferredAuthentications=gssapi-with-mic,gssapi-keyex,hostbased,publickey -o PasswordAuthentication=no -o 'User="root"' -o ConnectTimeout=10 -o 'ControlPath="/home/ruslan/.ansible/cp/6688fbee48"' -o NumberOfPasswordPrompts=1 194.87.83.181 '/bin/sh -c '"'"'rm -f -r /root/.ansible/tmp/ansible-tmp-1768154345.3389041-164989-180115904226220/ > /dev/null 2>&1 && sleep 0'"'"''
2026-01-11 20:59:08,500 p=164916 u=ruslan n=ansible INFO| <194.87.83.181> (0, b'', b'')
2026-01-11 20:59:08,502 p=164916 u=ruslan n=ansible INFO| changed: [node_gw] => {
    "changed": true,
    "checksum": "bbc0b80cd83269c28a7c292b7e7e1d6014b67bad",
    "dest": "/etc/wireguard/wg0-gw.conf",
    "diff": [],
    "gid": 0,
    "group": "root",
    "invocation": {
        "module_args": {
            "_original_basename": "wg0-gw.conf",
            "attributes": null,
            "backup": false,
            "checksum": "bbc0b80cd83269c28a7c292b7e7e1d6014b67bad",
            "content": null,
            "dest": "/etc/wireguard/wg0-gw.conf",
            "directory_mode": null,
            "follow": false,
            "force": true,
            "group": null,
            "local_follow": null,
            "mode": null,
            "owner": null,
            "remote_src": false,
            "selevel": null,
            "serole": null,
            "setype": null,
            "seuser": null,
            "src": "/root/.ansible/tmp/ansible-tmp-1768154345.3389041-164989-180115904226220/.source.conf",
            "unsafe_writes": false,
            "validate": null
        }
    },
    "md5sum": "299b58b7af88d24c2b7463182489b541",
    "mode": "0644",
    "owner": "root",
    "size": 460,
    "src": "/root/.ansible/tmp/ansible-tmp-1768154345.3389041-164989-180115904226220/.source.conf",
    "state": "file",
    "uid": 0
}
2026-01-11 20:59:08,507 p=164916 u=ruslan n=ansible INFO| TASK [Copy public key from gateway to controller] ******************************
2026-01-11 20:59:08,507 p=164916 u=ruslan n=ansible INFO| task path: /home/ruslan/wg-ansible-deploy/playbooks/gateway/configure_wireguard_gateway.yaml:24
2026-01-11 20:59:08,522 p=164916 u=ruslan n=ansible INFO| <194.87.83.181> ESTABLISH SSH CONNECTION FOR USER: root
2026-01-11 20:59:08,522 p=164916 u=ruslan n=ansible INFO| <194.87.83.181> SSH: EXEC ssh -C -o ControlMaster=auto -o ControlPersist=60s -o StrictHostKeyChecking=no -o KbdInteractiveAuthentication=no -o PreferredAuthentications=gssapi-with-mic,gssapi-keyex,hostbased,publickey -o PasswordAuthentication=no -o 'User="root"' -o ConnectTimeout=10 -o 'ControlPath="/home/ruslan/.ansible/cp/6688fbee48"' -o NumberOfPasswordPrompts=1 194.87.83.181 '/bin/sh -c '"'"'echo ~root && sleep 0'"'"''
2026-01-11 20:59:08,625 p=164916 u=ruslan n=ansible INFO| <194.87.83.181> (0, b'/root\n', b'')
2026-01-11 20:59:08,625 p=164916 u=ruslan n=ansible INFO| <194.87.83.181> ESTABLISH SSH CONNECTION FOR USER: root
2026-01-11 20:59:08,626 p=164916 u=ruslan n=ansible INFO| <194.87.83.181> SSH: EXEC ssh -C -o ControlMaster=auto -o ControlPersist=60s -o StrictHostKeyChecking=no -o KbdInteractiveAuthentication=no -o PreferredAuthentications=gssapi-with-mic,gssapi-keyex,hostbased,publickey -o PasswordAuthentication=no -o 'User="root"' -o ConnectTimeout=10 -o 'ControlPath="/home/ruslan/.ansible/cp/6688fbee48"' -o NumberOfPasswordPrompts=1 194.87.83.181 '/bin/sh -c '"'"'( umask 77 && mkdir -p "` echo /root/.ansible/tmp `"&& mkdir "` echo /root/.ansible/tmp/ansible-tmp-1768154348.6257222-165022-160783435060001 `" && echo ansible-tmp-1768154348.6257222-165022-160783435060001="` echo /root/.ansible/tmp/ansible-tmp-1768154348.6257222-165022-160783435060001 `" ) && sleep 0'"'"''
2026-01-11 20:59:08,730 p=164916 u=ruslan n=ansible INFO| <194.87.83.181> (0, b'ansible-tmp-1768154348.6257222-165022-160783435060001=/root/.ansible/tmp/ansible-tmp-1768154348.6257222-165022-160783435060001\n', b'')
2026-01-11 20:59:08,843 p=164916 u=ruslan n=ansible INFO| Using module file /home/ruslan/.local/lib/python3.12/site-packages/ansible/modules/slurp.py
2026-01-11 20:59:08,844 p=164916 u=ruslan n=ansible INFO| <194.87.83.181> PUT /home/ruslan/.ansible/tmp/ansible-local-164916npi1p84s/tmpi7_c7syz TO /root/.ansible/tmp/ansible-tmp-1768154348.6257222-165022-160783435060001/AnsiballZ_slurp.py
2026-01-11 20:59:08,844 p=164916 u=ruslan n=ansible INFO| <194.87.83.181> SSH: EXEC sftp -b - -C -o ControlMaster=auto -o ControlPersist=60s -o StrictHostKeyChecking=no -o KbdInteractiveAuthentication=no -o PreferredAuthentications=gssapi-with-mic,gssapi-keyex,hostbased,publickey -o PasswordAuthentication=no -o 'User="root"' -o ConnectTimeout=10 -o 'ControlPath="/home/ruslan/.ansible/cp/6688fbee48"' -o NumberOfPasswordPrompts=1 '[194.87.83.181]'
2026-01-11 20:59:09,334 p=164916 u=ruslan n=ansible INFO| <194.87.83.181> (0, b'sftp> put /home/ruslan/.ansible/tmp/ansible-local-164916npi1p84s/tmpi7_c7syz /root/.ansible/tmp/ansible-tmp-1768154348.6257222-165022-160783435060001/AnsiballZ_slurp.py\n', b'')
2026-01-11 20:59:09,334 p=164916 u=ruslan n=ansible INFO| <194.87.83.181> ESTABLISH SSH CONNECTION FOR USER: root
2026-01-11 20:59:09,334 p=164916 u=ruslan n=ansible INFO| <194.87.83.181> SSH: EXEC ssh -C -o ControlMaster=auto -o ControlPersist=60s -o StrictHostKeyChecking=no -o KbdInteractiveAuthentication=no -o PreferredAuthentications=gssapi-with-mic,gssapi-keyex,hostbased,publickey -o PasswordAuthentication=no -o 'User="root"' -o ConnectTimeout=10 -o 'ControlPath="/home/ruslan/.ansible/cp/6688fbee48"' -o NumberOfPasswordPrompts=1 194.87.83.181 '/bin/sh -c '"'"'chmod u+rwx /root/.ansible/tmp/ansible-tmp-1768154348.6257222-165022-160783435060001/ /root/.ansible/tmp/ansible-tmp-1768154348.6257222-165022-160783435060001/AnsiballZ_slurp.py && sleep 0'"'"''
2026-01-11 20:59:09,435 p=164916 u=ruslan n=ansible INFO| <194.87.83.181> (0, b'', b'')
2026-01-11 20:59:09,435 p=164916 u=ruslan n=ansible INFO| <194.87.83.181> ESTABLISH SSH CONNECTION FOR USER: root
2026-01-11 20:59:09,435 p=164916 u=ruslan n=ansible INFO| <194.87.83.181> SSH: EXEC ssh -C -o ControlMaster=auto -o ControlPersist=60s -o StrictHostKeyChecking=no -o KbdInteractiveAuthentication=no -o PreferredAuthentications=gssapi-with-mic,gssapi-keyex,hostbased,publickey -o PasswordAuthentication=no -o 'User="root"' -o ConnectTimeout=10 -o 'ControlPath="/home/ruslan/.ansible/cp/6688fbee48"' -o NumberOfPasswordPrompts=1 -tt 194.87.83.181 '/bin/sh -c '"'"'/usr/bin/python3.12 /root/.ansible/tmp/ansible-tmp-1768154348.6257222-165022-160783435060001/AnsiballZ_slurp.py && sleep 0'"'"''
2026-01-11 20:59:09,808 p=164916 u=ruslan n=ansible INFO| <194.87.83.181> (0, b'\r\n{"content": "dk53VGVFeXRiZkxpR2R0QVNKL2ZwSEJFeVR3cVVCamVKK21CQnIvVDYzND0K", "source": "/etc/wireguard/node_gw_public", "encoding": "base64", "invocation": {"module_args": {"src": "/etc/wireguard/node_gw_public"}}}\r\n', b'Shared connection to 194.87.83.181 closed.\r\n')
2026-01-11 20:59:09,809 p=164916 u=ruslan n=ansible INFO| <194.87.83.181> ESTABLISH SSH CONNECTION FOR USER: root
2026-01-11 20:59:09,810 p=164916 u=ruslan n=ansible INFO| <194.87.83.181> SSH: EXEC ssh -C -o ControlMaster=auto -o ControlPersist=60s -o StrictHostKeyChecking=no -o KbdInteractiveAuthentication=no -o PreferredAuthentications=gssapi-with-mic,gssapi-keyex,hostbased,publickey -o PasswordAuthentication=no -o 'User="root"' -o ConnectTimeout=10 -o 'ControlPath="/home/ruslan/.ansible/cp/6688fbee48"' -o NumberOfPasswordPrompts=1 194.87.83.181 '/bin/sh -c '"'"'rm -f -r /root/.ansible/tmp/ansible-tmp-1768154348.6257222-165022-160783435060001/ > /dev/null 2>&1 && sleep 0'"'"''
2026-01-11 20:59:09,913 p=164916 u=ruslan n=ansible INFO| <194.87.83.181> (0, b'', b'')
2026-01-11 20:59:09,915 p=164916 u=ruslan n=ansible INFO| changed: [node_gw] => {
    "changed": true,
    "checksum": "f154205144d997af987b02dfd8a31932833e1e30",
    "dest": "/home/ruslan/wg-ansible-deploy/files/public_keys/node_gw_public",
    "file": "/etc/wireguard/node_gw_public",
    "md5sum": "f57c82e20b51106f738e630826e8b382",
    "remote_checksum": "f154205144d997af987b02dfd8a31932833e1e30",
    "remote_md5sum": null
}
2026-01-11 20:59:09,940 p=164916 u=ruslan n=ansible INFO| TASK [Install iptables] ********************************************************
2026-01-11 20:59:09,940 p=164916 u=ruslan n=ansible INFO| task path: /home/ruslan/wg-ansible-deploy/playbooks/gateway/configure_wireguard_gateway.yaml:30
2026-01-11 20:59:09,952 p=164916 u=ruslan n=ansible INFO| <194.87.83.181> ESTABLISH SSH CONNECTION FOR USER: root
2026-01-11 20:59:09,952 p=164916 u=ruslan n=ansible INFO| <194.87.83.181> SSH: EXEC ssh -C -o ControlMaster=auto -o ControlPersist=60s -o StrictHostKeyChecking=no -o KbdInteractiveAuthentication=no -o PreferredAuthentications=gssapi-with-mic,gssapi-keyex,hostbased,publickey -o PasswordAuthentication=no -o 'User="root"' -o ConnectTimeout=10 -o 'ControlPath="/home/ruslan/.ansible/cp/6688fbee48"' -o NumberOfPasswordPrompts=1 194.87.83.181 '/bin/sh -c '"'"'echo ~root && sleep 0'"'"''
2026-01-11 20:59:10,052 p=164916 u=ruslan n=ansible INFO| <194.87.83.181> (0, b'/root\n', b'')
2026-01-11 20:59:10,052 p=164916 u=ruslan n=ansible INFO| <194.87.83.181> ESTABLISH SSH CONNECTION FOR USER: root
2026-01-11 20:59:10,053 p=164916 u=ruslan n=ansible INFO| <194.87.83.181> SSH: EXEC ssh -C -o ControlMaster=auto -o ControlPersist=60s -o StrictHostKeyChecking=no -o KbdInteractiveAuthentication=no -o PreferredAuthentications=gssapi-with-mic,gssapi-keyex,hostbased,publickey -o PasswordAuthentication=no -o 'User="root"' -o ConnectTimeout=10 -o 'ControlPath="/home/ruslan/.ansible/cp/6688fbee48"' -o NumberOfPasswordPrompts=1 194.87.83.181 '/bin/sh -c '"'"'( umask 77 && mkdir -p "` echo /root/.ansible/tmp `"&& mkdir "` echo /root/.ansible/tmp/ansible-tmp-1768154350.052384-165043-85960833815028 `" && echo ansible-tmp-1768154350.052384-165043-85960833815028="` echo /root/.ansible/tmp/ansible-tmp-1768154350.052384-165043-85960833815028 `" ) && sleep 0'"'"''
2026-01-11 20:59:10,154 p=164916 u=ruslan n=ansible INFO| <194.87.83.181> (0, b'ansible-tmp-1768154350.052384-165043-85960833815028=/root/.ansible/tmp/ansible-tmp-1768154350.052384-165043-85960833815028\n', b'')
2026-01-11 20:59:10,289 p=164916 u=ruslan n=ansible INFO| Using module file /home/ruslan/.local/lib/python3.12/site-packages/ansible/modules/apt.py
2026-01-11 20:59:10,290 p=164916 u=ruslan n=ansible INFO| <194.87.83.181> PUT /home/ruslan/.ansible/tmp/ansible-local-164916npi1p84s/tmp_0bfn89w TO /root/.ansible/tmp/ansible-tmp-1768154350.052384-165043-85960833815028/AnsiballZ_apt.py
2026-01-11 20:59:10,290 p=164916 u=ruslan n=ansible INFO| <194.87.83.181> SSH: EXEC sftp -b - -C -o ControlMaster=auto -o ControlPersist=60s -o StrictHostKeyChecking=no -o KbdInteractiveAuthentication=no -o PreferredAuthentications=gssapi-with-mic,gssapi-keyex,hostbased,publickey -o PasswordAuthentication=no -o 'User="root"' -o ConnectTimeout=10 -o 'ControlPath="/home/ruslan/.ansible/cp/6688fbee48"' -o NumberOfPasswordPrompts=1 '[194.87.83.181]'
2026-01-11 20:59:10,783 p=164916 u=ruslan n=ansible INFO| <194.87.83.181> (0, b'sftp> put /home/ruslan/.ansible/tmp/ansible-local-164916npi1p84s/tmp_0bfn89w /root/.ansible/tmp/ansible-tmp-1768154350.052384-165043-85960833815028/AnsiballZ_apt.py\n', b'')
2026-01-11 20:59:10,783 p=164916 u=ruslan n=ansible INFO| <194.87.83.181> ESTABLISH SSH CONNECTION FOR USER: root
2026-01-11 20:59:10,783 p=164916 u=ruslan n=ansible INFO| <194.87.83.181> SSH: EXEC ssh -C -o ControlMaster=auto -o ControlPersist=60s -o StrictHostKeyChecking=no -o KbdInteractiveAuthentication=no -o PreferredAuthentications=gssapi-with-mic,gssapi-keyex,hostbased,publickey -o PasswordAuthentication=no -o 'User="root"' -o ConnectTimeout=10 -o 'ControlPath="/home/ruslan/.ansible/cp/6688fbee48"' -o NumberOfPasswordPrompts=1 194.87.83.181 '/bin/sh -c '"'"'chmod u+rwx /root/.ansible/tmp/ansible-tmp-1768154350.052384-165043-85960833815028/ /root/.ansible/tmp/ansible-tmp-1768154350.052384-165043-85960833815028/AnsiballZ_apt.py && sleep 0'"'"''
2026-01-11 20:59:10,885 p=164916 u=ruslan n=ansible INFO| <194.87.83.181> (0, b'', b'')
2026-01-11 20:59:10,885 p=164916 u=ruslan n=ansible INFO| <194.87.83.181> ESTABLISH SSH CONNECTION FOR USER: root
2026-01-11 20:59:10,885 p=164916 u=ruslan n=ansible INFO| <194.87.83.181> SSH: EXEC ssh -C -o ControlMaster=auto -o ControlPersist=60s -o StrictHostKeyChecking=no -o KbdInteractiveAuthentication=no -o PreferredAuthentications=gssapi-with-mic,gssapi-keyex,hostbased,publickey -o PasswordAuthentication=no -o 'User="root"' -o ConnectTimeout=10 -o 'ControlPath="/home/ruslan/.ansible/cp/6688fbee48"' -o NumberOfPasswordPrompts=1 -tt 194.87.83.181 '/bin/sh -c '"'"'/usr/bin/python3.12 /root/.ansible/tmp/ansible-tmp-1768154350.052384-165043-85960833815028/AnsiballZ_apt.py && sleep 0'"'"''
2026-01-11 20:59:12,194 p=164916 u=ruslan n=ansible INFO| <194.87.83.181> (0, b'\r\n{"changed": false, "cache_updated": false, "cache_update_time": 1768154009, "invocation": {"module_args": {"name": "iptables", "state": "present", "package": ["iptables"], "update_cache_retries": 5, "update_cache_retry_max_delay": 12, "cache_valid_time": 0, "purge": false, "force": false, "upgrade": null, "dpkg_options": "force-confdef,force-confold", "autoremove": false, "autoclean": false, "fail_on_autoremove": false, "only_upgrade": false, "force_apt_get": false, "clean": false, "allow_unauthenticated": false, "allow_downgrade": false, "allow_change_held_packages": false, "lock_timeout": 60, "auto_install_module_deps": true, "update_cache": null, "deb": null, "default_release": null, "install_recommends": null, "policy_rc_d": null}}}\r\n', b'Shared connection to 194.87.83.181 closed.\r\n')
2026-01-11 20:59:12,195 p=164916 u=ruslan n=ansible INFO| <194.87.83.181> ESTABLISH SSH CONNECTION FOR USER: root
2026-01-11 20:59:12,195 p=164916 u=ruslan n=ansible INFO| <194.87.83.181> SSH: EXEC ssh -C -o ControlMaster=auto -o ControlPersist=60s -o StrictHostKeyChecking=no -o KbdInteractiveAuthentication=no -o PreferredAuthentications=gssapi-with-mic,gssapi-keyex,hostbased,publickey -o PasswordAuthentication=no -o 'User="root"' -o ConnectTimeout=10 -o 'ControlPath="/home/ruslan/.ansible/cp/6688fbee48"' -o NumberOfPasswordPrompts=1 194.87.83.181 '/bin/sh -c '"'"'rm -f -r /root/.ansible/tmp/ansible-tmp-1768154350.052384-165043-85960833815028/ > /dev/null 2>&1 && sleep 0'"'"''
2026-01-11 20:59:12,297 p=164916 u=ruslan n=ansible INFO| <194.87.83.181> (0, b'', b'')
2026-01-11 20:59:12,299 p=164916 u=ruslan n=ansible INFO| ok: [node_gw] => {
    "cache_update_time": 1768154009,
    "cache_updated": false,
    "changed": false,
    "invocation": {
        "module_args": {
            "allow_change_held_packages": false,
            "allow_downgrade": false,
            "allow_unauthenticated": false,
            "auto_install_module_deps": true,
            "autoclean": false,
            "autoremove": false,
            "cache_valid_time": 0,
            "clean": false,
            "deb": null,
            "default_release": null,
            "dpkg_options": "force-confdef,force-confold",
            "fail_on_autoremove": false,
            "force": false,
            "force_apt_get": false,
            "install_recommends": null,
            "lock_timeout": 60,
            "name": "iptables",
            "only_upgrade": false,
            "package": [
                "iptables"
            ],
            "policy_rc_d": null,
            "purge": false,
            "state": "present",
            "update_cache": null,
            "update_cache_retries": 5,
            "update_cache_retry_max_delay": 12,
            "upgrade": null
        }
    }
}
2026-01-11 20:59:12,303 p=164916 u=ruslan n=ansible INFO| TASK [Enabling forwarding on gateway] ******************************************
2026-01-11 20:59:12,303 p=164916 u=ruslan n=ansible INFO| task path: /home/ruslan/wg-ansible-deploy/playbooks/gateway/configure_wireguard_gateway.yaml:35
2026-01-11 20:59:12,310 p=164916 u=ruslan n=ansible INFO| redirecting (type: modules) ansible.builtin.sysctl to ansible.posix.sysctl
2026-01-11 20:59:12,314 p=164916 u=ruslan n=ansible INFO| redirecting (type: modules) ansible.builtin.sysctl to ansible.posix.sysctl
2026-01-11 20:59:12,315 p=164916 u=ruslan n=ansible INFO| <194.87.83.181> ESTABLISH SSH CONNECTION FOR USER: root
2026-01-11 20:59:12,315 p=164916 u=ruslan n=ansible INFO| <194.87.83.181> SSH: EXEC ssh -C -o ControlMaster=auto -o ControlPersist=60s -o StrictHostKeyChecking=no -o KbdInteractiveAuthentication=no -o PreferredAuthentications=gssapi-with-mic,gssapi-keyex,hostbased,publickey -o PasswordAuthentication=no -o 'User="root"' -o ConnectTimeout=10 -o 'ControlPath="/home/ruslan/.ansible/cp/6688fbee48"' -o NumberOfPasswordPrompts=1 194.87.83.181 '/bin/sh -c '"'"'echo ~root && sleep 0'"'"''
2026-01-11 20:59:12,416 p=164916 u=ruslan n=ansible INFO| <194.87.83.181> (0, b'/root\n', b'')
2026-01-11 20:59:12,416 p=164916 u=ruslan n=ansible INFO| <194.87.83.181> ESTABLISH SSH CONNECTION FOR USER: root
2026-01-11 20:59:12,416 p=164916 u=ruslan n=ansible INFO| <194.87.83.181> SSH: EXEC ssh -C -o ControlMaster=auto -o ControlPersist=60s -o StrictHostKeyChecking=no -o KbdInteractiveAuthentication=no -o PreferredAuthentications=gssapi-with-mic,gssapi-keyex,hostbased,publickey -o PasswordAuthentication=no -o 'User="root"' -o ConnectTimeout=10 -o 'ControlPath="/home/ruslan/.ansible/cp/6688fbee48"' -o NumberOfPasswordPrompts=1 194.87.83.181 '/bin/sh -c '"'"'( umask 77 && mkdir -p "` echo /root/.ansible/tmp `"&& mkdir "` echo /root/.ansible/tmp/ansible-tmp-1768154352.416174-165063-89607795102904 `" && echo ansible-tmp-1768154352.416174-165063-89607795102904="` echo /root/.ansible/tmp/ansible-tmp-1768154352.416174-165063-89607795102904 `" ) && sleep 0'"'"''
2026-01-11 20:59:12,523 p=164916 u=ruslan n=ansible INFO| <194.87.83.181> (0, b'ansible-tmp-1768154352.416174-165063-89607795102904=/root/.ansible/tmp/ansible-tmp-1768154352.416174-165063-89607795102904\n', b'')
2026-01-11 20:59:12,524 p=164916 u=ruslan n=ansible INFO| redirecting (type: modules) ansible.builtin.sysctl to ansible.posix.sysctl
2026-01-11 20:59:12,644 p=164916 u=ruslan n=ansible INFO| Using module file /home/ruslan/.local/lib/python3.12/site-packages/ansible_collections/ansible/posix/plugins/modules/sysctl.py
2026-01-11 20:59:12,644 p=164916 u=ruslan n=ansible INFO| <194.87.83.181> PUT /home/ruslan/.ansible/tmp/ansible-local-164916npi1p84s/tmpxwq0e1l7 TO /root/.ansible/tmp/ansible-tmp-1768154352.416174-165063-89607795102904/AnsiballZ_sysctl.py
2026-01-11 20:59:12,645 p=164916 u=ruslan n=ansible INFO| <194.87.83.181> SSH: EXEC sftp -b - -C -o ControlMaster=auto -o ControlPersist=60s -o StrictHostKeyChecking=no -o KbdInteractiveAuthentication=no -o PreferredAuthentications=gssapi-with-mic,gssapi-keyex,hostbased,publickey -o PasswordAuthentication=no -o 'User="root"' -o ConnectTimeout=10 -o 'ControlPath="/home/ruslan/.ansible/cp/6688fbee48"' -o NumberOfPasswordPrompts=1 '[194.87.83.181]'
2026-01-11 20:59:13,230 p=164916 u=ruslan n=ansible INFO| <194.87.83.181> (0, b'sftp> put /home/ruslan/.ansible/tmp/ansible-local-164916npi1p84s/tmpxwq0e1l7 /root/.ansible/tmp/ansible-tmp-1768154352.416174-165063-89607795102904/AnsiballZ_sysctl.py\n', b'')
2026-01-11 20:59:13,230 p=164916 u=ruslan n=ansible INFO| <194.87.83.181> ESTABLISH SSH CONNECTION FOR USER: root
2026-01-11 20:59:13,231 p=164916 u=ruslan n=ansible INFO| <194.87.83.181> SSH: EXEC ssh -C -o ControlMaster=auto -o ControlPersist=60s -o StrictHostKeyChecking=no -o KbdInteractiveAuthentication=no -o PreferredAuthentications=gssapi-with-mic,gssapi-keyex,hostbased,publickey -o PasswordAuthentication=no -o 'User="root"' -o ConnectTimeout=10 -o 'ControlPath="/home/ruslan/.ansible/cp/6688fbee48"' -o NumberOfPasswordPrompts=1 194.87.83.181 '/bin/sh -c '"'"'chmod u+rwx /root/.ansible/tmp/ansible-tmp-1768154352.416174-165063-89607795102904/ /root/.ansible/tmp/ansible-tmp-1768154352.416174-165063-89607795102904/AnsiballZ_sysctl.py && sleep 0'"'"''
2026-01-11 20:59:13,330 p=164916 u=ruslan n=ansible INFO| <194.87.83.181> (0, b'', b'')
2026-01-11 20:59:13,330 p=164916 u=ruslan n=ansible INFO| <194.87.83.181> ESTABLISH SSH CONNECTION FOR USER: root
2026-01-11 20:59:13,331 p=164916 u=ruslan n=ansible INFO| <194.87.83.181> SSH: EXEC ssh -C -o ControlMaster=auto -o ControlPersist=60s -o StrictHostKeyChecking=no -o KbdInteractiveAuthentication=no -o PreferredAuthentications=gssapi-with-mic,gssapi-keyex,hostbased,publickey -o PasswordAuthentication=no -o 'User="root"' -o ConnectTimeout=10 -o 'ControlPath="/home/ruslan/.ansible/cp/6688fbee48"' -o NumberOfPasswordPrompts=1 -tt 194.87.83.181 '/bin/sh -c '"'"'/usr/bin/python3.12 /root/.ansible/tmp/ansible-tmp-1768154352.416174-165063-89607795102904/AnsiballZ_sysctl.py && sleep 0'"'"''
2026-01-11 20:59:13,732 p=164916 u=ruslan n=ansible INFO| <194.87.83.181> (0, b'\r\n{"changed": false, "invocation": {"module_args": {"name": "net.ipv4.ip_forward", "reload": true, "state": "present", "value": "1", "sysctl_set": false, "ignoreerrors": false, "sysctl_file": "/etc/sysctl.conf"}}, "deprecations": [{"event": {"msg": "Importing \'to_native\' from \'ansible.module_utils._text\' is deprecated.", "formatted_traceback": "Traceback (most recent call last):\\n  File \\"/root/.ansible/tmp/ansible-tmp-1768154352.416174-165063-89607795102904/AnsiballZ_sysctl.py\\", line 266, in <module>\\n    _ansiballz_main(\\n  File \\"/root/.ansible/tmp/ansible-tmp-1768154352.416174-165063-89607795102904/AnsiballZ_sysctl.py\\", line 260, in _ansiballz_main\\n    invoke_module(zipped_mod, encoded_params)\\n  File \\"/root/.ansible/tmp/ansible-tmp-1768154352.416174-165063-89607795102904/AnsiballZ_sysctl.py\\", line 140, in invoke_module\\n    _loader.run_module(\\n  File \\"/tmp/ansible_ansible.builtin.sysctl_payload_bnia0awu/ansible_ansible.builtin.sysctl_payload.zip/ansible/module_utils/_internal/_ansiballz/_loader.py\\", line 35, in run_module\\n    _run_module(\\n  File \\"/tmp/ansible_ansible.builtin.sysctl_payload_bnia0awu/ansible_ansible.builtin.sysctl_payload.zip/ansible/module_utils/_internal/_ansiballz/_loader.py\\", line 62, in _run_module\\n    runpy.run_module(mod_name=module_fqn, init_globals=init_globals, run_name=\'__main__\', alter_sys=True)\\n  File \\"<frozen runpy>\\", line 226, in run_module\\n  File \\"<frozen runpy>\\", line 98, in _run_module_code\\n  File \\"<frozen runpy>\\", line 88, in _run_code\\n  File \\"/tmp/ansible_ansible.builtin.sysctl_payload_bnia0awu/ansible_ansible.builtin.sysctl_payload.zip/ansible_collections/ansible/posix/plugins/modules/sysctl.py\\", line 108, in <module>\\n    from ansible.module_utils._text import to_native\\n  File \\"/tmp/ansible_ansible.builtin.sysctl_payload_bnia0awu/ansible_ansible.builtin.sysctl_payload.zip/ansible/module_utils/_text.py\\", line 30, in __getattr__\\n    _warnings.deprecate(\\nMessage: Importing \'to_native\' from \'ansible.module_utils._text\' is deprecated.\\n", "help_text": "Use ansible.module_utils.common.text.converters instead.", "__ansible_type": "Event"}, "deprecator": {"resolved_name": "ansible.builtin", "type": null, "__ansible_type": "PluginInfo"}, "version": "2.24", "__ansible_type": "DeprecationSummary"}]}\r\n', b'Shared connection to 194.87.83.181 closed.\r\n')
2026-01-11 20:59:13,735 p=164916 u=ruslan n=ansible INFO| <194.87.83.181> ESTABLISH SSH CONNECTION FOR USER: root
2026-01-11 20:59:13,735 p=164916 u=ruslan n=ansible INFO| <194.87.83.181> SSH: EXEC ssh -C -o ControlMaster=auto -o ControlPersist=60s -o StrictHostKeyChecking=no -o KbdInteractiveAuthentication=no -o PreferredAuthentications=gssapi-with-mic,gssapi-keyex,hostbased,publickey -o PasswordAuthentication=no -o 'User="root"' -o ConnectTimeout=10 -o 'ControlPath="/home/ruslan/.ansible/cp/6688fbee48"' -o NumberOfPasswordPrompts=1 194.87.83.181 '/bin/sh -c '"'"'rm -f -r /root/.ansible/tmp/ansible-tmp-1768154352.416174-165063-89607795102904/ > /dev/null 2>&1 && sleep 0'"'"''
2026-01-11 20:59:13,839 p=164916 u=ruslan n=ansible INFO| <194.87.83.181> (0, b'', b'')
2026-01-11 20:59:13,842 p=164916 u=ruslan n=ansible WARNING| [WARNING]: Deprecation warnings can be disabled by setting `deprecation_warnings=False` in ansible.cfg.

2026-01-11 20:59:13,842 p=164916 u=ruslan n=ansible INFO| [DEPRECATION WARNING]: Importing 'to_native' from 'ansible.module_utils._text' is deprecated. This feature will be removed from ansible-core version 2.24. Use ansible.module_utils.common.text.converters instead.

2026-01-11 20:59:13,842 p=164916 u=ruslan n=ansible INFO| ok: [node_gw] => {
    "changed": false,
    "invocation": {
        "module_args": {
            "ignoreerrors": false,
            "name": "net.ipv4.ip_forward",
            "reload": true,
            "state": "present",
            "sysctl_file": "/etc/sysctl.conf",
            "sysctl_set": false,
            "value": "1"
        }
    }
}
2026-01-11 20:59:13,843 p=164916 u=ruslan n=ansible INFO| PLAY RECAP *********************************************************************
2026-01-11 20:59:13,843 p=164916 u=ruslan n=ansible INFO| node_gw                    : ok=7    changed=4    unreachable=0    failed=0    skipped=0    rescued=0    ignored=0   
2026-01-11 21:02:36,937 p=165753 u=ruslan n=ansible INFO| ansible-playbook [core 2.20.1]
  config file = /home/ruslan/wg-ansible-deploy/ansible.cfg
  configured module search path = ['/home/ruslan/.ansible/plugins/modules', '/usr/share/ansible/plugins/modules']
  ansible python module location = /home/ruslan/.local/lib/python3.12/site-packages/ansible
  ansible collection location = /home/ruslan/.ansible/collections:/usr/share/ansible/collections
  executable location = /home/ruslan/.local/bin/ansible-playbook
  python version = 3.12.12 (main, Oct 10 2025, 00:00:00) [GCC 14.3.1 20250617 (Red Hat 14.3.1-2)] (/usr/bin/python3)
  jinja version = 3.1.6
  pyyaml version = 6.0.1 (with libyaml v0.2.5)
2026-01-11 21:02:36,937 p=165753 u=ruslan n=ansible INFO| Using /home/ruslan/wg-ansible-deploy/ansible.cfg as config file
2026-01-11 21:02:37,021 p=165753 u=ruslan n=ansible INFO| host_list declined parsing /home/ruslan/wg-ansible-deploy/inventory/inventory.ini as it did not pass its verify_file() method
2026-01-11 21:02:37,021 p=165753 u=ruslan n=ansible INFO| script declined parsing /home/ruslan/wg-ansible-deploy/inventory/inventory.ini as it did not pass its verify_file() method
2026-01-11 21:02:37,021 p=165753 u=ruslan n=ansible INFO| auto declined parsing /home/ruslan/wg-ansible-deploy/inventory/inventory.ini as it did not pass its verify_file() method
2026-01-11 21:02:37,022 p=165753 u=ruslan n=ansible INFO| yaml declined parsing /home/ruslan/wg-ansible-deploy/inventory/inventory.ini as it did not pass its verify_file() method
2026-01-11 21:02:37,024 p=165753 u=ruslan n=ansible INFO| Parsed /home/ruslan/wg-ansible-deploy/inventory/inventory.ini inventory source with ini plugin
2026-01-11 21:02:37,028 p=165753 u=ruslan n=ansible WARNING| [WARNING]: Unable to load the cache plugin 'true'.

2026-01-11 21:02:37,085 p=165753 u=ruslan n=ansible INFO| redirecting (type: modules) ansible.builtin.sysctl to ansible.posix.sysctl
2026-01-11 21:02:37,114 p=165753 u=ruslan n=ansible INFO| Skipping callback 'minimal', as we already have a stdout callback.
2026-01-11 21:02:37,114 p=165753 u=ruslan n=ansible INFO| Skipping callback 'oneline', as we already have a stdout callback.
2026-01-11 21:02:37,114 p=165753 u=ruslan n=ansible INFO| PLAYBOOK: configure_wireguard_gateway.yaml *******************************************************************************************************************************************************************
2026-01-11 21:02:37,114 p=165753 u=ruslan n=ansible INFO| 1 plays in playbooks/gateway/configure_wireguard_gateway.yaml
2026-01-11 21:02:37,116 p=165753 u=ruslan n=ansible INFO| PLAY [configure wireguard gateway] ***************************************************************************************************************************************************************************
2026-01-11 21:02:37,123 p=165753 u=ruslan n=ansible INFO| TASK [Gathering Facts] ***************************************************************************************************************************************************************************************
2026-01-11 21:02:37,123 p=165753 u=ruslan n=ansible INFO| task path: /home/ruslan/wg-ansible-deploy/playbooks/gateway/configure_wireguard_gateway.yaml:1
2026-01-11 21:02:37,135 p=165753 u=ruslan n=ansible INFO| <194.87.83.181> ESTABLISH SSH CONNECTION FOR USER: root
2026-01-11 21:02:37,135 p=165753 u=ruslan n=ansible INFO| <194.87.83.181> SSH: EXEC ssh -C -o ControlMaster=auto -o ControlPersist=60s -o StrictHostKeyChecking=no -o KbdInteractiveAuthentication=no -o PreferredAuthentications=gssapi-with-mic,gssapi-keyex,hostbased,publickey -o PasswordAuthentication=no -o 'User="root"' -o ConnectTimeout=10 -o 'ControlPath="/home/ruslan/.ansible/cp/6688fbee48"' -o NumberOfPasswordPrompts=1 194.87.83.181 '/bin/sh -c '"'"'echo ~root && sleep 0'"'"''
2026-01-11 21:02:38,302 p=165753 u=ruslan n=ansible INFO| <194.87.83.181> (0, b'/root\n', b'')
2026-01-11 21:02:38,303 p=165753 u=ruslan n=ansible INFO| <194.87.83.181> ESTABLISH SSH CONNECTION FOR USER: root
2026-01-11 21:02:38,303 p=165753 u=ruslan n=ansible INFO| <194.87.83.181> SSH: EXEC ssh -C -o ControlMaster=auto -o ControlPersist=60s -o StrictHostKeyChecking=no -o KbdInteractiveAuthentication=no -o PreferredAuthentications=gssapi-with-mic,gssapi-keyex,hostbased,publickey -o PasswordAuthentication=no -o 'User="root"' -o ConnectTimeout=10 -o 'ControlPath="/home/ruslan/.ansible/cp/6688fbee48"' -o NumberOfPasswordPrompts=1 194.87.83.181 '/bin/sh -c '"'"'( umask 77 && mkdir -p "` echo /root/.ansible/tmp `"&& mkdir "` echo /root/.ansible/tmp/ansible-tmp-1768154558.302803-165756-247621210048267 `" && echo ansible-tmp-1768154558.302803-165756-247621210048267="` echo /root/.ansible/tmp/ansible-tmp-1768154558.302803-165756-247621210048267 `" ) && sleep 0'"'"''
2026-01-11 21:02:38,405 p=165753 u=ruslan n=ansible INFO| <194.87.83.181> (0, b'ansible-tmp-1768154558.302803-165756-247621210048267=/root/.ansible/tmp/ansible-tmp-1768154558.302803-165756-247621210048267\n', b'')
2026-01-11 21:02:38,614 p=165753 u=ruslan n=ansible INFO| <node_gw> Attempting python interpreter discovery.
2026-01-11 21:02:38,614 p=165753 u=ruslan n=ansible INFO| <194.87.83.181> ESTABLISH SSH CONNECTION FOR USER: root
2026-01-11 21:02:38,615 p=165753 u=ruslan n=ansible INFO| <194.87.83.181> SSH: EXEC ssh -C -o ControlMaster=auto -o ControlPersist=60s -o StrictHostKeyChecking=no -o KbdInteractiveAuthentication=no -o PreferredAuthentications=gssapi-with-mic,gssapi-keyex,hostbased,publickey -o PasswordAuthentication=no -o 'User="root"' -o ConnectTimeout=10 -o 'ControlPath="/home/ruslan/.ansible/cp/6688fbee48"' -o NumberOfPasswordPrompts=1 194.87.83.181 '/bin/sh -c '"'"'echo FOUND; command -v '"'"'"'"'"'"'"'"'python3.14'"'"'"'"'"'"'"'"'; command -v '"'"'"'"'"'"'"'"'python3.13'"'"'"'"'"'"'"'"'; command -v '"'"'"'"'"'"'"'"'python3.12'"'"'"'"'"'"'"'"'; command -v '"'"'"'"'"'"'"'"'python3.11'"'"'"'"'"'"'"'"'; command -v '"'"'"'"'"'"'"'"'python3.10'"'"'"'"'"'"'"'"'; command -v '"'"'"'"'"'"'"'"'python3.9'"'"'"'"'"'"'"'"'; command -v '"'"'"'"'"'"'"'"'/usr/bin/python3'"'"'"'"'"'"'"'"'; command -v '"'"'"'"'"'"'"'"'python3'"'"'"'"'"'"'"'"'; echo ENDFOUND && sleep 0'"'"''
2026-01-11 21:02:38,712 p=165753 u=ruslan n=ansible INFO| <194.87.83.181> (0, b'FOUND\n/usr/bin/python3.12\n/usr/bin/python3\n/usr/bin/python3\nENDFOUND\n', b'')
2026-01-11 21:02:38,715 p=165753 u=ruslan n=ansible INFO| Using module file /home/ruslan/.local/lib/python3.12/site-packages/ansible/modules/setup.py
2026-01-11 21:02:38,716 p=165753 u=ruslan n=ansible INFO| <194.87.83.181> PUT /home/ruslan/.ansible/tmp/ansible-local-165753t1c7267l/tmpmx1gyefw TO /root/.ansible/tmp/ansible-tmp-1768154558.302803-165756-247621210048267/AnsiballZ_setup.py
2026-01-11 21:02:38,716 p=165753 u=ruslan n=ansible INFO| <194.87.83.181> SSH: EXEC sftp -b - -C -o ControlMaster=auto -o ControlPersist=60s -o StrictHostKeyChecking=no -o KbdInteractiveAuthentication=no -o PreferredAuthentications=gssapi-with-mic,gssapi-keyex,hostbased,publickey -o PasswordAuthentication=no -o 'User="root"' -o ConnectTimeout=10 -o 'ControlPath="/home/ruslan/.ansible/cp/6688fbee48"' -o NumberOfPasswordPrompts=1 '[194.87.83.181]'
2026-01-11 21:02:39,320 p=165753 u=ruslan n=ansible INFO| <194.87.83.181> (0, b'sftp> put /home/ruslan/.ansible/tmp/ansible-local-165753t1c7267l/tmpmx1gyefw /root/.ansible/tmp/ansible-tmp-1768154558.302803-165756-247621210048267/AnsiballZ_setup.py\n', b'')
2026-01-11 21:02:39,321 p=165753 u=ruslan n=ansible INFO| <194.87.83.181> ESTABLISH SSH CONNECTION FOR USER: root
2026-01-11 21:02:39,321 p=165753 u=ruslan n=ansible INFO| <194.87.83.181> SSH: EXEC ssh -C -o ControlMaster=auto -o ControlPersist=60s -o StrictHostKeyChecking=no -o KbdInteractiveAuthentication=no -o PreferredAuthentications=gssapi-with-mic,gssapi-keyex,hostbased,publickey -o PasswordAuthentication=no -o 'User="root"' -o ConnectTimeout=10 -o 'ControlPath="/home/ruslan/.ansible/cp/6688fbee48"' -o NumberOfPasswordPrompts=1 194.87.83.181 '/bin/sh -c '"'"'chmod u+rwx /root/.ansible/tmp/ansible-tmp-1768154558.302803-165756-247621210048267/ /root/.ansible/tmp/ansible-tmp-1768154558.302803-165756-247621210048267/AnsiballZ_setup.py && sleep 0'"'"''
2026-01-11 21:02:39,420 p=165753 u=ruslan n=ansible INFO| <194.87.83.181> (0, b'', b'')
2026-01-11 21:02:39,420 p=165753 u=ruslan n=ansible INFO| <194.87.83.181> ESTABLISH SSH CONNECTION FOR USER: root
2026-01-11 21:02:39,420 p=165753 u=ruslan n=ansible INFO| <194.87.83.181> SSH: EXEC ssh -C -o ControlMaster=auto -o ControlPersist=60s -o StrictHostKeyChecking=no -o KbdInteractiveAuthentication=no -o PreferredAuthentications=gssapi-with-mic,gssapi-keyex,hostbased,publickey -o PasswordAuthentication=no -o 'User="root"' -o ConnectTimeout=10 -o 'ControlPath="/home/ruslan/.ansible/cp/6688fbee48"' -o NumberOfPasswordPrompts=1 -tt 194.87.83.181 '/bin/sh -c '"'"'/usr/bin/python3.12 /root/.ansible/tmp/ansible-tmp-1768154558.302803-165756-247621210048267/AnsiballZ_setup.py && sleep 0'"'"''
2026-01-11 21:02:40,687 p=165753 u=ruslan n=ansible INFO| <194.87.83.181> (0, b'\r\n{"ansible_facts": {"ansible_system": "Linux", "ansible_kernel": "6.8.0-88-generic", "ansible_kernel_version": "#89-Ubuntu SMP PREEMPT_DYNAMIC Sat Oct 11 01:02:46 UTC 2025", "ansible_machine": "x86_64", "ansible_python_version": "3.12.3", "ansible_fqdn": "server", "ansible_hostname": "server", "ansible_nodename": "server", "ansible_domain": "", "ansible_userspace_bits": "64", "ansible_architecture": "x86_64", "ansible_userspace_architecture": "x86_64", "ansible_machine_id": "92ee036e96ad4f9ca48b08be5e01b119", "ansible_ssh_host_key_rsa_public": "AAAAB3NzaC1yc2EAAAADAQABAAABgQDozJEJn1IFXr0MlQ1oM7WTDpTtfUCWgMeyrcxq6ScjvpRqMSnOrNG5Q1uPwUBIErL9fAaqE7dp6g29OA4T9C/FEMVRSpK5mCrEHW+W8YgDUPrQ0mqH9A413Sq/wdFygSG0o54blN0ARGA7RvCeAH8/UI806r5TEIMx96ZOd4UgHZh2jrnc27l8206x9hR/Yn2PNqeSo95LxglADOBrV/kJOUal2y7gs0z9fgObTbKjcgvn8iyY1Lf3TjOfYlyb/OhRuadddD7h21xWyi9dMf2xJSK3RM1aZO6O08WMLLEllHqa2NivCxayr62WaHovdLEKtP4TdD0PWpFceX7jIJkWEItmJ8YegnhRuytEA0iRYPf9/HuWBCzKKgUUCo2mIB118otXvKDP9AnZsSoVFwfCkroE0VTAfyJxUhQOu1m3lJjYaaA8r2nHB/fblFysrXsgUefbzYnfMv1vDIwY/gkRcxAVunSB6OfxjhtCUgPdyHmbA66bIAJn3Qh4+hwWrt8=", "ansible_ssh_host_key_rsa_public_keytype": "ssh-rsa", "ansible_ssh_host_key_ecdsa_public": "AAAAE2VjZHNhLXNoYTItbmlzdHAyNTYAAAAIbmlzdHAyNTYAAABBBM4z0AVMkr3sF/ZEjyf66gekMRP1yr8ga9UpOW7ue9T5QW3D8XOhH2JegjKFJUgnPkbjzlVwWNkkvlvcLh5XPaA=", "ansible_ssh_host_key_ecdsa_public_keytype": "ecdsa-sha2-nistp256", "ansible_ssh_host_key_ed25519_public": "AAAAC3NzaC1lZDI1NTE5AAAAIJ0sbDLd4Aeq5108w1maUn4ZZgy//RD6GBMfcOBq1ql6", "ansible_ssh_host_key_ed25519_public_keytype": "ssh-ed25519", "ansible_virtualization_role": "guest", "ansible_virtualization_type": "kvm", "ansible_virtualization_tech_guest": ["kvm"], "ansible_virtualization_tech_host": ["kvm"], "ansible_user_id": "root", "ansible_user_uid": 0, "ansible_user_gid": 0, "ansible_user_gecos": "root", "ansible_user_dir": "/root", "ansible_user_shell": "/bin/bash", "ansible_real_user_id": 0, "ansible_effective_user_id": 0, "ansible_real_group_id": 0, "ansible_effective_group_id": 0, "ansible_system_capabilities_enforced": "False", "ansible_system_capabilities": [], "ansible_dns": {"nameservers": ["127.0.0.53"], "options": {"edns0": true, "trust-ad": true}, "search": ["."]}, "ansible_fibre_channel_wwn": [], "ansible_distribution": "Ubuntu", "ansible_distribution_release": "noble", "ansible_distribution_version": "24.04", "ansible_distribution_major_version": "24", "ansible_distribution_file_path": "/etc/os-release", "ansible_distribution_file_variety": "Debian", "ansible_distribution_file_parsed": true, "ansible_os_family": "Debian", "ansible_local": {}, "ansible_date_time": {"year": "2026", "month": "01", "weekday": "Sunday", "weekday_number": "0", "weeknumber": "01", "day": "11", "hour": "18", "minute": "02", "second": "39", "epoch": "1768154559", "epoch_int": "1768154559", "date": "2026-01-11", "time": "18:02:39", "iso8601_micro": "2026-01-11T18:02:39.996995Z", "iso8601": "2026-01-11T18:02:39Z", "iso8601_basic": "20260111T180239996995", "iso8601_basic_short": "20260111T180239", "tz": "UTC", "tz_dst": "UTC", "tz_offset": "+0000"}, "ansible_lsb": {"id": "Ubuntu", "description": "Ubuntu 24.04.3 LTS", "release": "24.04", "codename": "noble", "major_release": "24"}, "ansible_selinux_python_present": true, "ansible_selinux": {"status": "disabled"}, "ansible_is_chroot": false, "ansible_iscsi_iqn": "", "ansible_hostnqn": "", "ansible_python": {"version": {"major": 3, "minor": 12, "micro": 3, "releaselevel": "final", "serial": 0}, "version_info": [3, 12, 3, "final", 0], "executable": "/usr/bin/python3.12", "has_sslcontext": true, "type": "cpython"}, "ansible_loadavg": {"1m": 0.0888671875, "5m": 0.09521484375, "15m": 0.02978515625}, "ansible_processor": ["0", "AuthenticAMD", "AMD EPYC Processor"], "ansible_flags": ["fpu", "vme", "de", "pse", "tsc", "msr", "pae", "mce", "cx8", "apic", "sep", "mtrr", "pge", "mca", "cmov", "pat", "pse36", "clflush", "mmx", "fxsr", "sse", "sse2", "syscall", "nx", "mmxext", "fxsr_opt", "pdpe1gb", "rdtscp", "lm", "rep_good", "nopl", "cpuid", "extd_apicid", "tsc_known_freq", "pni", "pclmulqdq", "ssse3", "fma", "cx16", "sse4_1", "sse4_2", "x2apic", "movbe", "popcnt", "aes", "xsave", "avx", "f16c", "rdrand", "hypervisor", "lahf_lm", "cmp_legacy", "svm", "cr8_legacy", "abm", "sse4a", "misalignsse", "3dnowprefetch", "osvw", "topoext", "perfctr_core", "ssbd", "ibrs", "ibpb", "stibp", "vmmcall", "fsgsbase", "bmi1", "avx2", "smep", "bmi2", "rdseed", "adx", "smap", "clflushopt", "clwb", "sha_ni", "xsaveopt", "xsavec", "xgetbv1", "clzero", "xsaveerptr", "arat", "npt"], "ansible_processor_count": 1, "ansible_processor_cores": 1, "ansible_processor_threads_per_core": 1, "ansible_processor_vcpus": 1, "ansible_processor_nproc": 1, "ansible_memtotal_mb": 961, "ansible_memfree_mb": 240, "ansible_swaptotal_mb": 0, "ansible_swapfree_mb": 0, "ansible_memory_mb": {"real": {"total": 961, "used": 721, "free": 240}, "nocache": {"free": 613, "used": 348}, "swap": {"total": 0, "free": 0, "used": 0, "cached": 0}}, "ansible_bios_date": "04/01/2014", "ansible_bios_vendor": "SeaBIOS", "ansible_bios_version": "1.15.0-1", "ansible_board_asset_tag": "NA", "ansible_board_name": "NA", "ansible_board_serial": "NA", "ansible_board_vendor": "NA", "ansible_board_version": "NA", "ansible_chassis_asset_tag": "NA", "ansible_chassis_serial": "NA", "ansible_chassis_vendor": "QEMU", "ansible_chassis_version": "pc-i440fx-bionic", "ansible_form_factor": "Other", "ansible_product_name": "Standard PC (i440FX + PIIX, 1996)", "ansible_product_serial": "NA", "ansible_product_uuid": "92ee036e-96ad-4f9c-a48b-08be5e01b119", "ansible_product_version": "pc-i440fx-bionic", "ansible_system_vendor": "QEMU", "ansible_devices": {"loop1": {"virtual": 1, "links": {"ids": [], "uuids": [], "labels": [], "masters": []}, "vendor": null, "model": null, "sas_address": null, "sas_device_handle": null, "removable": "0", "support_discard": "0", "partitions": {}, "rotational": "1", "scheduler_mode": "none", "sectorsize": "512", "sectors": 0, "size": "0.00 Bytes", "host": "", "holders": []}, "loop6": {"virtual": 1, "links": {"ids": [], "uuids": [], "labels": [], "masters": []}, "vendor": null, "model": null, "sas_address": null, "sas_device_handle": null, "removable": "0", "support_discard": "0", "partitions": {}, "rotational": "1", "scheduler_mode": "none", "sectorsize": "512", "sectors": 0, "size": "0.00 Bytes", "host": "", "holders": []}, "loop4": {"virtual": 1, "links": {"ids": [], "uuids": [], "labels": [], "masters": []}, "vendor": null, "model": null, "sas_address": null, "sas_device_handle": null, "removable": "0", "support_discard": "0", "partitions": {}, "rotational": "1", "scheduler_mode": "none", "sectorsize": "512", "sectors": 0, "size": "0.00 Bytes", "host": "", "holders": []}, "loop2": {"virtual": 1, "links": {"ids": [], "uuids": [], "labels": [], "masters": []}, "vendor": null, "model": null, "sas_address": null, "sas_device_handle": null, "removable": "0", "support_discard": "0", "partitions": {}, "rotational": "1", "scheduler_mode": "none", "sectorsize": "512", "sectors": 0, "size": "0.00 Bytes", "host": "", "holders": []}, "loop0": {"virtual": 1, "links": {"ids": [], "uuids": [], "labels": [], "masters": []}, "vendor": null, "model": null, "sas_address": null, "sas_device_handle": null, "removable": "0", "support_discard": "0", "partitions": {}, "rotational": "1", "scheduler_mode": "none", "sectorsize": "512", "sectors": 0, "size": "0.00 Bytes", "host": "", "holders": []}, "loop7": {"virtual": 1, "links": {"ids": [], "uuids": [], "labels": [], "masters": []}, "vendor": null, "model": null, "sas_address": null, "sas_device_handle": null, "removable": "0", "support_discard": "0", "partitions": {}, "rotational": "1", "scheduler_mode": "none", "sectorsize": "512", "sectors": 0, "size": "0.00 Bytes", "host": "", "holders": []}, "sda": {"virtual": 1, "links": {"ids": ["scsi-0QEMU_QEMU_HARDDISK_vda"], "uuids": [], "labels": [], "masters": []}, "vendor": "QEMU", "model": "QEMU HARDDISK", "sas_address": null, "sas_device_handle": null, "serial": "vda", "removable": "0", "support_discard": "4096", "partitions": {"sda16": {"links": {"ids": ["scsi-0QEMU_QEMU_HARDDISK_vda-part16"], "uuids": ["6b4992d7-d421-40c9-907a-eff79bd4bf98"], "labels": ["BOOT"], "masters": []}, "start": "227328", "sectorsize": 512, "sectors": 1869825, "size": "913.00 MB", "uuid": "6b4992d7-d421-40c9-907a-eff79bd4bf98", "holders": []}, "sda14": {"links": {"ids": ["scsi-0QEMU_QEMU_HARDDISK_vda-part14"], "uuids": [], "labels": [], "masters": []}, "start": "2048", "sectorsize": 512, "sectors": 8192, "size": "4.00 MB", "uuid": null, "holders": []}, "sda15": {"links": {"ids": ["scsi-0QEMU_QEMU_HARDDISK_vda-part15"], "uuids": ["8ADE-D31A"], "labels": ["UEFI"], "masters": []}, "start": "10240", "sectorsize": 512, "sectors": 217088, "size": "106.00 MB", "uuid": "8ADE-D31A", "holders": []}, "sda1": {"links": {"ids": ["scsi-0QEMU_QEMU_HARDDISK_vda-part1"], "uuids": ["4306c488-13c8-447a-825d-3e9216876081"], "labels": ["cloudimg-rootfs"], "masters": []}, "start": "2099200", "sectorsize": 512, "sectors": 29358047, "size": "14.00 GB", "uuid": "4306c488-13c8-447a-825d-3e9216876081", "holders": []}}, "rotational": "1", "scheduler_mode": "mq-deadline", "sectorsize": "512", "sectors": 31457280, "size": "15.00 GB", "host": "SCSI storage controller: Red Hat, Inc. Virtio SCSI", "holders": []}, "loop5": {"virtual": 1, "links": {"ids": [], "uuids": [], "labels": [], "masters": []}, "vendor": null, "model": null, "sas_address": null, "sas_device_handle": null, "removable": "0", "support_discard": "0", "partitions": {}, "rotational": "1", "scheduler_mode": "none", "sectorsize": "512", "sectors": 0, "size": "0.00 Bytes", "host": "", "holders": []}, "vda": {"virtual": 1, "links": {"ids": [], "uuids": ["5E1F-0350"], "labels": ["cidata"], "masters": []}, "vendor": "0x1af4", "model": null, "sas_address": null, "sas_device_handle": null, "removable": "0", "support_discard": "0", "partitions": {}, "rotational": "1", "scheduler_mode": "mq-deadline", "sectorsize": "512", "sectors": 2048, "size": "1.00 MB", "host": "SCSI storage controller: Red Hat, Inc. Virtio block device", "holders": []}, "loop3": {"virtual": 1, "links": {"ids": [], "uuids": [], "labels": [], "masters": []}, "vendor": null, "model": null, "sas_address": null, "sas_device_handle": null, "removable": "0", "support_discard": "0", "partitions": {}, "rotational": "1", "scheduler_mode": "none", "sectorsize": "512", "sectors": 0, "size": "0.00 Bytes", "host": "", "holders": []}}, "ansible_device_links": {"ids": {"sda14": ["scsi-0QEMU_QEMU_HARDDISK_vda-part14"], "sda16": ["scsi-0QEMU_QEMU_HARDDISK_vda-part16"], "sda1": ["scsi-0QEMU_QEMU_HARDDISK_vda-part1"], "sda15": ["scsi-0QEMU_QEMU_HARDDISK_vda-part15"], "sda": ["scsi-0QEMU_QEMU_HARDDISK_vda"]}, "uuids": {"sda16": ["6b4992d7-d421-40c9-907a-eff79bd4bf98"], "sda1": ["4306c488-13c8-447a-825d-3e9216876081"], "sda15": ["8ADE-D31A"], "vda": ["5E1F-0350"]}, "labels": {"sda16": ["BOOT"], "sda1": ["cloudimg-rootfs"], "sda15": ["UEFI"], "vda": ["cidata"]}, "masters": {}}, "ansible_uptime_seconds": 2609110, "ansible_lvm": {"lvs": {}, "vgs": {}, "pvs": {}}, "ansible_mounts": [{"mount": "/", "device": "/dev/sda1", "fstype": "ext4", "options": "rw,relatime,discard,nobarrier,commit=30", "dump": 0, "passno": 0, "size_total": 14483001344, "size_available": 10857025536, "block_size": 4096, "block_total": 3535889, "block_available": 2650641, "block_used": 885248, "inode_total": 1835008, "inode_available": 1716486, "inode_used": 118522, "uuid": "4306c488-13c8-447a-825d-3e9216876081"}, {"mount": "/boot", "device": "/dev/sda16", "fstype": "ext4", "options": "rw,relatime", "dump": 0, "passno": 0, "size_total": 923156480, "size_available": 736854016, "block_size": 4096, "block_total": 225380, "block_available": 179896, "block_used": 45484, "inode_total": 58496, "inode_available": 57892, "inode_used": 604, "uuid": "6b4992d7-d421-40c9-907a-eff79bd4bf98"}, {"mount": "/boot/efi", "device": "/dev/sda15", "fstype": "vfat", "options": "rw,relatime,fmask=0077,dmask=0077,codepage=437,iocharset=iso8859-1,shortname=mixed,errors=remount-ro", "dump": 0, "passno": 0, "size_total": 109395456, "size_available": 102995968, "block_size": 512, "block_total": 213663, "block_available": 201164, "block_used": 12499, "inode_total": 0, "inode_available": 0, "inode_used": 0, "uuid": "8ADE-D31A"}], "ansible_cmdline": {"BOOT_IMAGE": "/vmlinuz-6.8.0-88-generic", "root": "UUID=4306c488-13c8-447a-825d-3e9216876081", "ro": true, "net.ifnames": "0", "biosdevname": "0", "console": "ttyS0"}, "ansible_proc_cmdline": {"BOOT_IMAGE": "/vmlinuz-6.8.0-88-generic", "root": "UUID=4306c488-13c8-447a-825d-3e9216876081", "ro": true, "net.ifnames": "0", "biosdevname": "0", "console": ["tty0", "ttyS0", "tty1", "ttyS0"]}, "ansible_apparmor": {"status": "enabled"}, "ansible_systemd": {"features": "+PAM +AUDIT +SELINUX +APPARMOR +IMA +SMACK +SECCOMP +GCRYPT -GNUTLS +OPENSSL +ACL +BLKID +CURL +ELFUTILS +FIDO2 +IDN2 -IDN +IPTC +KMOD +LIBCRYPTSETUP +LIBFDISK +PCRE2 -PWQUALITY +P11KIT +QRENCODE +TPM2 +BZIP2 +LZ4 +XZ +ZLIB +ZSTD -BPF_FRAMEWORK -XKBCOMMON +UTMP +SYSVINIT default-hierarchy=unified", "version": 255}, "ansible_fips": false, "ansible_env": {"USER": "root", "SSH_CLIENT": "94.29.16.142 1333 22", "XDG_SESSION_TYPE": "tty", "SHLVL": "0", "HOME": "/root", "SSH_TTY": "/dev/pts/2", "DBUS_SESSION_BUS_ADDRESS": "unix:path=/run/user/0/bus", "LOGNAME": "root", "_": "/bin/sh", "XDG_SESSION_CLASS": "user", "TERM": "xterm", "XDG_SESSION_ID": "5289", "PATH": "/usr/local/sbin:/usr/local/bin:/usr/sbin:/usr/bin:/sbin:/bin:/usr/games:/usr/local/games:/snap/bin", "XDG_RUNTIME_DIR": "/run/user/0", "LANG": "C.UTF-8", "SHELL": "/bin/bash", "PWD": "/root", "SSH_CONNECTION": "94.29.16.142 1333 194.87.83.181 22"}, "ansible_interfaces": ["vethfce5725", "eth0", "amn0", "docker0", "lo", "vethdb44350"], "ansible_lo": {"device": "lo", "mtu": 65536, "active": true, "type": "loopback", "promisc": false, "ipv4": {"address": "127.0.0.1", "broadcast": "", "netmask": "255.0.0.0", "network": "127.0.0.0", "prefix": "8"}, "ipv6": [{"address": "::1", "prefix": "128", "scope": "host"}], "features": {"rx_checksumming": "on [fixed]", "tx_checksumming": "on", "tx_checksum_ipv4": "off [fixed]", "tx_checksum_ip_generic": "on [fixed]", "tx_checksum_ipv6": "off [fixed]", "tx_checksum_fcoe_crc": "off [fixed]", "tx_checksum_sctp": "on [fixed]", "scatter_gather": "on", "tx_scatter_gather": "on [fixed]", "tx_scatter_gather_fraglist": "on [fixed]", "tcp_segmentation_offload": "on", "tx_tcp_segmentation": "on", "tx_tcp_ecn_segmentation": "on", "tx_tcp_mangleid_segmentation": "on", "tx_tcp6_segmentation": "on", "generic_segmentation_offload": "on", "generic_receive_offload": "on", "large_receive_offload": "off [fixed]", "rx_vlan_offload": "off [fixed]", "tx_vlan_offload": "off [fixed]", "ntuple_filters": "off [fixed]", "receive_hashing": "off [fixed]", "highdma": "on [fixed]", "rx_vlan_filter": "off [fixed]", "vlan_challenged": "on [fixed]", "tx_lockless": "on [fixed]", "netns_local": "on [fixed]", "tx_gso_robust": "off [fixed]", "tx_fcoe_segmentation": "off [fixed]", "tx_gre_segmentation": "off [fixed]", "tx_gre_csum_segmentation": "off [fixed]", "tx_ipxip4_segmentation": "off [fixed]", "tx_ipxip6_segmentation": "off [fixed]", "tx_udp_tnl_segmentation": "off [fixed]", "tx_udp_tnl_csum_segmentation": "off [fixed]", "tx_gso_partial": "off [fixed]", "tx_tunnel_remcsum_segmentation": "off [fixed]", "tx_sctp_segmentation": "on", "tx_esp_segmentation": "off [fixed]", "tx_udp_segmentation": "on", "tx_gso_list": "on", "fcoe_mtu": "off [fixed]", "tx_nocache_copy": "off [fixed]", "loopback": "on [fixed]", "rx_fcs": "off [fixed]", "rx_all": "off [fixed]", "tx_vlan_stag_hw_insert": "off [fixed]", "rx_vlan_stag_hw_parse": "off [fixed]", "rx_vlan_stag_filter": "off [fixed]", "l2_fwd_offload": "off [fixed]", "hw_tc_offload": "off [fixed]", "esp_hw_offload": "off [fixed]", "esp_tx_csum_hw_offload": "off [fixed]", "rx_udp_tunnel_port_offload": "off [fixed]", "tls_hw_tx_offload": "off [fixed]", "tls_hw_rx_offload": "off [fixed]", "rx_gro_hw": "off [fixed]", "tls_hw_record": "off [fixed]", "rx_gro_list": "off", "macsec_hw_offload": "off [fixed]", "rx_udp_gro_forwarding": "off", "hsr_tag_ins_offload": "off [fixed]", "hsr_tag_rm_offload": "off [fixed]", "hsr_fwd_offload": "off [fixed]", "hsr_dup_offload": "off [fixed]"}, "timestamping": [], "hw_timestamp_filters": []}, "ansible_vethfce5725": {"device": "vethfce5725", "macaddress": "e2:2a:2b:5e:81:14", "mtu": 1500, "active": true, "type": "ether", "speed": 10000, "promisc": true, "ipv6": [{"address": "fe80::e02a:2bff:fe5e:8114", "prefix": "64", "scope": "link"}], "features": {"rx_checksumming": "on", "tx_checksumming": "on", "tx_checksum_ipv4": "off [fixed]", "tx_checksum_ip_generic": "on", "tx_checksum_ipv6": "off [fixed]", "tx_checksum_fcoe_crc": "off [fixed]", "tx_checksum_sctp": "on", "scatter_gather": "on", "tx_scatter_gather": "on", "tx_scatter_gather_fraglist": "on", "tcp_segmentation_offload": "on", "tx_tcp_segmentation": "on", "tx_tcp_ecn_segmentation": "on", "tx_tcp_mangleid_segmentation": "on", "tx_tcp6_segmentation": "on", "generic_segmentation_offload": "on", "generic_receive_offload": "off", "large_receive_offload": "off [fixed]", "rx_vlan_offload": "on", "tx_vlan_offload": "on", "ntuple_filters": "off [fixed]", "receive_hashing": "off [fixed]", "highdma": "on", "rx_vlan_filter": "off [fixed]", "vlan_challenged": "off [fixed]", "tx_lockless": "on [fixed]", "netns_local": "off [fixed]", "tx_gso_robust": "off [fixed]", "tx_fcoe_segmentation": "off [fixed]", "tx_gre_segmentation": "on", "tx_gre_csum_segmentation": "on", "tx_ipxip4_segmentation": "on", "tx_ipxip6_segmentation": "on", "tx_udp_tnl_segmentation": "on", "tx_udp_tnl_csum_segmentation": "on", "tx_gso_partial": "off [fixed]", "tx_tunnel_remcsum_segmentation": "off [fixed]", "tx_sctp_segmentation": "on", "tx_esp_segmentation": "off [fixed]", "tx_udp_segmentation": "on", "tx_gso_list": "on", "fcoe_mtu": "off [fixed]", "tx_nocache_copy": "off", "loopback": "off [fixed]", "rx_fcs": "off [fixed]", "rx_all": "off [fixed]", "tx_vlan_stag_hw_insert": "on", "rx_vlan_stag_hw_parse": "on", "rx_vlan_stag_filter": "off [fixed]", "l2_fwd_offload": "off [fixed]", "hw_tc_offload": "off [fixed]", "esp_hw_offload": "off [fixed]", "esp_tx_csum_hw_offload": "off [fixed]", "rx_udp_tunnel_port_offload": "off [fixed]", "tls_hw_tx_offload": "off [fixed]", "tls_hw_rx_offload": "off [fixed]", "rx_gro_hw": "off [fixed]", "tls_hw_record": "off [fixed]", "rx_gro_list": "off", "macsec_hw_offload": "off [fixed]", "rx_udp_gro_forwarding": "off", "hsr_tag_ins_offload": "off [fixed]", "hsr_tag_rm_offload": "off [fixed]", "hsr_fwd_offload": "off [fixed]", "hsr_dup_offload": "off [fixed]"}, "timestamping": [], "hw_timestamp_filters": []}, "ansible_vethdb44350": {"device": "vethdb44350", "macaddress": "9a:b6:c6:dd:ea:b9", "mtu": 1500, "active": true, "type": "ether", "speed": 10000, "promisc": true, "ipv6": [{"address": "fe80::98b6:c6ff:fedd:eab9", "prefix": "64", "scope": "link"}], "features": {"rx_checksumming": "on", "tx_checksumming": "on", "tx_checksum_ipv4": "off [fixed]", "tx_checksum_ip_generic": "on", "tx_checksum_ipv6": "off [fixed]", "tx_checksum_fcoe_crc": "off [fixed]", "tx_checksum_sctp": "on", "scatter_gather": "on", "tx_scatter_gather": "on", "tx_scatter_gather_fraglist": "on", "tcp_segmentation_offload": "on", "tx_tcp_segmentation": "on", "tx_tcp_ecn_segmentation": "on", "tx_tcp_mangleid_segmentation": "on", "tx_tcp6_segmentation": "on", "generic_segmentation_offload": "on", "generic_receive_offload": "off", "large_receive_offload": "off [fixed]", "rx_vlan_offload": "on", "tx_vlan_offload": "on", "ntuple_filters": "off [fixed]", "receive_hashing": "off [fixed]", "highdma": "on", "rx_vlan_filter": "off [fixed]", "vlan_challenged": "off [fixed]", "tx_lockless": "on [fixed]", "netns_local": "off [fixed]", "tx_gso_robust": "off [fixed]", "tx_fcoe_segmentation": "off [fixed]", "tx_gre_segmentation": "on", "tx_gre_csum_segmentation": "on", "tx_ipxip4_segmentation": "on", "tx_ipxip6_segmentation": "on", "tx_udp_tnl_segmentation": "on", "tx_udp_tnl_csum_segmentation": "on", "tx_gso_partial": "off [fixed]", "tx_tunnel_remcsum_segmentation": "off [fixed]", "tx_sctp_segmentation": "on", "tx_esp_segmentation": "off [fixed]", "tx_udp_segmentation": "on", "tx_gso_list": "on", "fcoe_mtu": "off [fixed]", "tx_nocache_copy": "off", "loopback": "off [fixed]", "rx_fcs": "off [fixed]", "rx_all": "off [fixed]", "tx_vlan_stag_hw_insert": "on", "rx_vlan_stag_hw_parse": "on", "rx_vlan_stag_filter": "off [fixed]", "l2_fwd_offload": "off [fixed]", "hw_tc_offload": "off [fixed]", "esp_hw_offload": "off [fixed]", "esp_tx_csum_hw_offload": "off [fixed]", "rx_udp_tunnel_port_offload": "off [fixed]", "tls_hw_tx_offload": "off [fixed]", "tls_hw_rx_offload": "off [fixed]", "rx_gro_hw": "off [fixed]", "tls_hw_record": "off [fixed]", "rx_gro_list": "off", "macsec_hw_offload": "off [fixed]", "rx_udp_gro_forwarding": "off", "hsr_tag_ins_offload": "off [fixed]", "hsr_tag_rm_offload": "off [fixed]", "hsr_fwd_offload": "off [fixed]", "hsr_dup_offload": "off [fixed]"}, "timestamping": [], "hw_timestamp_filters": []}, "ansible_docker0": {"device": "docker0", "macaddress": "ce:c2:f7:26:1e:54", "mtu": 1500, "active": true, "type": "bridge", "interfaces": ["vethdb44350"], "id": "8000.cec2f7261e54", "stp": false, "speed": 10000, "promisc": false, "ipv4": {"address": "172.17.0.1", "broadcast": "172.17.255.255", "netmask": "255.255.0.0", "network": "172.17.0.0", "prefix": "16"}, "ipv6": [{"address": "fe80::ccc2:f7ff:fe26:1e54", "prefix": "64", "scope": "link"}], "features": {"rx_checksumming": "off [fixed]", "tx_checksumming": "on", "tx_checksum_ipv4": "off [fixed]", "tx_checksum_ip_generic": "on", "tx_checksum_ipv6": "off [fixed]", "tx_checksum_fcoe_crc": "off [fixed]", "tx_checksum_sctp": "off [fixed]", "scatter_gather": "on", "tx_scatter_gather": "on", "tx_scatter_gather_fraglist": "on", "tcp_segmentation_offload": "on", "tx_tcp_segmentation": "on", "tx_tcp_ecn_segmentation": "on", "tx_tcp_mangleid_segmentation": "on", "tx_tcp6_segmentation": "on", "generic_segmentation_offload": "on", "generic_receive_offload": "on", "large_receive_offload": "off [fixed]", "rx_vlan_offload": "off [fixed]", "tx_vlan_offload": "on", "ntuple_filters": "off [fixed]", "receive_hashing": "off [fixed]", "highdma": "on", "rx_vlan_filter": "off [fixed]", "vlan_challenged": "off [fixed]", "tx_lockless": "on [fixed]", "netns_local": "on [fixed]", "tx_gso_robust": "off [requested on]", "tx_fcoe_segmentation": "off [requested on]", "tx_gre_segmentation": "on", "tx_gre_csum_segmentation": "on", "tx_ipxip4_segmentation": "on", "tx_ipxip6_segmentation": "on", "tx_udp_tnl_segmentation": "on", "tx_udp_tnl_csum_segmentation": "on", "tx_gso_partial": "on", "tx_tunnel_remcsum_segmentation": "on", "tx_sctp_segmentation": "on", "tx_esp_segmentation": "on", "tx_udp_segmentation": "on", "tx_gso_list": "on", "fcoe_mtu": "off [fixed]", "tx_nocache_copy": "off", "loopback": "off [fixed]", "rx_fcs": "off [fixed]", "rx_all": "off [fixed]", "tx_vlan_stag_hw_insert": "on", "rx_vlan_stag_hw_parse": "off [fixed]", "rx_vlan_stag_filter": "off [fixed]", "l2_fwd_offload": "off [fixed]", "hw_tc_offload": "off [fixed]", "esp_hw_offload": "off [fixed]", "esp_tx_csum_hw_offload": "off [fixed]", "rx_udp_tunnel_port_offload": "off [fixed]", "tls_hw_tx_offload": "off [fixed]", "tls_hw_rx_offload": "off [fixed]", "rx_gro_hw": "off [fixed]", "tls_hw_record": "off [fixed]", "rx_gro_list": "off", "macsec_hw_offload": "off [fixed]", "rx_udp_gro_forwarding": "off", "hsr_tag_ins_offload": "off [fixed]", "hsr_tag_rm_offload": "off [fixed]", "hsr_fwd_offload": "off [fixed]", "hsr_dup_offload": "off [fixed]"}, "timestamping": [], "hw_timestamp_filters": []}, "ansible_amn0": {"device": "amn0", "macaddress": "b6:5d:c8:eb:c2:f4", "mtu": 1500, "active": true, "type": "bridge", "interfaces": ["vethfce5725"], "id": "8000.b65dc8ebc2f4", "stp": false, "speed": 10000, "promisc": false, "ipv4": {"address": "172.29.172.1", "broadcast": "172.29.172.255", "netmask": "255.255.255.0", "network": "172.29.172.0", "prefix": "24"}, "ipv6": [{"address": "fe80::b45d:c8ff:feeb:c2f4", "prefix": "64", "scope": "link"}], "features": {"rx_checksumming": "off [fixed]", "tx_checksumming": "on", "tx_checksum_ipv4": "off [fixed]", "tx_checksum_ip_generic": "on", "tx_checksum_ipv6": "off [fixed]", "tx_checksum_fcoe_crc": "off [fixed]", "tx_checksum_sctp": "off [fixed]", "scatter_gather": "on", "tx_scatter_gather": "on", "tx_scatter_gather_fraglist": "on", "tcp_segmentation_offload": "on", "tx_tcp_segmentation": "on", "tx_tcp_ecn_segmentation": "on", "tx_tcp_mangleid_segmentation": "on", "tx_tcp6_segmentation": "on", "generic_segmentation_offload": "on", "generic_receive_offload": "on", "large_receive_offload": "off [fixed]", "rx_vlan_offload": "off [fixed]", "tx_vlan_offload": "on", "ntuple_filters": "off [fixed]", "receive_hashing": "off [fixed]", "highdma": "on", "rx_vlan_filter": "off [fixed]", "vlan_challenged": "off [fixed]", "tx_lockless": "on [fixed]", "netns_local": "on [fixed]", "tx_gso_robust": "off [requested on]", "tx_fcoe_segmentation": "off [requested on]", "tx_gre_segmentation": "on", "tx_gre_csum_segmentation": "on", "tx_ipxip4_segmentation": "on", "tx_ipxip6_segmentation": "on", "tx_udp_tnl_segmentation": "on", "tx_udp_tnl_csum_segmentation": "on", "tx_gso_partial": "on", "tx_tunnel_remcsum_segmentation": "on", "tx_sctp_segmentation": "on", "tx_esp_segmentation": "on", "tx_udp_segmentation": "on", "tx_gso_list": "on", "fcoe_mtu": "off [fixed]", "tx_nocache_copy": "off", "loopback": "off [fixed]", "rx_fcs": "off [fixed]", "rx_all": "off [fixed]", "tx_vlan_stag_hw_insert": "on", "rx_vlan_stag_hw_parse": "off [fixed]", "rx_vlan_stag_filter": "off [fixed]", "l2_fwd_offload": "off [fixed]", "hw_tc_offload": "off [fixed]", "esp_hw_offload": "off [fixed]", "esp_tx_csum_hw_offload": "off [fixed]", "rx_udp_tunnel_port_offload": "off [fixed]", "tls_hw_tx_offload": "off [fixed]", "tls_hw_rx_offload": "off [fixed]", "rx_gro_hw": "off [fixed]", "tls_hw_record": "off [fixed]", "rx_gro_list": "off", "macsec_hw_offload": "off [fixed]", "rx_udp_gro_forwarding": "off", "hsr_tag_ins_offload": "off [fixed]", "hsr_tag_rm_offload": "off [fixed]", "hsr_fwd_offload": "off [fixed]", "hsr_dup_offload": "off [fixed]"}, "timestamping": [], "hw_timestamp_filters": []}, "ansible_eth0": {"device": "eth0", "macaddress": "8e:a3:76:4a:bf:d9", "mtu": 1500, "active": true, "type": "ether", "pciid": "virtio0", "speed": -1, "promisc": false, "ipv4": {"address": "194.87.83.181", "broadcast": "", "netmask": "255.255.255.0", "network": "194.87.83.0", "prefix": "24"}, "ipv6": [{"address": "fe80::8ca3:76ff:fe4a:bfd9", "prefix": "64", "scope": "link"}], "features": {"rx_checksumming": "on [fixed]", "tx_checksumming": "on", "tx_checksum_ipv4": "off [fixed]", "tx_checksum_ip_generic": "on", "tx_checksum_ipv6": "off [fixed]", "tx_checksum_fcoe_crc": "off [fixed]", "tx_checksum_sctp": "off [fixed]", "scatter_gather": "on", "tx_scatter_gather": "on", "tx_scatter_gather_fraglist": "off [fixed]", "tcp_segmentation_offload": "on", "tx_tcp_segmentation": "on", "tx_tcp_ecn_segmentation": "on", "tx_tcp_mangleid_segmentation": "off", "tx_tcp6_segmentation": "on", "generic_segmentation_offload": "on", "generic_receive_offload": "on", "large_receive_offload": "off [fixed]", "rx_vlan_offload": "off [fixed]", "tx_vlan_offload": "off [fixed]", "ntuple_filters": "off [fixed]", "receive_hashing": "off [fixed]", "highdma": "on [fixed]", "rx_vlan_filter": "on [fixed]", "vlan_challenged": "off [fixed]", "tx_lockless": "off [fixed]", "netns_local": "off [fixed]", "tx_gso_robust": "on [fixed]", "tx_fcoe_segmentation": "off [fixed]", "tx_gre_segmentation": "off [fixed]", "tx_gre_csum_segmentation": "off [fixed]", "tx_ipxip4_segmentation": "off [fixed]", "tx_ipxip6_segmentation": "off [fixed]", "tx_udp_tnl_segmentation": "off [fixed]", "tx_udp_tnl_csum_segmentation": "off [fixed]", "tx_gso_partial": "off [fixed]", "tx_tunnel_remcsum_segmentation": "off [fixed]", "tx_sctp_segmentation": "off [fixed]", "tx_esp_segmentation": "off [fixed]", "tx_udp_segmentation": "off [fixed]", "tx_gso_list": "off [fixed]", "fcoe_mtu": "off [fixed]", "tx_nocache_copy": "off", "loopback": "off [fixed]", "rx_fcs": "off [fixed]", "rx_all": "off [fixed]", "tx_vlan_stag_hw_insert": "off [fixed]", "rx_vlan_stag_hw_parse": "off [fixed]", "rx_vlan_stag_filter": "off [fixed]", "l2_fwd_offload": "off [fixed]", "hw_tc_offload": "off [fixed]", "esp_hw_offload": "off [fixed]", "esp_tx_csum_hw_offload": "off [fixed]", "rx_udp_tunnel_port_offload": "off [fixed]", "tls_hw_tx_offload": "off [fixed]", "tls_hw_rx_offload": "off [fixed]", "rx_gro_hw": "on", "tls_hw_record": "off [fixed]", "rx_gro_list": "off", "macsec_hw_offload": "off [fixed]", "rx_udp_gro_forwarding": "off", "hsr_tag_ins_offload": "off [fixed]", "hsr_tag_rm_offload": "off [fixed]", "hsr_fwd_offload": "off [fixed]", "hsr_dup_offload": "off [fixed]"}, "timestamping": [], "hw_timestamp_filters": []}, "ansible_default_ipv4": {"gateway": "194.87.83.1", "interface": "eth0", "address": "194.87.83.181", "broadcast": "", "netmask": "255.255.255.0", "network": "194.87.83.0", "prefix": "24", "macaddress": "8e:a3:76:4a:bf:d9", "mtu": 1500, "type": "ether", "alias": "eth0"}, "ansible_default_ipv6": {}, "ansible_all_ipv4_addresses": ["172.17.0.1", "172.29.172.1", "194.87.83.181"], "ansible_all_ipv6_addresses": ["fe80::e02a:2bff:fe5e:8114", "fe80::98b6:c6ff:fedd:eab9", "fe80::ccc2:f7ff:fe26:1e54", "fe80::b45d:c8ff:feeb:c2f4", "fe80::8ca3:76ff:fe4a:bfd9"], "ansible_locally_reachable_ips": {"ipv4": ["127.0.0.0/8", "127.0.0.1", "172.17.0.1", "172.29.172.1", "194.87.83.181"], "ipv6": ["::1", "fe80::8ca3:76ff:fe4a:bfd9", "fe80::98b6:c6ff:fedd:eab9", "fe80::b45d:c8ff:feeb:c2f4", "fe80::ccc2:f7ff:fe26:1e54", "fe80::e02a:2bff:fe5e:8114"]}, "ansible_service_mgr": "systemd", "ansible_pkg_mgr": "apt", "gather_subset": ["all"], "module_setup": true}, "invocation": {"module_args": {"gather_subset": ["all"], "gather_timeout": 10, "filter": [], "fact_path": "/etc/ansible/facts.d"}}}\r\n', b'Shared connection to 194.87.83.181 closed.\r\n')
2026-01-11 21:02:40,688 p=165753 u=ruslan n=ansible INFO| <194.87.83.181> ESTABLISH SSH CONNECTION FOR USER: root
2026-01-11 21:02:40,688 p=165753 u=ruslan n=ansible INFO| <194.87.83.181> SSH: EXEC ssh -C -o ControlMaster=auto -o ControlPersist=60s -o StrictHostKeyChecking=no -o KbdInteractiveAuthentication=no -o PreferredAuthentications=gssapi-with-mic,gssapi-keyex,hostbased,publickey -o PasswordAuthentication=no -o 'User="root"' -o ConnectTimeout=10 -o 'ControlPath="/home/ruslan/.ansible/cp/6688fbee48"' -o NumberOfPasswordPrompts=1 194.87.83.181 '/bin/sh -c '"'"'rm -f -r /root/.ansible/tmp/ansible-tmp-1768154558.302803-165756-247621210048267/ > /dev/null 2>&1 && sleep 0'"'"''
2026-01-11 21:02:40,788 p=165753 u=ruslan n=ansible INFO| <194.87.83.181> (0, b'', b'')
2026-01-11 21:02:40,803 p=165753 u=ruslan n=ansible INFO| ok: [node_gw]
2026-01-11 21:02:40,808 p=165753 u=ruslan n=ansible INFO| TASK [Generate private] **************************************************************************************************************************************************************************************
2026-01-11 21:02:40,808 p=165753 u=ruslan n=ansible INFO| task path: /home/ruslan/wg-ansible-deploy/playbooks/gateway/configure_wireguard_gateway.yaml:6
2026-01-11 21:02:40,823 p=165753 u=ruslan n=ansible INFO| <194.87.83.181> ESTABLISH SSH CONNECTION FOR USER: root
2026-01-11 21:02:40,824 p=165753 u=ruslan n=ansible INFO| <194.87.83.181> SSH: EXEC ssh -C -o ControlMaster=auto -o ControlPersist=60s -o StrictHostKeyChecking=no -o KbdInteractiveAuthentication=no -o PreferredAuthentications=gssapi-with-mic,gssapi-keyex,hostbased,publickey -o PasswordAuthentication=no -o 'User="root"' -o ConnectTimeout=10 -o 'ControlPath="/home/ruslan/.ansible/cp/6688fbee48"' -o NumberOfPasswordPrompts=1 194.87.83.181 '/bin/sh -c '"'"'echo ~root && sleep 0'"'"''
2026-01-11 21:02:40,921 p=165753 u=ruslan n=ansible INFO| <194.87.83.181> (0, b'/root\n', b'')
2026-01-11 21:02:40,921 p=165753 u=ruslan n=ansible INFO| <194.87.83.181> ESTABLISH SSH CONNECTION FOR USER: root
2026-01-11 21:02:40,921 p=165753 u=ruslan n=ansible INFO| <194.87.83.181> SSH: EXEC ssh -C -o ControlMaster=auto -o ControlPersist=60s -o StrictHostKeyChecking=no -o KbdInteractiveAuthentication=no -o PreferredAuthentications=gssapi-with-mic,gssapi-keyex,hostbased,publickey -o PasswordAuthentication=no -o 'User="root"' -o ConnectTimeout=10 -o 'ControlPath="/home/ruslan/.ansible/cp/6688fbee48"' -o NumberOfPasswordPrompts=1 194.87.83.181 '/bin/sh -c '"'"'( umask 77 && mkdir -p "` echo /root/.ansible/tmp `"&& mkdir "` echo /root/.ansible/tmp/ansible-tmp-1768154560.92113-165792-108726024388119 `" && echo ansible-tmp-1768154560.92113-165792-108726024388119="` echo /root/.ansible/tmp/ansible-tmp-1768154560.92113-165792-108726024388119 `" ) && sleep 0'"'"''
2026-01-11 21:02:41,023 p=165753 u=ruslan n=ansible INFO| <194.87.83.181> (0, b'ansible-tmp-1768154560.92113-165792-108726024388119=/root/.ansible/tmp/ansible-tmp-1768154560.92113-165792-108726024388119\n', b'')
2026-01-11 21:02:41,142 p=165753 u=ruslan n=ansible INFO| Using module file /home/ruslan/.local/lib/python3.12/site-packages/ansible/modules/command.py
2026-01-11 21:02:41,142 p=165753 u=ruslan n=ansible INFO| <194.87.83.181> PUT /home/ruslan/.ansible/tmp/ansible-local-165753t1c7267l/tmp8k6e4gb3 TO /root/.ansible/tmp/ansible-tmp-1768154560.92113-165792-108726024388119/AnsiballZ_command.py
2026-01-11 21:02:41,142 p=165753 u=ruslan n=ansible INFO| <194.87.83.181> SSH: EXEC sftp -b - -C -o ControlMaster=auto -o ControlPersist=60s -o StrictHostKeyChecking=no -o KbdInteractiveAuthentication=no -o PreferredAuthentications=gssapi-with-mic,gssapi-keyex,hostbased,publickey -o PasswordAuthentication=no -o 'User="root"' -o ConnectTimeout=10 -o 'ControlPath="/home/ruslan/.ansible/cp/6688fbee48"' -o NumberOfPasswordPrompts=1 '[194.87.83.181]'
2026-01-11 21:02:41,702 p=165753 u=ruslan n=ansible INFO| <194.87.83.181> (0, b'sftp> put /home/ruslan/.ansible/tmp/ansible-local-165753t1c7267l/tmp8k6e4gb3 /root/.ansible/tmp/ansible-tmp-1768154560.92113-165792-108726024388119/AnsiballZ_command.py\n', b'')
2026-01-11 21:02:41,703 p=165753 u=ruslan n=ansible INFO| <194.87.83.181> ESTABLISH SSH CONNECTION FOR USER: root
2026-01-11 21:02:41,703 p=165753 u=ruslan n=ansible INFO| <194.87.83.181> SSH: EXEC ssh -C -o ControlMaster=auto -o ControlPersist=60s -o StrictHostKeyChecking=no -o KbdInteractiveAuthentication=no -o PreferredAuthentications=gssapi-with-mic,gssapi-keyex,hostbased,publickey -o PasswordAuthentication=no -o 'User="root"' -o ConnectTimeout=10 -o 'ControlPath="/home/ruslan/.ansible/cp/6688fbee48"' -o NumberOfPasswordPrompts=1 194.87.83.181 '/bin/sh -c '"'"'chmod u+rwx /root/.ansible/tmp/ansible-tmp-1768154560.92113-165792-108726024388119/ /root/.ansible/tmp/ansible-tmp-1768154560.92113-165792-108726024388119/AnsiballZ_command.py && sleep 0'"'"''
2026-01-11 21:02:41,799 p=165753 u=ruslan n=ansible INFO| <194.87.83.181> (0, b'', b'')
2026-01-11 21:02:41,799 p=165753 u=ruslan n=ansible INFO| <194.87.83.181> ESTABLISH SSH CONNECTION FOR USER: root
2026-01-11 21:02:41,799 p=165753 u=ruslan n=ansible INFO| <194.87.83.181> SSH: EXEC ssh -C -o ControlMaster=auto -o ControlPersist=60s -o StrictHostKeyChecking=no -o KbdInteractiveAuthentication=no -o PreferredAuthentications=gssapi-with-mic,gssapi-keyex,hostbased,publickey -o PasswordAuthentication=no -o 'User="root"' -o ConnectTimeout=10 -o 'ControlPath="/home/ruslan/.ansible/cp/6688fbee48"' -o NumberOfPasswordPrompts=1 -tt 194.87.83.181 '/bin/sh -c '"'"'/usr/bin/python3.12 /root/.ansible/tmp/ansible-tmp-1768154560.92113-165792-108726024388119/AnsiballZ_command.py && sleep 0'"'"''
2026-01-11 21:02:42,193 p=165753 u=ruslan n=ansible INFO| <194.87.83.181> (0, b'\r\n{"changed": true, "stdout": "GKLjIsWJYLxrtMgTf9u0R9cWa7R7qYfFoPnyMOFPlWk=", "stderr": "", "rc": 0, "cmd": "umask 077\\nwg genkey > /etc/wireguard/node_gw_private\\ncat /etc/wireguard/node_gw_private\\n", "start": "2026-01-11 18:02:42.130780", "end": "2026-01-11 18:02:42.138478", "delta": "0:00:00.007698", "msg": "", "invocation": {"module_args": {"_raw_params": "umask 077\\nwg genkey > /etc/wireguard/node_gw_private\\ncat /etc/wireguard/node_gw_private\\n", "_uses_shell": true, "expand_argument_vars": true, "stdin_add_newline": true, "strip_empty_ends": true, "cmd": null, "argv": null, "chdir": null, "executable": null, "creates": null, "removes": null, "stdin": null}}}\r\n', b'Shared connection to 194.87.83.181 closed.\r\n')
2026-01-11 21:02:42,194 p=165753 u=ruslan n=ansible INFO| <194.87.83.181> ESTABLISH SSH CONNECTION FOR USER: root
2026-01-11 21:02:42,195 p=165753 u=ruslan n=ansible INFO| <194.87.83.181> SSH: EXEC ssh -C -o ControlMaster=auto -o ControlPersist=60s -o StrictHostKeyChecking=no -o KbdInteractiveAuthentication=no -o PreferredAuthentications=gssapi-with-mic,gssapi-keyex,hostbased,publickey -o PasswordAuthentication=no -o 'User="root"' -o ConnectTimeout=10 -o 'ControlPath="/home/ruslan/.ansible/cp/6688fbee48"' -o NumberOfPasswordPrompts=1 194.87.83.181 '/bin/sh -c '"'"'rm -f -r /root/.ansible/tmp/ansible-tmp-1768154560.92113-165792-108726024388119/ > /dev/null 2>&1 && sleep 0'"'"''
2026-01-11 21:02:42,294 p=165753 u=ruslan n=ansible INFO| <194.87.83.181> (0, b'', b'')
2026-01-11 21:02:42,296 p=165753 u=ruslan n=ansible INFO| changed: [node_gw] => {
    "changed": true,
    "cmd": "umask 077\nwg genkey > /etc/wireguard/node_gw_private\ncat /etc/wireguard/node_gw_private\n",
    "delta": "0:00:00.007698",
    "end": "2026-01-11 18:02:42.138478",
    "invocation": {
        "module_args": {
            "_raw_params": "umask 077\nwg genkey > /etc/wireguard/node_gw_private\ncat /etc/wireguard/node_gw_private\n",
            "_uses_shell": true,
            "argv": null,
            "chdir": null,
            "cmd": null,
            "creates": null,
            "executable": null,
            "expand_argument_vars": true,
            "removes": null,
            "stdin": null,
            "stdin_add_newline": true,
            "strip_empty_ends": true
        }
    },
    "msg": "",
    "rc": 0,
    "start": "2026-01-11 18:02:42.130780",
    "stderr": "",
    "stderr_lines": [],
    "stdout": "GKLjIsWJYLxrtMgTf9u0R9cWa7R7qYfFoPnyMOFPlWk=",
    "stdout_lines": [
        "GKLjIsWJYLxrtMgTf9u0R9cWa7R7qYfFoPnyMOFPlWk="
    ]
}
2026-01-11 21:02:42,301 p=165753 u=ruslan n=ansible INFO| TASK [Generate public] ***************************************************************************************************************************************************************************************
2026-01-11 21:02:42,301 p=165753 u=ruslan n=ansible INFO| task path: /home/ruslan/wg-ansible-deploy/playbooks/gateway/configure_wireguard_gateway.yaml:13
2026-01-11 21:02:42,315 p=165753 u=ruslan n=ansible INFO| <194.87.83.181> ESTABLISH SSH CONNECTION FOR USER: root
2026-01-11 21:02:42,315 p=165753 u=ruslan n=ansible INFO| <194.87.83.181> SSH: EXEC ssh -C -o ControlMaster=auto -o ControlPersist=60s -o StrictHostKeyChecking=no -o KbdInteractiveAuthentication=no -o PreferredAuthentications=gssapi-with-mic,gssapi-keyex,hostbased,publickey -o PasswordAuthentication=no -o 'User="root"' -o ConnectTimeout=10 -o 'ControlPath="/home/ruslan/.ansible/cp/6688fbee48"' -o NumberOfPasswordPrompts=1 194.87.83.181 '/bin/sh -c '"'"'echo ~root && sleep 0'"'"''
2026-01-11 21:02:42,415 p=165753 u=ruslan n=ansible INFO| <194.87.83.181> (0, b'/root\n', b'')
2026-01-11 21:02:42,415 p=165753 u=ruslan n=ansible INFO| <194.87.83.181> ESTABLISH SSH CONNECTION FOR USER: root
2026-01-11 21:02:42,415 p=165753 u=ruslan n=ansible INFO| <194.87.83.181> SSH: EXEC ssh -C -o ControlMaster=auto -o ControlPersist=60s -o StrictHostKeyChecking=no -o KbdInteractiveAuthentication=no -o PreferredAuthentications=gssapi-with-mic,gssapi-keyex,hostbased,publickey -o PasswordAuthentication=no -o 'User="root"' -o ConnectTimeout=10 -o 'ControlPath="/home/ruslan/.ansible/cp/6688fbee48"' -o NumberOfPasswordPrompts=1 194.87.83.181 '/bin/sh -c '"'"'( umask 77 && mkdir -p "` echo /root/.ansible/tmp `"&& mkdir "` echo /root/.ansible/tmp/ansible-tmp-1768154562.4149077-165806-72073401866905 `" && echo ansible-tmp-1768154562.4149077-165806-72073401866905="` echo /root/.ansible/tmp/ansible-tmp-1768154562.4149077-165806-72073401866905 `" ) && sleep 0'"'"''
2026-01-11 21:02:42,536 p=165753 u=ruslan n=ansible INFO| <194.87.83.181> (0, b'ansible-tmp-1768154562.4149077-165806-72073401866905=/root/.ansible/tmp/ansible-tmp-1768154562.4149077-165806-72073401866905\n', b'')
2026-01-11 21:02:42,540 p=165753 u=ruslan n=ansible INFO| Using module file /home/ruslan/.local/lib/python3.12/site-packages/ansible/modules/command.py
2026-01-11 21:02:42,541 p=165753 u=ruslan n=ansible INFO| <194.87.83.181> PUT /home/ruslan/.ansible/tmp/ansible-local-165753t1c7267l/tmprqrcy_m1 TO /root/.ansible/tmp/ansible-tmp-1768154562.4149077-165806-72073401866905/AnsiballZ_command.py
2026-01-11 21:02:42,541 p=165753 u=ruslan n=ansible INFO| <194.87.83.181> SSH: EXEC sftp -b - -C -o ControlMaster=auto -o ControlPersist=60s -o StrictHostKeyChecking=no -o KbdInteractiveAuthentication=no -o PreferredAuthentications=gssapi-with-mic,gssapi-keyex,hostbased,publickey -o PasswordAuthentication=no -o 'User="root"' -o ConnectTimeout=10 -o 'ControlPath="/home/ruslan/.ansible/cp/6688fbee48"' -o NumberOfPasswordPrompts=1 '[194.87.83.181]'
2026-01-11 21:02:43,022 p=165753 u=ruslan n=ansible INFO| <194.87.83.181> (0, b'sftp> put /home/ruslan/.ansible/tmp/ansible-local-165753t1c7267l/tmprqrcy_m1 /root/.ansible/tmp/ansible-tmp-1768154562.4149077-165806-72073401866905/AnsiballZ_command.py\n', b'')
2026-01-11 21:02:43,023 p=165753 u=ruslan n=ansible INFO| <194.87.83.181> ESTABLISH SSH CONNECTION FOR USER: root
2026-01-11 21:02:43,023 p=165753 u=ruslan n=ansible INFO| <194.87.83.181> SSH: EXEC ssh -C -o ControlMaster=auto -o ControlPersist=60s -o StrictHostKeyChecking=no -o KbdInteractiveAuthentication=no -o PreferredAuthentications=gssapi-with-mic,gssapi-keyex,hostbased,publickey -o PasswordAuthentication=no -o 'User="root"' -o ConnectTimeout=10 -o 'ControlPath="/home/ruslan/.ansible/cp/6688fbee48"' -o NumberOfPasswordPrompts=1 194.87.83.181 '/bin/sh -c '"'"'chmod u+rwx /root/.ansible/tmp/ansible-tmp-1768154562.4149077-165806-72073401866905/ /root/.ansible/tmp/ansible-tmp-1768154562.4149077-165806-72073401866905/AnsiballZ_command.py && sleep 0'"'"''
2026-01-11 21:02:43,126 p=165753 u=ruslan n=ansible INFO| <194.87.83.181> (0, b'', b'')
2026-01-11 21:02:43,126 p=165753 u=ruslan n=ansible INFO| <194.87.83.181> ESTABLISH SSH CONNECTION FOR USER: root
2026-01-11 21:02:43,126 p=165753 u=ruslan n=ansible INFO| <194.87.83.181> SSH: EXEC ssh -C -o ControlMaster=auto -o ControlPersist=60s -o StrictHostKeyChecking=no -o KbdInteractiveAuthentication=no -o PreferredAuthentications=gssapi-with-mic,gssapi-keyex,hostbased,publickey -o PasswordAuthentication=no -o 'User="root"' -o ConnectTimeout=10 -o 'ControlPath="/home/ruslan/.ansible/cp/6688fbee48"' -o NumberOfPasswordPrompts=1 -tt 194.87.83.181 '/bin/sh -c '"'"'/usr/bin/python3.12 /root/.ansible/tmp/ansible-tmp-1768154562.4149077-165806-72073401866905/AnsiballZ_command.py && sleep 0'"'"''
2026-01-11 21:02:43,552 p=165753 u=ruslan n=ansible INFO| <194.87.83.181> (0, b'\r\n{"changed": true, "stdout": "fUAOONKOBE++RxK6Adrqh2GwhMeb9jaWT/uqqGNUFRM=", "stderr": "", "rc": 0, "cmd": "wg pubkey <  /etc/wireguard/node_gw_private > /etc/wireguard/node_gw_public\\ncat /etc/wireguard/node_gw_public\\n", "start": "2026-01-11 18:02:43.482926", "end": "2026-01-11 18:02:43.491698", "delta": "0:00:00.008772", "msg": "", "invocation": {"module_args": {"_raw_params": "wg pubkey <  /etc/wireguard/node_gw_private > /etc/wireguard/node_gw_public\\ncat /etc/wireguard/node_gw_public\\n", "_uses_shell": true, "expand_argument_vars": true, "stdin_add_newline": true, "strip_empty_ends": true, "cmd": null, "argv": null, "chdir": null, "executable": null, "creates": null, "removes": null, "stdin": null}}}\r\n', b'Shared connection to 194.87.83.181 closed.\r\n')
2026-01-11 21:02:43,553 p=165753 u=ruslan n=ansible INFO| <194.87.83.181> ESTABLISH SSH CONNECTION FOR USER: root
2026-01-11 21:02:43,554 p=165753 u=ruslan n=ansible INFO| <194.87.83.181> SSH: EXEC ssh -C -o ControlMaster=auto -o ControlPersist=60s -o StrictHostKeyChecking=no -o KbdInteractiveAuthentication=no -o PreferredAuthentications=gssapi-with-mic,gssapi-keyex,hostbased,publickey -o PasswordAuthentication=no -o 'User="root"' -o ConnectTimeout=10 -o 'ControlPath="/home/ruslan/.ansible/cp/6688fbee48"' -o NumberOfPasswordPrompts=1 194.87.83.181 '/bin/sh -c '"'"'rm -f -r /root/.ansible/tmp/ansible-tmp-1768154562.4149077-165806-72073401866905/ > /dev/null 2>&1 && sleep 0'"'"''
2026-01-11 21:02:43,654 p=165753 u=ruslan n=ansible INFO| <194.87.83.181> (0, b'', b'')
2026-01-11 21:02:43,656 p=165753 u=ruslan n=ansible INFO| changed: [node_gw] => {
    "changed": true,
    "cmd": "wg pubkey <  /etc/wireguard/node_gw_private > /etc/wireguard/node_gw_public\ncat /etc/wireguard/node_gw_public\n",
    "delta": "0:00:00.008772",
    "end": "2026-01-11 18:02:43.491698",
    "invocation": {
        "module_args": {
            "_raw_params": "wg pubkey <  /etc/wireguard/node_gw_private > /etc/wireguard/node_gw_public\ncat /etc/wireguard/node_gw_public\n",
            "_uses_shell": true,
            "argv": null,
            "chdir": null,
            "cmd": null,
            "creates": null,
            "executable": null,
            "expand_argument_vars": true,
            "removes": null,
            "stdin": null,
            "stdin_add_newline": true,
            "strip_empty_ends": true
        }
    },
    "msg": "",
    "rc": 0,
    "start": "2026-01-11 18:02:43.482926",
    "stderr": "",
    "stderr_lines": [],
    "stdout": "fUAOONKOBE++RxK6Adrqh2GwhMeb9jaWT/uqqGNUFRM=",
    "stdout_lines": [
        "fUAOONKOBE++RxK6Adrqh2GwhMeb9jaWT/uqqGNUFRM="
    ]
}
2026-01-11 21:02:43,663 p=165753 u=ruslan n=ansible INFO| TASK [Create wg0-gw.conf] ************************************************************************************************************************************************************************************
2026-01-11 21:02:43,663 p=165753 u=ruslan n=ansible INFO| task path: /home/ruslan/wg-ansible-deploy/playbooks/gateway/configure_wireguard_gateway.yaml:19
2026-01-11 21:02:43,677 p=165753 u=ruslan n=ansible INFO| <194.87.83.181> ESTABLISH SSH CONNECTION FOR USER: root
2026-01-11 21:02:43,678 p=165753 u=ruslan n=ansible INFO| <194.87.83.181> SSH: EXEC ssh -C -o ControlMaster=auto -o ControlPersist=60s -o StrictHostKeyChecking=no -o KbdInteractiveAuthentication=no -o PreferredAuthentications=gssapi-with-mic,gssapi-keyex,hostbased,publickey -o PasswordAuthentication=no -o 'User="root"' -o ConnectTimeout=10 -o 'ControlPath="/home/ruslan/.ansible/cp/6688fbee48"' -o NumberOfPasswordPrompts=1 194.87.83.181 '/bin/sh -c '"'"'echo ~root && sleep 0'"'"''
2026-01-11 21:02:43,774 p=165753 u=ruslan n=ansible INFO| <194.87.83.181> (0, b'/root\n', b'')
2026-01-11 21:02:43,774 p=165753 u=ruslan n=ansible INFO| <194.87.83.181> ESTABLISH SSH CONNECTION FOR USER: root
2026-01-11 21:02:43,775 p=165753 u=ruslan n=ansible INFO| <194.87.83.181> SSH: EXEC ssh -C -o ControlMaster=auto -o ControlPersist=60s -o StrictHostKeyChecking=no -o KbdInteractiveAuthentication=no -o PreferredAuthentications=gssapi-with-mic,gssapi-keyex,hostbased,publickey -o PasswordAuthentication=no -o 'User="root"' -o ConnectTimeout=10 -o 'ControlPath="/home/ruslan/.ansible/cp/6688fbee48"' -o NumberOfPasswordPrompts=1 194.87.83.181 '/bin/sh -c '"'"'( umask 77 && mkdir -p "` echo /root/.ansible/tmp `"&& mkdir "` echo /root/.ansible/tmp/ansible-tmp-1768154563.7745786-165826-243043872505390 `" && echo ansible-tmp-1768154563.7745786-165826-243043872505390="` echo /root/.ansible/tmp/ansible-tmp-1768154563.7745786-165826-243043872505390 `" ) && sleep 0'"'"''
2026-01-11 21:02:43,874 p=165753 u=ruslan n=ansible INFO| <194.87.83.181> (0, b'ansible-tmp-1768154563.7745786-165826-243043872505390=/root/.ansible/tmp/ansible-tmp-1768154563.7745786-165826-243043872505390\n', b'')
2026-01-11 21:02:43,996 p=165753 u=ruslan n=ansible INFO| Using module file /home/ruslan/.local/lib/python3.12/site-packages/ansible/modules/stat.py
2026-01-11 21:02:43,997 p=165753 u=ruslan n=ansible INFO| <194.87.83.181> PUT /home/ruslan/.ansible/tmp/ansible-local-165753t1c7267l/tmp4bocfvuf TO /root/.ansible/tmp/ansible-tmp-1768154563.7745786-165826-243043872505390/AnsiballZ_stat.py
2026-01-11 21:02:43,997 p=165753 u=ruslan n=ansible INFO| <194.87.83.181> SSH: EXEC sftp -b - -C -o ControlMaster=auto -o ControlPersist=60s -o StrictHostKeyChecking=no -o KbdInteractiveAuthentication=no -o PreferredAuthentications=gssapi-with-mic,gssapi-keyex,hostbased,publickey -o PasswordAuthentication=no -o 'User="root"' -o ConnectTimeout=10 -o 'ControlPath="/home/ruslan/.ansible/cp/6688fbee48"' -o NumberOfPasswordPrompts=1 '[194.87.83.181]'
2026-01-11 21:02:44,480 p=165753 u=ruslan n=ansible INFO| <194.87.83.181> (0, b'sftp> put /home/ruslan/.ansible/tmp/ansible-local-165753t1c7267l/tmp4bocfvuf /root/.ansible/tmp/ansible-tmp-1768154563.7745786-165826-243043872505390/AnsiballZ_stat.py\n', b'')
2026-01-11 21:02:44,480 p=165753 u=ruslan n=ansible INFO| <194.87.83.181> ESTABLISH SSH CONNECTION FOR USER: root
2026-01-11 21:02:44,481 p=165753 u=ruslan n=ansible INFO| <194.87.83.181> SSH: EXEC ssh -C -o ControlMaster=auto -o ControlPersist=60s -o StrictHostKeyChecking=no -o KbdInteractiveAuthentication=no -o PreferredAuthentications=gssapi-with-mic,gssapi-keyex,hostbased,publickey -o PasswordAuthentication=no -o 'User="root"' -o ConnectTimeout=10 -o 'ControlPath="/home/ruslan/.ansible/cp/6688fbee48"' -o NumberOfPasswordPrompts=1 194.87.83.181 '/bin/sh -c '"'"'chmod u+rwx /root/.ansible/tmp/ansible-tmp-1768154563.7745786-165826-243043872505390/ /root/.ansible/tmp/ansible-tmp-1768154563.7745786-165826-243043872505390/AnsiballZ_stat.py && sleep 0'"'"''
2026-01-11 21:02:44,581 p=165753 u=ruslan n=ansible INFO| <194.87.83.181> (0, b'', b'')
2026-01-11 21:02:44,581 p=165753 u=ruslan n=ansible INFO| <194.87.83.181> ESTABLISH SSH CONNECTION FOR USER: root
2026-01-11 21:02:44,581 p=165753 u=ruslan n=ansible INFO| <194.87.83.181> SSH: EXEC ssh -C -o ControlMaster=auto -o ControlPersist=60s -o StrictHostKeyChecking=no -o KbdInteractiveAuthentication=no -o PreferredAuthentications=gssapi-with-mic,gssapi-keyex,hostbased,publickey -o PasswordAuthentication=no -o 'User="root"' -o ConnectTimeout=10 -o 'ControlPath="/home/ruslan/.ansible/cp/6688fbee48"' -o NumberOfPasswordPrompts=1 -tt 194.87.83.181 '/bin/sh -c '"'"'/usr/bin/python3.12 /root/.ansible/tmp/ansible-tmp-1768154563.7745786-165826-243043872505390/AnsiballZ_stat.py && sleep 0'"'"''
2026-01-11 21:02:44,991 p=165753 u=ruslan n=ansible INFO| <194.87.83.181> (0, b'\r\n{"changed": false, "stat": {"exists": true, "path": "/etc/wireguard/wg0-gw.conf", "mode": "0644", "isdir": false, "ischr": false, "isblk": false, "isreg": true, "isfifo": false, "islnk": false, "issock": false, "uid": 0, "gid": 0, "size": 460, "inode": 262207, "dev": 2049, "nlink": 1, "atime": 1768154348.3414524, "mtime": 1768154346.9804063, "ctime": 1768154348.3414524, "wusr": true, "rusr": true, "xusr": false, "wgrp": false, "rgrp": true, "xgrp": false, "woth": false, "roth": true, "xoth": false, "isuid": false, "isgid": false, "blocks": 8, "block_size": 4096, "device_type": 0, "readable": true, "writeable": true, "executable": false, "pw_name": "root", "gr_name": "root", "checksum": "bbc0b80cd83269c28a7c292b7e7e1d6014b67bad", "mimetype": "text/plain", "charset": "us-ascii", "version": "3602357143", "attributes": ["extents"], "attr_flags": "e"}, "invocation": {"module_args": {"path": "/etc/wireguard/wg0-gw.conf", "follow": false, "get_checksum": true, "get_size": false, "checksum_algorithm": "sha1", "get_mime": true, "get_attributes": true, "get_selinux_context": false}}}\r\n', b'Shared connection to 194.87.83.181 closed.\r\n')
2026-01-11 21:02:44,992 p=165753 u=ruslan n=ansible INFO| <194.87.83.181> PUT /home/ruslan/.ansible/tmp/ansible-local-165753t1c7267l/tmpwjvkzs6g/wg0-gw.conf TO /root/.ansible/tmp/ansible-tmp-1768154563.7745786-165826-243043872505390/.source.conf
2026-01-11 21:02:44,992 p=165753 u=ruslan n=ansible INFO| <194.87.83.181> SSH: EXEC sftp -b - -C -o ControlMaster=auto -o ControlPersist=60s -o StrictHostKeyChecking=no -o KbdInteractiveAuthentication=no -o PreferredAuthentications=gssapi-with-mic,gssapi-keyex,hostbased,publickey -o PasswordAuthentication=no -o 'User="root"' -o ConnectTimeout=10 -o 'ControlPath="/home/ruslan/.ansible/cp/6688fbee48"' -o NumberOfPasswordPrompts=1 '[194.87.83.181]'
2026-01-11 21:02:45,422 p=165753 u=ruslan n=ansible INFO| <194.87.83.181> (0, b'sftp> put /home/ruslan/.ansible/tmp/ansible-local-165753t1c7267l/tmpwjvkzs6g/wg0-gw.conf /root/.ansible/tmp/ansible-tmp-1768154563.7745786-165826-243043872505390/.source.conf\n', b'')
2026-01-11 21:02:45,422 p=165753 u=ruslan n=ansible INFO| <194.87.83.181> ESTABLISH SSH CONNECTION FOR USER: root
2026-01-11 21:02:45,423 p=165753 u=ruslan n=ansible INFO| <194.87.83.181> SSH: EXEC ssh -C -o ControlMaster=auto -o ControlPersist=60s -o StrictHostKeyChecking=no -o KbdInteractiveAuthentication=no -o PreferredAuthentications=gssapi-with-mic,gssapi-keyex,hostbased,publickey -o PasswordAuthentication=no -o 'User="root"' -o ConnectTimeout=10 -o 'ControlPath="/home/ruslan/.ansible/cp/6688fbee48"' -o NumberOfPasswordPrompts=1 194.87.83.181 '/bin/sh -c '"'"'chmod u+rwx /root/.ansible/tmp/ansible-tmp-1768154563.7745786-165826-243043872505390/ /root/.ansible/tmp/ansible-tmp-1768154563.7745786-165826-243043872505390/.source.conf && sleep 0'"'"''
2026-01-11 21:02:45,521 p=165753 u=ruslan n=ansible INFO| <194.87.83.181> (0, b'', b'')
2026-01-11 21:02:45,636 p=165753 u=ruslan n=ansible INFO| Using module file /home/ruslan/.local/lib/python3.12/site-packages/ansible/modules/copy.py
2026-01-11 21:02:45,637 p=165753 u=ruslan n=ansible INFO| <194.87.83.181> PUT /home/ruslan/.ansible/tmp/ansible-local-165753t1c7267l/tmp_914kfcu TO /root/.ansible/tmp/ansible-tmp-1768154563.7745786-165826-243043872505390/AnsiballZ_copy.py
2026-01-11 21:02:45,637 p=165753 u=ruslan n=ansible INFO| <194.87.83.181> SSH: EXEC sftp -b - -C -o ControlMaster=auto -o ControlPersist=60s -o StrictHostKeyChecking=no -o KbdInteractiveAuthentication=no -o PreferredAuthentications=gssapi-with-mic,gssapi-keyex,hostbased,publickey -o PasswordAuthentication=no -o 'User="root"' -o ConnectTimeout=10 -o 'ControlPath="/home/ruslan/.ansible/cp/6688fbee48"' -o NumberOfPasswordPrompts=1 '[194.87.83.181]'
2026-01-11 21:02:46,125 p=165753 u=ruslan n=ansible INFO| <194.87.83.181> (0, b'sftp> put /home/ruslan/.ansible/tmp/ansible-local-165753t1c7267l/tmp_914kfcu /root/.ansible/tmp/ansible-tmp-1768154563.7745786-165826-243043872505390/AnsiballZ_copy.py\n', b'')
2026-01-11 21:02:46,125 p=165753 u=ruslan n=ansible INFO| <194.87.83.181> ESTABLISH SSH CONNECTION FOR USER: root
2026-01-11 21:02:46,126 p=165753 u=ruslan n=ansible INFO| <194.87.83.181> SSH: EXEC ssh -C -o ControlMaster=auto -o ControlPersist=60s -o StrictHostKeyChecking=no -o KbdInteractiveAuthentication=no -o PreferredAuthentications=gssapi-with-mic,gssapi-keyex,hostbased,publickey -o PasswordAuthentication=no -o 'User="root"' -o ConnectTimeout=10 -o 'ControlPath="/home/ruslan/.ansible/cp/6688fbee48"' -o NumberOfPasswordPrompts=1 194.87.83.181 '/bin/sh -c '"'"'chmod u+rwx /root/.ansible/tmp/ansible-tmp-1768154563.7745786-165826-243043872505390/ /root/.ansible/tmp/ansible-tmp-1768154563.7745786-165826-243043872505390/AnsiballZ_copy.py && sleep 0'"'"''
2026-01-11 21:02:46,235 p=165753 u=ruslan n=ansible INFO| <194.87.83.181> (0, b'', b'')
2026-01-11 21:02:46,235 p=165753 u=ruslan n=ansible INFO| <194.87.83.181> ESTABLISH SSH CONNECTION FOR USER: root
2026-01-11 21:02:46,235 p=165753 u=ruslan n=ansible INFO| <194.87.83.181> SSH: EXEC ssh -C -o ControlMaster=auto -o ControlPersist=60s -o StrictHostKeyChecking=no -o KbdInteractiveAuthentication=no -o PreferredAuthentications=gssapi-with-mic,gssapi-keyex,hostbased,publickey -o PasswordAuthentication=no -o 'User="root"' -o ConnectTimeout=10 -o 'ControlPath="/home/ruslan/.ansible/cp/6688fbee48"' -o NumberOfPasswordPrompts=1 -tt 194.87.83.181 '/bin/sh -c '"'"'/usr/bin/python3.12 /root/.ansible/tmp/ansible-tmp-1768154563.7745786-165826-243043872505390/AnsiballZ_copy.py && sleep 0'"'"''
2026-01-11 21:02:46,622 p=165753 u=ruslan n=ansible INFO| <194.87.83.181> (0, b'\r\n{"dest": "/etc/wireguard/wg0-gw.conf", "src": "/root/.ansible/tmp/ansible-tmp-1768154563.7745786-165826-243043872505390/.source.conf", "md5sum": "3f5334196d257ac5c151c24d3a060d72", "checksum": "f930ee45b4fb9b61cd6d31d8a349b58c17c76958", "changed": true, "uid": 0, "gid": 0, "owner": "root", "group": "root", "mode": "0644", "state": "file", "size": 460, "invocation": {"module_args": {"dest": "/etc/wireguard/wg0-gw.conf", "src": "/root/.ansible/tmp/ansible-tmp-1768154563.7745786-165826-243043872505390/.source.conf", "mode": null, "follow": false, "_original_basename": "wg0-gw.conf", "checksum": "f930ee45b4fb9b61cd6d31d8a349b58c17c76958", "backup": false, "force": true, "remote_src": false, "unsafe_writes": false, "content": null, "validate": null, "directory_mode": null, "local_follow": null, "owner": null, "group": null, "seuser": null, "serole": null, "selevel": null, "setype": null, "attributes": null}}}\r\n', b'Shared connection to 194.87.83.181 closed.\r\n')
2026-01-11 21:02:46,623 p=165753 u=ruslan n=ansible INFO| <194.87.83.181> ESTABLISH SSH CONNECTION FOR USER: root
2026-01-11 21:02:46,623 p=165753 u=ruslan n=ansible INFO| <194.87.83.181> SSH: EXEC ssh -C -o ControlMaster=auto -o ControlPersist=60s -o StrictHostKeyChecking=no -o KbdInteractiveAuthentication=no -o PreferredAuthentications=gssapi-with-mic,gssapi-keyex,hostbased,publickey -o PasswordAuthentication=no -o 'User="root"' -o ConnectTimeout=10 -o 'ControlPath="/home/ruslan/.ansible/cp/6688fbee48"' -o NumberOfPasswordPrompts=1 194.87.83.181 '/bin/sh -c '"'"'rm -f -r /root/.ansible/tmp/ansible-tmp-1768154563.7745786-165826-243043872505390/ > /dev/null 2>&1 && sleep 0'"'"''
2026-01-11 21:02:46,725 p=165753 u=ruslan n=ansible INFO| <194.87.83.181> (0, b'', b'')
2026-01-11 21:02:46,727 p=165753 u=ruslan n=ansible INFO| changed: [node_gw] => {
    "changed": true,
    "checksum": "f930ee45b4fb9b61cd6d31d8a349b58c17c76958",
    "dest": "/etc/wireguard/wg0-gw.conf",
    "diff": [],
    "gid": 0,
    "group": "root",
    "invocation": {
        "module_args": {
            "_original_basename": "wg0-gw.conf",
            "attributes": null,
            "backup": false,
            "checksum": "f930ee45b4fb9b61cd6d31d8a349b58c17c76958",
            "content": null,
            "dest": "/etc/wireguard/wg0-gw.conf",
            "directory_mode": null,
            "follow": false,
            "force": true,
            "group": null,
            "local_follow": null,
            "mode": null,
            "owner": null,
            "remote_src": false,
            "selevel": null,
            "serole": null,
            "setype": null,
            "seuser": null,
            "src": "/root/.ansible/tmp/ansible-tmp-1768154563.7745786-165826-243043872505390/.source.conf",
            "unsafe_writes": false,
            "validate": null
        }
    },
    "md5sum": "3f5334196d257ac5c151c24d3a060d72",
    "mode": "0644",
    "owner": "root",
    "size": 460,
    "src": "/root/.ansible/tmp/ansible-tmp-1768154563.7745786-165826-243043872505390/.source.conf",
    "state": "file",
    "uid": 0
}
2026-01-11 21:02:46,732 p=165753 u=ruslan n=ansible INFO| TASK [Copy public key from gateway to controller] ************************************************************************************************************************************************************
2026-01-11 21:02:46,732 p=165753 u=ruslan n=ansible INFO| task path: /home/ruslan/wg-ansible-deploy/playbooks/gateway/configure_wireguard_gateway.yaml:24
2026-01-11 21:02:46,747 p=165753 u=ruslan n=ansible INFO| <194.87.83.181> ESTABLISH SSH CONNECTION FOR USER: root
2026-01-11 21:02:46,747 p=165753 u=ruslan n=ansible INFO| <194.87.83.181> SSH: EXEC ssh -C -o ControlMaster=auto -o ControlPersist=60s -o StrictHostKeyChecking=no -o KbdInteractiveAuthentication=no -o PreferredAuthentications=gssapi-with-mic,gssapi-keyex,hostbased,publickey -o PasswordAuthentication=no -o 'User="root"' -o ConnectTimeout=10 -o 'ControlPath="/home/ruslan/.ansible/cp/6688fbee48"' -o NumberOfPasswordPrompts=1 194.87.83.181 '/bin/sh -c '"'"'echo ~root && sleep 0'"'"''
2026-01-11 21:02:46,850 p=165753 u=ruslan n=ansible INFO| <194.87.83.181> (0, b'/root\n', b'')
2026-01-11 21:02:46,850 p=165753 u=ruslan n=ansible INFO| <194.87.83.181> ESTABLISH SSH CONNECTION FOR USER: root
2026-01-11 21:02:46,851 p=165753 u=ruslan n=ansible INFO| <194.87.83.181> SSH: EXEC ssh -C -o ControlMaster=auto -o ControlPersist=60s -o StrictHostKeyChecking=no -o KbdInteractiveAuthentication=no -o PreferredAuthentications=gssapi-with-mic,gssapi-keyex,hostbased,publickey -o PasswordAuthentication=no -o 'User="root"' -o ConnectTimeout=10 -o 'ControlPath="/home/ruslan/.ansible/cp/6688fbee48"' -o NumberOfPasswordPrompts=1 194.87.83.181 '/bin/sh -c '"'"'( umask 77 && mkdir -p "` echo /root/.ansible/tmp `"&& mkdir "` echo /root/.ansible/tmp/ansible-tmp-1768154566.8506083-165859-219444891367985 `" && echo ansible-tmp-1768154566.8506083-165859-219444891367985="` echo /root/.ansible/tmp/ansible-tmp-1768154566.8506083-165859-219444891367985 `" ) && sleep 0'"'"''
2026-01-11 21:02:46,951 p=165753 u=ruslan n=ansible INFO| <194.87.83.181> (0, b'ansible-tmp-1768154566.8506083-165859-219444891367985=/root/.ansible/tmp/ansible-tmp-1768154566.8506083-165859-219444891367985\n', b'')
2026-01-11 21:02:47,058 p=165753 u=ruslan n=ansible INFO| Using module file /home/ruslan/.local/lib/python3.12/site-packages/ansible/modules/slurp.py
2026-01-11 21:02:47,059 p=165753 u=ruslan n=ansible INFO| <194.87.83.181> PUT /home/ruslan/.ansible/tmp/ansible-local-165753t1c7267l/tmp7_rcoe2x TO /root/.ansible/tmp/ansible-tmp-1768154566.8506083-165859-219444891367985/AnsiballZ_slurp.py
2026-01-11 21:02:47,059 p=165753 u=ruslan n=ansible INFO| <194.87.83.181> SSH: EXEC sftp -b - -C -o ControlMaster=auto -o ControlPersist=60s -o StrictHostKeyChecking=no -o KbdInteractiveAuthentication=no -o PreferredAuthentications=gssapi-with-mic,gssapi-keyex,hostbased,publickey -o PasswordAuthentication=no -o 'User="root"' -o ConnectTimeout=10 -o 'ControlPath="/home/ruslan/.ansible/cp/6688fbee48"' -o NumberOfPasswordPrompts=1 '[194.87.83.181]'
2026-01-11 21:02:47,532 p=165753 u=ruslan n=ansible INFO| <194.87.83.181> (0, b'sftp> put /home/ruslan/.ansible/tmp/ansible-local-165753t1c7267l/tmp7_rcoe2x /root/.ansible/tmp/ansible-tmp-1768154566.8506083-165859-219444891367985/AnsiballZ_slurp.py\n', b'')
2026-01-11 21:02:47,532 p=165753 u=ruslan n=ansible INFO| <194.87.83.181> ESTABLISH SSH CONNECTION FOR USER: root
2026-01-11 21:02:47,532 p=165753 u=ruslan n=ansible INFO| <194.87.83.181> SSH: EXEC ssh -C -o ControlMaster=auto -o ControlPersist=60s -o StrictHostKeyChecking=no -o KbdInteractiveAuthentication=no -o PreferredAuthentications=gssapi-with-mic,gssapi-keyex,hostbased,publickey -o PasswordAuthentication=no -o 'User="root"' -o ConnectTimeout=10 -o 'ControlPath="/home/ruslan/.ansible/cp/6688fbee48"' -o NumberOfPasswordPrompts=1 194.87.83.181 '/bin/sh -c '"'"'chmod u+rwx /root/.ansible/tmp/ansible-tmp-1768154566.8506083-165859-219444891367985/ /root/.ansible/tmp/ansible-tmp-1768154566.8506083-165859-219444891367985/AnsiballZ_slurp.py && sleep 0'"'"''
2026-01-11 21:02:47,631 p=165753 u=ruslan n=ansible INFO| <194.87.83.181> (0, b'', b'')
2026-01-11 21:02:47,631 p=165753 u=ruslan n=ansible INFO| <194.87.83.181> ESTABLISH SSH CONNECTION FOR USER: root
2026-01-11 21:02:47,631 p=165753 u=ruslan n=ansible INFO| <194.87.83.181> SSH: EXEC ssh -C -o ControlMaster=auto -o ControlPersist=60s -o StrictHostKeyChecking=no -o KbdInteractiveAuthentication=no -o PreferredAuthentications=gssapi-with-mic,gssapi-keyex,hostbased,publickey -o PasswordAuthentication=no -o 'User="root"' -o ConnectTimeout=10 -o 'ControlPath="/home/ruslan/.ansible/cp/6688fbee48"' -o NumberOfPasswordPrompts=1 -tt 194.87.83.181 '/bin/sh -c '"'"'/usr/bin/python3.12 /root/.ansible/tmp/ansible-tmp-1768154566.8506083-165859-219444891367985/AnsiballZ_slurp.py && sleep 0'"'"''
2026-01-11 21:02:48,079 p=165753 u=ruslan n=ansible INFO| <194.87.83.181> (0, b'\r\n{"content": "ZlVBT09OS09CRSsrUnhLNkFkcnFoMkd3aE1lYjlqYVdUL3VxcUdOVUZSTT0K", "source": "/etc/wireguard/node_gw_public", "encoding": "base64", "invocation": {"module_args": {"src": "/etc/wireguard/node_gw_public"}}}\r\n', b'Shared connection to 194.87.83.181 closed.\r\n')
2026-01-11 21:02:48,081 p=165753 u=ruslan n=ansible INFO| <194.87.83.181> ESTABLISH SSH CONNECTION FOR USER: root
2026-01-11 21:02:48,081 p=165753 u=ruslan n=ansible INFO| <194.87.83.181> SSH: EXEC ssh -C -o ControlMaster=auto -o ControlPersist=60s -o StrictHostKeyChecking=no -o KbdInteractiveAuthentication=no -o PreferredAuthentications=gssapi-with-mic,gssapi-keyex,hostbased,publickey -o PasswordAuthentication=no -o 'User="root"' -o ConnectTimeout=10 -o 'ControlPath="/home/ruslan/.ansible/cp/6688fbee48"' -o NumberOfPasswordPrompts=1 194.87.83.181 '/bin/sh -c '"'"'rm -f -r /root/.ansible/tmp/ansible-tmp-1768154566.8506083-165859-219444891367985/ > /dev/null 2>&1 && sleep 0'"'"''
2026-01-11 21:02:48,181 p=165753 u=ruslan n=ansible INFO| <194.87.83.181> (0, b'', b'')
2026-01-11 21:02:48,184 p=165753 u=ruslan n=ansible INFO| changed: [node_gw] => {
    "changed": true,
    "checksum": "637fa0bc6ada18b8a4c544c7141686a75c45ba40",
    "dest": "/home/ruslan/wg-ansible-deploy/files/public_keys/node_gw_public",
    "file": "/etc/wireguard/node_gw_public",
    "md5sum": "34ab25024007d0f5a579e5dcfb93ea45",
    "remote_checksum": "637fa0bc6ada18b8a4c544c7141686a75c45ba40",
    "remote_md5sum": null
}
2026-01-11 21:02:48,213 p=165753 u=ruslan n=ansible INFO| TASK [Install iptables] **************************************************************************************************************************************************************************************
2026-01-11 21:02:48,213 p=165753 u=ruslan n=ansible INFO| task path: /home/ruslan/wg-ansible-deploy/playbooks/gateway/configure_wireguard_gateway.yaml:30
2026-01-11 21:02:48,227 p=165753 u=ruslan n=ansible INFO| <194.87.83.181> ESTABLISH SSH CONNECTION FOR USER: root
2026-01-11 21:02:48,228 p=165753 u=ruslan n=ansible INFO| <194.87.83.181> SSH: EXEC ssh -C -o ControlMaster=auto -o ControlPersist=60s -o StrictHostKeyChecking=no -o KbdInteractiveAuthentication=no -o PreferredAuthentications=gssapi-with-mic,gssapi-keyex,hostbased,publickey -o PasswordAuthentication=no -o 'User="root"' -o ConnectTimeout=10 -o 'ControlPath="/home/ruslan/.ansible/cp/6688fbee48"' -o NumberOfPasswordPrompts=1 194.87.83.181 '/bin/sh -c '"'"'echo ~root && sleep 0'"'"''
2026-01-11 21:02:48,324 p=165753 u=ruslan n=ansible INFO| <194.87.83.181> (0, b'/root\n', b'')
2026-01-11 21:02:48,324 p=165753 u=ruslan n=ansible INFO| <194.87.83.181> ESTABLISH SSH CONNECTION FOR USER: root
2026-01-11 21:02:48,324 p=165753 u=ruslan n=ansible INFO| <194.87.83.181> SSH: EXEC ssh -C -o ControlMaster=auto -o ControlPersist=60s -o StrictHostKeyChecking=no -o KbdInteractiveAuthentication=no -o PreferredAuthentications=gssapi-with-mic,gssapi-keyex,hostbased,publickey -o PasswordAuthentication=no -o 'User="root"' -o ConnectTimeout=10 -o 'ControlPath="/home/ruslan/.ansible/cp/6688fbee48"' -o NumberOfPasswordPrompts=1 194.87.83.181 '/bin/sh -c '"'"'( umask 77 && mkdir -p "` echo /root/.ansible/tmp `"&& mkdir "` echo /root/.ansible/tmp/ansible-tmp-1768154568.3239276-165873-49294551990024 `" && echo ansible-tmp-1768154568.3239276-165873-49294551990024="` echo /root/.ansible/tmp/ansible-tmp-1768154568.3239276-165873-49294551990024 `" ) && sleep 0'"'"''
2026-01-11 21:02:48,424 p=165753 u=ruslan n=ansible INFO| <194.87.83.181> (0, b'ansible-tmp-1768154568.3239276-165873-49294551990024=/root/.ansible/tmp/ansible-tmp-1768154568.3239276-165873-49294551990024\n', b'')
2026-01-11 21:02:48,561 p=165753 u=ruslan n=ansible INFO| Using module file /home/ruslan/.local/lib/python3.12/site-packages/ansible/modules/apt.py
2026-01-11 21:02:48,562 p=165753 u=ruslan n=ansible INFO| <194.87.83.181> PUT /home/ruslan/.ansible/tmp/ansible-local-165753t1c7267l/tmplv8h9i46 TO /root/.ansible/tmp/ansible-tmp-1768154568.3239276-165873-49294551990024/AnsiballZ_apt.py
2026-01-11 21:02:48,562 p=165753 u=ruslan n=ansible INFO| <194.87.83.181> SSH: EXEC sftp -b - -C -o ControlMaster=auto -o ControlPersist=60s -o StrictHostKeyChecking=no -o KbdInteractiveAuthentication=no -o PreferredAuthentications=gssapi-with-mic,gssapi-keyex,hostbased,publickey -o PasswordAuthentication=no -o 'User="root"' -o ConnectTimeout=10 -o 'ControlPath="/home/ruslan/.ansible/cp/6688fbee48"' -o NumberOfPasswordPrompts=1 '[194.87.83.181]'
2026-01-11 21:02:49,039 p=165753 u=ruslan n=ansible INFO| <194.87.83.181> (0, b'sftp> put /home/ruslan/.ansible/tmp/ansible-local-165753t1c7267l/tmplv8h9i46 /root/.ansible/tmp/ansible-tmp-1768154568.3239276-165873-49294551990024/AnsiballZ_apt.py\n', b'')
2026-01-11 21:02:49,039 p=165753 u=ruslan n=ansible INFO| <194.87.83.181> ESTABLISH SSH CONNECTION FOR USER: root
2026-01-11 21:02:49,039 p=165753 u=ruslan n=ansible INFO| <194.87.83.181> SSH: EXEC ssh -C -o ControlMaster=auto -o ControlPersist=60s -o StrictHostKeyChecking=no -o KbdInteractiveAuthentication=no -o PreferredAuthentications=gssapi-with-mic,gssapi-keyex,hostbased,publickey -o PasswordAuthentication=no -o 'User="root"' -o ConnectTimeout=10 -o 'ControlPath="/home/ruslan/.ansible/cp/6688fbee48"' -o NumberOfPasswordPrompts=1 194.87.83.181 '/bin/sh -c '"'"'chmod u+rwx /root/.ansible/tmp/ansible-tmp-1768154568.3239276-165873-49294551990024/ /root/.ansible/tmp/ansible-tmp-1768154568.3239276-165873-49294551990024/AnsiballZ_apt.py && sleep 0'"'"''
2026-01-11 21:02:49,137 p=165753 u=ruslan n=ansible INFO| <194.87.83.181> (0, b'', b'')
2026-01-11 21:02:49,137 p=165753 u=ruslan n=ansible INFO| <194.87.83.181> ESTABLISH SSH CONNECTION FOR USER: root
2026-01-11 21:02:49,137 p=165753 u=ruslan n=ansible INFO| <194.87.83.181> SSH: EXEC ssh -C -o ControlMaster=auto -o ControlPersist=60s -o StrictHostKeyChecking=no -o KbdInteractiveAuthentication=no -o PreferredAuthentications=gssapi-with-mic,gssapi-keyex,hostbased,publickey -o PasswordAuthentication=no -o 'User="root"' -o ConnectTimeout=10 -o 'ControlPath="/home/ruslan/.ansible/cp/6688fbee48"' -o NumberOfPasswordPrompts=1 -tt 194.87.83.181 '/bin/sh -c '"'"'/usr/bin/python3.12 /root/.ansible/tmp/ansible-tmp-1768154568.3239276-165873-49294551990024/AnsiballZ_apt.py && sleep 0'"'"''
2026-01-11 21:02:50,509 p=165753 u=ruslan n=ansible INFO| <194.87.83.181> (0, b'\r\n{"changed": false, "cache_updated": false, "cache_update_time": 1768154009, "invocation": {"module_args": {"name": "iptables", "state": "present", "package": ["iptables"], "update_cache_retries": 5, "update_cache_retry_max_delay": 12, "cache_valid_time": 0, "purge": false, "force": false, "upgrade": null, "dpkg_options": "force-confdef,force-confold", "autoremove": false, "autoclean": false, "fail_on_autoremove": false, "only_upgrade": false, "force_apt_get": false, "clean": false, "allow_unauthenticated": false, "allow_downgrade": false, "allow_change_held_packages": false, "lock_timeout": 60, "auto_install_module_deps": true, "update_cache": null, "deb": null, "default_release": null, "install_recommends": null, "policy_rc_d": null}}}\r\n', b'Shared connection to 194.87.83.181 closed.\r\n')
2026-01-11 21:02:50,510 p=165753 u=ruslan n=ansible INFO| <194.87.83.181> ESTABLISH SSH CONNECTION FOR USER: root
2026-01-11 21:02:50,510 p=165753 u=ruslan n=ansible INFO| <194.87.83.181> SSH: EXEC ssh -C -o ControlMaster=auto -o ControlPersist=60s -o StrictHostKeyChecking=no -o KbdInteractiveAuthentication=no -o PreferredAuthentications=gssapi-with-mic,gssapi-keyex,hostbased,publickey -o PasswordAuthentication=no -o 'User="root"' -o ConnectTimeout=10 -o 'ControlPath="/home/ruslan/.ansible/cp/6688fbee48"' -o NumberOfPasswordPrompts=1 194.87.83.181 '/bin/sh -c '"'"'rm -f -r /root/.ansible/tmp/ansible-tmp-1768154568.3239276-165873-49294551990024/ > /dev/null 2>&1 && sleep 0'"'"''
2026-01-11 21:02:50,605 p=165753 u=ruslan n=ansible INFO| <194.87.83.181> (0, b'', b'')
2026-01-11 21:02:50,608 p=165753 u=ruslan n=ansible INFO| ok: [node_gw] => {
    "cache_update_time": 1768154009,
    "cache_updated": false,
    "changed": false,
    "invocation": {
        "module_args": {
            "allow_change_held_packages": false,
            "allow_downgrade": false,
            "allow_unauthenticated": false,
            "auto_install_module_deps": true,
            "autoclean": false,
            "autoremove": false,
            "cache_valid_time": 0,
            "clean": false,
            "deb": null,
            "default_release": null,
            "dpkg_options": "force-confdef,force-confold",
            "fail_on_autoremove": false,
            "force": false,
            "force_apt_get": false,
            "install_recommends": null,
            "lock_timeout": 60,
            "name": "iptables",
            "only_upgrade": false,
            "package": [
                "iptables"
            ],
            "policy_rc_d": null,
            "purge": false,
            "state": "present",
            "update_cache": null,
            "update_cache_retries": 5,
            "update_cache_retry_max_delay": 12,
            "upgrade": null
        }
    }
}
2026-01-11 21:02:50,612 p=165753 u=ruslan n=ansible INFO| TASK [Enabling forwarding on gateway] ************************************************************************************************************************************************************************
2026-01-11 21:02:50,612 p=165753 u=ruslan n=ansible INFO| task path: /home/ruslan/wg-ansible-deploy/playbooks/gateway/configure_wireguard_gateway.yaml:35
2026-01-11 21:02:50,619 p=165753 u=ruslan n=ansible INFO| redirecting (type: modules) ansible.builtin.sysctl to ansible.posix.sysctl
2026-01-11 21:02:50,623 p=165753 u=ruslan n=ansible INFO| redirecting (type: modules) ansible.builtin.sysctl to ansible.posix.sysctl
2026-01-11 21:02:50,624 p=165753 u=ruslan n=ansible INFO| <194.87.83.181> ESTABLISH SSH CONNECTION FOR USER: root
2026-01-11 21:02:50,625 p=165753 u=ruslan n=ansible INFO| <194.87.83.181> SSH: EXEC ssh -C -o ControlMaster=auto -o ControlPersist=60s -o StrictHostKeyChecking=no -o KbdInteractiveAuthentication=no -o PreferredAuthentications=gssapi-with-mic,gssapi-keyex,hostbased,publickey -o PasswordAuthentication=no -o 'User="root"' -o ConnectTimeout=10 -o 'ControlPath="/home/ruslan/.ansible/cp/6688fbee48"' -o NumberOfPasswordPrompts=1 194.87.83.181 '/bin/sh -c '"'"'echo ~root && sleep 0'"'"''
2026-01-11 21:02:50,720 p=165753 u=ruslan n=ansible INFO| <194.87.83.181> (0, b'/root\n', b'')
2026-01-11 21:02:50,720 p=165753 u=ruslan n=ansible INFO| <194.87.83.181> ESTABLISH SSH CONNECTION FOR USER: root
2026-01-11 21:02:50,721 p=165753 u=ruslan n=ansible INFO| <194.87.83.181> SSH: EXEC ssh -C -o ControlMaster=auto -o ControlPersist=60s -o StrictHostKeyChecking=no -o KbdInteractiveAuthentication=no -o PreferredAuthentications=gssapi-with-mic,gssapi-keyex,hostbased,publickey -o PasswordAuthentication=no -o 'User="root"' -o ConnectTimeout=10 -o 'ControlPath="/home/ruslan/.ansible/cp/6688fbee48"' -o NumberOfPasswordPrompts=1 194.87.83.181 '/bin/sh -c '"'"'( umask 77 && mkdir -p "` echo /root/.ansible/tmp `"&& mkdir "` echo /root/.ansible/tmp/ansible-tmp-1768154570.7203178-165899-197432989074390 `" && echo ansible-tmp-1768154570.7203178-165899-197432989074390="` echo /root/.ansible/tmp/ansible-tmp-1768154570.7203178-165899-197432989074390 `" ) && sleep 0'"'"''
2026-01-11 21:02:50,818 p=165753 u=ruslan n=ansible INFO| <194.87.83.181> (0, b'ansible-tmp-1768154570.7203178-165899-197432989074390=/root/.ansible/tmp/ansible-tmp-1768154570.7203178-165899-197432989074390\n', b'')
2026-01-11 21:02:50,819 p=165753 u=ruslan n=ansible INFO| redirecting (type: modules) ansible.builtin.sysctl to ansible.posix.sysctl
2026-01-11 21:02:50,941 p=165753 u=ruslan n=ansible INFO| Using module file /home/ruslan/.local/lib/python3.12/site-packages/ansible_collections/ansible/posix/plugins/modules/sysctl.py
2026-01-11 21:02:50,942 p=165753 u=ruslan n=ansible INFO| <194.87.83.181> PUT /home/ruslan/.ansible/tmp/ansible-local-165753t1c7267l/tmpx5jwsfpg TO /root/.ansible/tmp/ansible-tmp-1768154570.7203178-165899-197432989074390/AnsiballZ_sysctl.py
2026-01-11 21:02:50,942 p=165753 u=ruslan n=ansible INFO| <194.87.83.181> SSH: EXEC sftp -b - -C -o ControlMaster=auto -o ControlPersist=60s -o StrictHostKeyChecking=no -o KbdInteractiveAuthentication=no -o PreferredAuthentications=gssapi-with-mic,gssapi-keyex,hostbased,publickey -o PasswordAuthentication=no -o 'User="root"' -o ConnectTimeout=10 -o 'ControlPath="/home/ruslan/.ansible/cp/6688fbee48"' -o NumberOfPasswordPrompts=1 '[194.87.83.181]'
2026-01-11 21:02:51,497 p=165753 u=ruslan n=ansible INFO| <194.87.83.181> (0, b'sftp> put /home/ruslan/.ansible/tmp/ansible-local-165753t1c7267l/tmpx5jwsfpg /root/.ansible/tmp/ansible-tmp-1768154570.7203178-165899-197432989074390/AnsiballZ_sysctl.py\n', b'')
2026-01-11 21:02:51,498 p=165753 u=ruslan n=ansible INFO| <194.87.83.181> ESTABLISH SSH CONNECTION FOR USER: root
2026-01-11 21:02:51,498 p=165753 u=ruslan n=ansible INFO| <194.87.83.181> SSH: EXEC ssh -C -o ControlMaster=auto -o ControlPersist=60s -o StrictHostKeyChecking=no -o KbdInteractiveAuthentication=no -o PreferredAuthentications=gssapi-with-mic,gssapi-keyex,hostbased,publickey -o PasswordAuthentication=no -o 'User="root"' -o ConnectTimeout=10 -o 'ControlPath="/home/ruslan/.ansible/cp/6688fbee48"' -o NumberOfPasswordPrompts=1 194.87.83.181 '/bin/sh -c '"'"'chmod u+rwx /root/.ansible/tmp/ansible-tmp-1768154570.7203178-165899-197432989074390/ /root/.ansible/tmp/ansible-tmp-1768154570.7203178-165899-197432989074390/AnsiballZ_sysctl.py && sleep 0'"'"''
2026-01-11 21:02:51,593 p=165753 u=ruslan n=ansible INFO| <194.87.83.181> (0, b'', b'')
2026-01-11 21:02:51,593 p=165753 u=ruslan n=ansible INFO| <194.87.83.181> ESTABLISH SSH CONNECTION FOR USER: root
2026-01-11 21:02:51,594 p=165753 u=ruslan n=ansible INFO| <194.87.83.181> SSH: EXEC ssh -C -o ControlMaster=auto -o ControlPersist=60s -o StrictHostKeyChecking=no -o KbdInteractiveAuthentication=no -o PreferredAuthentications=gssapi-with-mic,gssapi-keyex,hostbased,publickey -o PasswordAuthentication=no -o 'User="root"' -o ConnectTimeout=10 -o 'ControlPath="/home/ruslan/.ansible/cp/6688fbee48"' -o NumberOfPasswordPrompts=1 -tt 194.87.83.181 '/bin/sh -c '"'"'/usr/bin/python3.12 /root/.ansible/tmp/ansible-tmp-1768154570.7203178-165899-197432989074390/AnsiballZ_sysctl.py && sleep 0'"'"''
2026-01-11 21:02:52,014 p=165753 u=ruslan n=ansible INFO| <194.87.83.181> (0, b'\r\n{"changed": false, "invocation": {"module_args": {"name": "net.ipv4.ip_forward", "reload": true, "state": "present", "value": "1", "sysctl_set": false, "ignoreerrors": false, "sysctl_file": "/etc/sysctl.conf"}}, "deprecations": [{"event": {"msg": "Importing \'to_native\' from \'ansible.module_utils._text\' is deprecated.", "formatted_traceback": "Traceback (most recent call last):\\n  File \\"/root/.ansible/tmp/ansible-tmp-1768154570.7203178-165899-197432989074390/AnsiballZ_sysctl.py\\", line 266, in <module>\\n    _ansiballz_main(\\n  File \\"/root/.ansible/tmp/ansible-tmp-1768154570.7203178-165899-197432989074390/AnsiballZ_sysctl.py\\", line 260, in _ansiballz_main\\n    invoke_module(zipped_mod, encoded_params)\\n  File \\"/root/.ansible/tmp/ansible-tmp-1768154570.7203178-165899-197432989074390/AnsiballZ_sysctl.py\\", line 140, in invoke_module\\n    _loader.run_module(\\n  File \\"/tmp/ansible_ansible.builtin.sysctl_payload_k19j6brw/ansible_ansible.builtin.sysctl_payload.zip/ansible/module_utils/_internal/_ansiballz/_loader.py\\", line 35, in run_module\\n    _run_module(\\n  File \\"/tmp/ansible_ansible.builtin.sysctl_payload_k19j6brw/ansible_ansible.builtin.sysctl_payload.zip/ansible/module_utils/_internal/_ansiballz/_loader.py\\", line 62, in _run_module\\n    runpy.run_module(mod_name=module_fqn, init_globals=init_globals, run_name=\'__main__\', alter_sys=True)\\n  File \\"<frozen runpy>\\", line 226, in run_module\\n  File \\"<frozen runpy>\\", line 98, in _run_module_code\\n  File \\"<frozen runpy>\\", line 88, in _run_code\\n  File \\"/tmp/ansible_ansible.builtin.sysctl_payload_k19j6brw/ansible_ansible.builtin.sysctl_payload.zip/ansible_collections/ansible/posix/plugins/modules/sysctl.py\\", line 108, in <module>\\n    from ansible.module_utils._text import to_native\\n  File \\"/tmp/ansible_ansible.builtin.sysctl_payload_k19j6brw/ansible_ansible.builtin.sysctl_payload.zip/ansible/module_utils/_text.py\\", line 30, in __getattr__\\n    _warnings.deprecate(\\nMessage: Importing \'to_native\' from \'ansible.module_utils._text\' is deprecated.\\n", "help_text": "Use ansible.module_utils.common.text.converters instead.", "__ansible_type": "Event"}, "deprecator": {"resolved_name": "ansible.builtin", "type": null, "__ansible_type": "PluginInfo"}, "version": "2.24", "__ansible_type": "DeprecationSummary"}]}\r\n', b'Shared connection to 194.87.83.181 closed.\r\n')
2026-01-11 21:02:52,016 p=165753 u=ruslan n=ansible INFO| <194.87.83.181> ESTABLISH SSH CONNECTION FOR USER: root
2026-01-11 21:02:52,017 p=165753 u=ruslan n=ansible INFO| <194.87.83.181> SSH: EXEC ssh -C -o ControlMaster=auto -o ControlPersist=60s -o StrictHostKeyChecking=no -o KbdInteractiveAuthentication=no -o PreferredAuthentications=gssapi-with-mic,gssapi-keyex,hostbased,publickey -o PasswordAuthentication=no -o 'User="root"' -o ConnectTimeout=10 -o 'ControlPath="/home/ruslan/.ansible/cp/6688fbee48"' -o NumberOfPasswordPrompts=1 194.87.83.181 '/bin/sh -c '"'"'rm -f -r /root/.ansible/tmp/ansible-tmp-1768154570.7203178-165899-197432989074390/ > /dev/null 2>&1 && sleep 0'"'"''
2026-01-11 21:02:52,114 p=165753 u=ruslan n=ansible INFO| <194.87.83.181> (0, b'', b'')
2026-01-11 21:02:52,117 p=165753 u=ruslan n=ansible WARNING| [WARNING]: Deprecation warnings can be disabled by setting `deprecation_warnings=False` in ansible.cfg.

2026-01-11 21:02:52,117 p=165753 u=ruslan n=ansible INFO| [DEPRECATION WARNING]: Importing 'to_native' from 'ansible.module_utils._text' is deprecated. This feature will be removed from ansible-core version 2.24. Use ansible.module_utils.common.text.converters instead.

2026-01-11 21:02:52,118 p=165753 u=ruslan n=ansible INFO| ok: [node_gw] => {
    "changed": false,
    "invocation": {
        "module_args": {
            "ignoreerrors": false,
            "name": "net.ipv4.ip_forward",
            "reload": true,
            "state": "present",
            "sysctl_file": "/etc/sysctl.conf",
            "sysctl_set": false,
            "value": "1"
        }
    }
}
2026-01-11 21:02:52,118 p=165753 u=ruslan n=ansible INFO| PLAY RECAP ***************************************************************************************************************************************************************************************************
2026-01-11 21:02:52,118 p=165753 u=ruslan n=ansible INFO| node_gw                    : ok=7    changed=4    unreachable=0    failed=0    skipped=0    rescued=0    ignored=0   
2026-01-11 21:04:03,744 p=166361 u=ruslan n=ansible ERROR| [ERROR]: Unexpected Exception, this is probably a bug: 'MonkeyPatchedIntrospectiveArgumentParser' object has no attribute '_action_conflicts'

Traceback (most recent call last):
  File "/home/ruslan/.local/lib/python3.12/site-packages/ansible/cli/__init__.py", line 661, in cli_executor
    exit_code = cli.run()
                ^^^^^^^^^
  File "/home/ruslan/.local/lib/python3.12/site-packages/ansible/cli/playbook.py", line 90, in run
    super(PlaybookCLI, self).run()
  File "/home/ruslan/.local/lib/python3.12/site-packages/ansible/cli/__init__.py", line 172, in run
    self.parse()
  File "/home/ruslan/.local/lib/python3.12/site-packages/ansible/cli/__init__.py", line 465, in parse
    argcomplete.autocomplete(self.parser)
  File "/usr/lib/python3.12/site-packages/argcomplete/finders.py", line 176, in __call__
    completions = self._get_completions(comp_words, cword_prefix, cword_prequote, last_wordbreak_pos)
                  ^^^^^^^^^^^^^^^^^^^^^^^^^^^^^^^^^^^^^^^^^^^^^^^^^^^^^^^^^^^^^^^^^^^^^^^^^^^^^^^^^^^
  File "/usr/lib/python3.12/site-packages/argcomplete/finders.py", line 212, in _get_completions
    completions = self.collect_completions(active_parsers, parsed_args, cword_prefix)
                  ^^^^^^^^^^^^^^^^^^^^^^^^^^^^^^^^^^^^^^^^^^^^^^^^^^^^^^^^^^^^^^^^^^^
  File "/usr/lib/python3.12/site-packages/argcomplete/finders.py", line 429, in collect_completions
    completions += self._get_option_completions(active_parser, cword_prefix)
                   ^^^^^^^^^^^^^^^^^^^^^^^^^^^^^^^^^^^^^^^^^^^^^^^^^^^^^^^^^
  File "/usr/lib/python3.12/site-packages/argcomplete/finders.py", line 315, in _get_option_completions
    if not self._action_allowed(action, parser):
           ^^^^^^^^^^^^^^^^^^^^^^^^^^^^^^^^^^^^
  File "/usr/lib/python3.12/site-packages/argcomplete/finders.py", line 325, in _action_allowed
    for conflict_action in parser._action_conflicts.get(action, []):
                           ^^^^^^^^^^^^^^^^^^^^^^^^
AttributeError: 'MonkeyPatchedIntrospectiveArgumentParser' object has no attribute '_action_conflicts'

The above exception was the direct cause of the following exception:

Traceback (most recent call last):
  File "/home/ruslan/.local/lib/python3.12/site-packages/ansible/cli/__init__.py", line 670, in cli_executor
    raise AnsibleError("Unexpected Exception, this is probably a bug.") from ex
ansible.errors.AnsibleError: Unexpected Exception, this is probably a bug: 'MonkeyPatchedIntrospectiveArgumentParser' object has no attribute '_action_conflicts'


2026-01-11 21:04:04,807 p=166375 u=ruslan n=ansible ERROR| [ERROR]: Unexpected Exception, this is probably a bug: 'MonkeyPatchedIntrospectiveArgumentParser' object has no attribute '_action_conflicts'

Traceback (most recent call last):
  File "/home/ruslan/.local/lib/python3.12/site-packages/ansible/cli/__init__.py", line 661, in cli_executor
    exit_code = cli.run()
                ^^^^^^^^^
  File "/home/ruslan/.local/lib/python3.12/site-packages/ansible/cli/playbook.py", line 90, in run
    super(PlaybookCLI, self).run()
  File "/home/ruslan/.local/lib/python3.12/site-packages/ansible/cli/__init__.py", line 172, in run
    self.parse()
  File "/home/ruslan/.local/lib/python3.12/site-packages/ansible/cli/__init__.py", line 465, in parse
    argcomplete.autocomplete(self.parser)
  File "/usr/lib/python3.12/site-packages/argcomplete/finders.py", line 176, in __call__
    completions = self._get_completions(comp_words, cword_prefix, cword_prequote, last_wordbreak_pos)
                  ^^^^^^^^^^^^^^^^^^^^^^^^^^^^^^^^^^^^^^^^^^^^^^^^^^^^^^^^^^^^^^^^^^^^^^^^^^^^^^^^^^^
  File "/usr/lib/python3.12/site-packages/argcomplete/finders.py", line 212, in _get_completions
    completions = self.collect_completions(active_parsers, parsed_args, cword_prefix)
                  ^^^^^^^^^^^^^^^^^^^^^^^^^^^^^^^^^^^^^^^^^^^^^^^^^^^^^^^^^^^^^^^^^^^
  File "/usr/lib/python3.12/site-packages/argcomplete/finders.py", line 429, in collect_completions
    completions += self._get_option_completions(active_parser, cword_prefix)
                   ^^^^^^^^^^^^^^^^^^^^^^^^^^^^^^^^^^^^^^^^^^^^^^^^^^^^^^^^^
  File "/usr/lib/python3.12/site-packages/argcomplete/finders.py", line 315, in _get_option_completions
    if not self._action_allowed(action, parser):
           ^^^^^^^^^^^^^^^^^^^^^^^^^^^^^^^^^^^^
  File "/usr/lib/python3.12/site-packages/argcomplete/finders.py", line 325, in _action_allowed
    for conflict_action in parser._action_conflicts.get(action, []):
                           ^^^^^^^^^^^^^^^^^^^^^^^^
AttributeError: 'MonkeyPatchedIntrospectiveArgumentParser' object has no attribute '_action_conflicts'

The above exception was the direct cause of the following exception:

Traceback (most recent call last):
  File "/home/ruslan/.local/lib/python3.12/site-packages/ansible/cli/__init__.py", line 670, in cli_executor
    raise AnsibleError("Unexpected Exception, this is probably a bug.") from ex
ansible.errors.AnsibleError: Unexpected Exception, this is probably a bug: 'MonkeyPatchedIntrospectiveArgumentParser' object has no attribute '_action_conflicts'


2026-01-11 21:04:05,401 p=166389 u=ruslan n=ansible ERROR| [ERROR]: Unexpected Exception, this is probably a bug: 'MonkeyPatchedIntrospectiveArgumentParser' object has no attribute '_action_conflicts'

Traceback (most recent call last):
  File "/home/ruslan/.local/lib/python3.12/site-packages/ansible/cli/__init__.py", line 661, in cli_executor
    exit_code = cli.run()
                ^^^^^^^^^
  File "/home/ruslan/.local/lib/python3.12/site-packages/ansible/cli/playbook.py", line 90, in run
    super(PlaybookCLI, self).run()
  File "/home/ruslan/.local/lib/python3.12/site-packages/ansible/cli/__init__.py", line 172, in run
    self.parse()
  File "/home/ruslan/.local/lib/python3.12/site-packages/ansible/cli/__init__.py", line 465, in parse
    argcomplete.autocomplete(self.parser)
  File "/usr/lib/python3.12/site-packages/argcomplete/finders.py", line 176, in __call__
    completions = self._get_completions(comp_words, cword_prefix, cword_prequote, last_wordbreak_pos)
                  ^^^^^^^^^^^^^^^^^^^^^^^^^^^^^^^^^^^^^^^^^^^^^^^^^^^^^^^^^^^^^^^^^^^^^^^^^^^^^^^^^^^
  File "/usr/lib/python3.12/site-packages/argcomplete/finders.py", line 212, in _get_completions
    completions = self.collect_completions(active_parsers, parsed_args, cword_prefix)
                  ^^^^^^^^^^^^^^^^^^^^^^^^^^^^^^^^^^^^^^^^^^^^^^^^^^^^^^^^^^^^^^^^^^^
  File "/usr/lib/python3.12/site-packages/argcomplete/finders.py", line 429, in collect_completions
    completions += self._get_option_completions(active_parser, cword_prefix)
                   ^^^^^^^^^^^^^^^^^^^^^^^^^^^^^^^^^^^^^^^^^^^^^^^^^^^^^^^^^
  File "/usr/lib/python3.12/site-packages/argcomplete/finders.py", line 315, in _get_option_completions
    if not self._action_allowed(action, parser):
           ^^^^^^^^^^^^^^^^^^^^^^^^^^^^^^^^^^^^
  File "/usr/lib/python3.12/site-packages/argcomplete/finders.py", line 325, in _action_allowed
    for conflict_action in parser._action_conflicts.get(action, []):
                           ^^^^^^^^^^^^^^^^^^^^^^^^
AttributeError: 'MonkeyPatchedIntrospectiveArgumentParser' object has no attribute '_action_conflicts'

The above exception was the direct cause of the following exception:

Traceback (most recent call last):
  File "/home/ruslan/.local/lib/python3.12/site-packages/ansible/cli/__init__.py", line 670, in cli_executor
    raise AnsibleError("Unexpected Exception, this is probably a bug.") from ex
ansible.errors.AnsibleError: Unexpected Exception, this is probably a bug: 'MonkeyPatchedIntrospectiveArgumentParser' object has no attribute '_action_conflicts'


2026-01-11 21:04:06,029 p=166391 u=ruslan n=ansible WARNING| [WARNING]: Unable to load the cache plugin 'true'.

2026-01-11 21:04:06,120 p=166391 u=ruslan n=ansible INFO| PLAY [configure wireguard gateway] ***************************************************************************************************************************************************************************
2026-01-11 21:04:06,127 p=166391 u=ruslan n=ansible INFO| TASK [Gathering Facts] ***************************************************************************************************************************************************************************************
2026-01-11 21:04:09,905 p=166391 u=ruslan n=ansible INFO| ok: [node_gw]
2026-01-11 21:04:09,909 p=166391 u=ruslan n=ansible INFO| TASK [Generate private] **************************************************************************************************************************************************************************************
2026-01-11 21:04:11,497 p=166391 u=ruslan n=ansible INFO| changed: [node_gw]
2026-01-11 21:04:11,502 p=166391 u=ruslan n=ansible INFO| TASK [Generate public] ***************************************************************************************************************************************************************************************
2026-01-11 21:04:12,846 p=166391 u=ruslan n=ansible INFO| changed: [node_gw]
2026-01-11 21:04:12,853 p=166391 u=ruslan n=ansible INFO| TASK [Create wg0-gw.conf] ************************************************************************************************************************************************************************************
2026-01-11 21:04:16,104 p=166391 u=ruslan n=ansible INFO| changed: [node_gw]
2026-01-11 21:04:16,109 p=166391 u=ruslan n=ansible INFO| TASK [Copy public key from gateway to controller] ************************************************************************************************************************************************************
2026-01-11 21:04:17,564 p=166391 u=ruslan n=ansible INFO| changed: [node_gw]
2026-01-11 21:04:17,591 p=166391 u=ruslan n=ansible INFO| TASK [Install iptables] **************************************************************************************************************************************************************************************
2026-01-11 21:04:20,216 p=166391 u=ruslan n=ansible INFO| ok: [node_gw]
2026-01-11 21:04:20,221 p=166391 u=ruslan n=ansible INFO| TASK [Enabling forwarding on gateway] ************************************************************************************************************************************************************************
2026-01-11 21:04:21,771 p=166391 u=ruslan n=ansible WARNING| [WARNING]: Deprecation warnings can be disabled by setting `deprecation_warnings=False` in ansible.cfg.

2026-01-11 21:04:21,772 p=166391 u=ruslan n=ansible INFO| [DEPRECATION WARNING]: Importing 'to_native' from 'ansible.module_utils._text' is deprecated. This feature will be removed from ansible-core version 2.24. Use ansible.module_utils.common.text.converters instead.

2026-01-11 21:04:21,772 p=166391 u=ruslan n=ansible INFO| ok: [node_gw]
2026-01-11 21:04:21,773 p=166391 u=ruslan n=ansible INFO| PLAY RECAP ***************************************************************************************************************************************************************************************************
2026-01-11 21:04:21,773 p=166391 u=ruslan n=ansible INFO| node_gw                    : ok=7    changed=4    unreachable=0    failed=0    skipped=0    rescued=0    ignored=0   
2026-01-11 21:05:19,681 p=166906 u=ruslan n=ansible INFO| Using /home/ruslan/wg-ansible-deploy/ansible.cfg as config file
2026-01-11 21:05:19,862 p=166906 u=ruslan n=ansible INFO| PLAY [configure wireguard gateway] ***************************************************************************************************************************************************************************
2026-01-11 21:05:19,869 p=166906 u=ruslan n=ansible INFO| TASK [Gathering Facts] ***************************************************************************************************************************************************************************************
2026-01-11 21:05:23,185 p=166906 u=ruslan n=ansible INFO| ok: [node_gw]
2026-01-11 21:05:23,190 p=166906 u=ruslan n=ansible INFO| TASK [Generate private] **************************************************************************************************************************************************************************************
2026-01-11 21:05:24,760 p=166906 u=ruslan n=ansible INFO| changed: [node_gw] => {"censored": "the output has been hidden due to the fact that 'no_log: true' was specified for this result", "changed": true}
2026-01-11 21:05:24,765 p=166906 u=ruslan n=ansible INFO| TASK [Generate public] ***************************************************************************************************************************************************************************************
2026-01-11 21:05:26,199 p=166906 u=ruslan n=ansible INFO| changed: [node_gw] => {"changed": true, "cmd": "wg pubkey <  /etc/wireguard/node_gw_private > /etc/wireguard/node_gw_public\ncat /etc/wireguard/node_gw_public\n", "delta": "0:00:00.009965", "end": "2026-01-11 18:05:26.018689", "msg": "", "rc": 0, "start": "2026-01-11 18:05:26.008724", "stderr": "", "stderr_lines": [], "stdout": "A1fG5wjz4vSHI1jPlLaALAM+poG6OAmcaqlnAUWxNi4=", "stdout_lines": ["A1fG5wjz4vSHI1jPlLaALAM+poG6OAmcaqlnAUWxNi4="]}
2026-01-11 21:05:26,205 p=166906 u=ruslan n=ansible INFO| TASK [Create wg0-gw.conf] ************************************************************************************************************************************************************************************
2026-01-11 21:05:30,112 p=166906 u=ruslan n=ansible INFO| changed: [node_gw] => {"changed": true, "checksum": "c625c0e0cc28d155fc9c7e56d20bed3bfffbade0", "dest": "/etc/wireguard/wg0-gw.conf", "gid": 0, "group": "root", "md5sum": "cc6146541881ed81ea063e0ec0e6a785", "mode": "0644", "owner": "root", "size": 460, "src": "/root/.ansible/tmp/ansible-tmp-1768154726.3212745-166976-146082719268505/.source.conf", "state": "file", "uid": 0}
2026-01-11 21:05:30,117 p=166906 u=ruslan n=ansible INFO| TASK [Copy public key from gateway to controller] ************************************************************************************************************************************************************
2026-01-11 21:05:31,807 p=166906 u=ruslan n=ansible INFO| changed: [node_gw] => {"changed": true, "checksum": "5c99b25bfa934074046708b3992917dfad9828c4", "dest": "/home/ruslan/wg-ansible-deploy/files/public_keys/node_gw_public", "file": "/etc/wireguard/node_gw_public", "md5sum": "8531086ce13ffdc56068ac780377bcf8", "remote_checksum": "5c99b25bfa934074046708b3992917dfad9828c4", "remote_md5sum": null}
2026-01-11 21:05:31,832 p=166906 u=ruslan n=ansible INFO| TASK [Install iptables] **************************************************************************************************************************************************************************************
2026-01-11 21:05:34,458 p=166906 u=ruslan n=ansible INFO| ok: [node_gw] => {"cache_update_time": 1768154009, "cache_updated": false, "changed": false}
2026-01-11 21:05:34,462 p=166906 u=ruslan n=ansible INFO| TASK [Enabling forwarding on gateway] ************************************************************************************************************************************************************************
2026-01-11 21:05:36,088 p=166906 u=ruslan n=ansible WARNING| [WARNING]: Deprecation warnings can be disabled by setting `deprecation_warnings=False` in ansible.cfg.

2026-01-11 21:05:36,088 p=166906 u=ruslan n=ansible INFO| [DEPRECATION WARNING]: Importing 'to_native' from 'ansible.module_utils._text' is deprecated. This feature will be removed from ansible-core version 2.24. Use ansible.module_utils.common.text.converters instead.

2026-01-11 21:05:36,089 p=166906 u=ruslan n=ansible INFO| ok: [node_gw] => {"changed": false}
2026-01-11 21:05:36,089 p=166906 u=ruslan n=ansible INFO| PLAY RECAP ***************************************************************************************************************************************************************************************************
2026-01-11 21:05:36,090 p=166906 u=ruslan n=ansible INFO| node_gw                    : ok=7    changed=4    unreachable=0    failed=0    skipped=0    rescued=0    ignored=0   
2026-01-11 21:14:00,215 p=170154 u=ruslan n=ansible INFO| ansible-playbook [core 2.20.1]
  config file = /home/ruslan/wg-ansible-deploy/ansible.cfg
  configured module search path = ['/home/ruslan/.ansible/plugins/modules', '/usr/share/ansible/plugins/modules']
  ansible python module location = /home/ruslan/.local/lib/python3.12/site-packages/ansible
  ansible collection location = /home/ruslan/.ansible/collections:/usr/share/ansible/collections
  executable location = /home/ruslan/.local/bin/ansible-playbook
  python version = 3.12.12 (main, Oct 10 2025, 00:00:00) [GCC 14.3.1 20250617 (Red Hat 14.3.1-2)] (/usr/bin/python3)
  jinja version = 3.1.6
  pyyaml version = 6.0.1 (with libyaml v0.2.5)
2026-01-11 21:14:00,215 p=170154 u=ruslan n=ansible INFO| Using /home/ruslan/wg-ansible-deploy/ansible.cfg as config file
2026-01-11 21:14:00,363 p=170154 u=ruslan n=ansible INFO| redirecting (type: modules) ansible.builtin.sysctl to ansible.posix.sysctl
2026-01-11 21:14:00,391 p=170154 u=ruslan n=ansible INFO| Skipping callback 'minimal', as we already have a stdout callback.
2026-01-11 21:14:00,392 p=170154 u=ruslan n=ansible INFO| Skipping callback 'oneline', as we already have a stdout callback.
2026-01-11 21:14:00,392 p=170154 u=ruslan n=ansible INFO| PLAYBOOK: configure_wireguard_gateway.yaml *******************************************************************************************************************************************************************
2026-01-11 21:14:00,392 p=170154 u=ruslan n=ansible INFO| 1 plays in playbooks/gateway/configure_wireguard_gateway.yaml
2026-01-11 21:14:00,394 p=170154 u=ruslan n=ansible INFO| PLAY [configure wireguard gateway] ***************************************************************************************************************************************************************************
2026-01-11 21:14:00,400 p=170154 u=ruslan n=ansible INFO| TASK [Gathering Facts] ***************************************************************************************************************************************************************************************
2026-01-11 21:14:00,400 p=170154 u=ruslan n=ansible INFO| task path: /home/ruslan/wg-ansible-deploy/playbooks/gateway/configure_wireguard_gateway.yaml:1
2026-01-11 21:14:04,469 p=170154 u=ruslan n=ansible INFO| ok: [node_gw]
2026-01-11 21:14:04,474 p=170154 u=ruslan n=ansible INFO| TASK [Generate private] **************************************************************************************************************************************************************************************
2026-01-11 21:14:04,474 p=170154 u=ruslan n=ansible INFO| task path: /home/ruslan/wg-ansible-deploy/playbooks/gateway/configure_wireguard_gateway.yaml:6
2026-01-11 21:14:06,206 p=170154 u=ruslan n=ansible INFO| changed: [node_gw] => {"censored": "the output has been hidden due to the fact that 'no_log: true' was specified for this result", "changed": true}
2026-01-11 21:14:06,210 p=170154 u=ruslan n=ansible INFO| TASK [Generate public] ***************************************************************************************************************************************************************************************
2026-01-11 21:14:06,210 p=170154 u=ruslan n=ansible INFO| task path: /home/ruslan/wg-ansible-deploy/playbooks/gateway/configure_wireguard_gateway.yaml:14
2026-01-11 21:14:07,707 p=170154 u=ruslan n=ansible INFO| changed: [node_gw] => {"changed": true, "cmd": "wg pubkey <  /etc/wireguard/node_gw_private > /etc/wireguard/node_gw_public\ncat /etc/wireguard/node_gw_public\n", "delta": "0:00:00.007664", "end": "2026-01-11 18:14:07.520556", "msg": "", "rc": 0, "start": "2026-01-11 18:14:07.512892", "stderr": "", "stderr_lines": [], "stdout": "ATakvC4l1HcvcS/GIfAuPOEkZPGHSo73j4uGTk5+Yz4=", "stdout_lines": ["ATakvC4l1HcvcS/GIfAuPOEkZPGHSo73j4uGTk5+Yz4="]}
2026-01-11 21:14:07,713 p=170154 u=ruslan n=ansible INFO| TASK [Create wg0-gw.conf] ************************************************************************************************************************************************************************************
2026-01-11 21:14:07,713 p=170154 u=ruslan n=ansible INFO| task path: /home/ruslan/wg-ansible-deploy/playbooks/gateway/configure_wireguard_gateway.yaml:20
2026-01-11 21:14:11,281 p=170154 u=ruslan n=ansible INFO| changed: [node_gw] => {"changed": true, "checksum": "251a1ac3f82497e6266ef27b9b8ba69df6b167ce", "dest": "/etc/wireguard/wg0-gw.conf", "gid": 0, "group": "root", "md5sum": "6a14f1d589df1761dcc52f5ad01c01eb", "mode": "0644", "owner": "root", "size": 460, "src": "/root/.ansible/tmp/ansible-tmp-1768155247.8436122-170233-280862104938437/.source.conf", "state": "file", "uid": 0}
2026-01-11 21:14:11,286 p=170154 u=ruslan n=ansible INFO| TASK [Copy public key from gateway to controller] ************************************************************************************************************************************************************
2026-01-11 21:14:11,286 p=170154 u=ruslan n=ansible INFO| task path: /home/ruslan/wg-ansible-deploy/playbooks/gateway/configure_wireguard_gateway.yaml:25
2026-01-11 21:14:12,884 p=170154 u=ruslan n=ansible INFO| changed: [node_gw] => {"changed": true, "checksum": "339f2a744e1e9878061de91b45234fc3390aadbe", "dest": "/home/ruslan/wg-ansible-deploy/files/public_keys/node_gw_public", "file": "/etc/wireguard/node_gw_public", "md5sum": "4a1415f36a659b5d5a7304ea1b9e4789", "remote_checksum": "339f2a744e1e9878061de91b45234fc3390aadbe", "remote_md5sum": null}
2026-01-11 21:14:12,910 p=170154 u=ruslan n=ansible INFO| TASK [Install iptables] **************************************************************************************************************************************************************************************
2026-01-11 21:14:12,910 p=170154 u=ruslan n=ansible INFO| task path: /home/ruslan/wg-ansible-deploy/playbooks/gateway/configure_wireguard_gateway.yaml:31
2026-01-11 21:14:15,476 p=170154 u=ruslan n=ansible INFO| ok: [node_gw] => {"cache_update_time": 1768154009, "cache_updated": false, "changed": false}
2026-01-11 21:14:15,481 p=170154 u=ruslan n=ansible INFO| TASK [Enabling forwarding on gateway] ************************************************************************************************************************************************************************
2026-01-11 21:14:15,481 p=170154 u=ruslan n=ansible INFO| task path: /home/ruslan/wg-ansible-deploy/playbooks/gateway/configure_wireguard_gateway.yaml:36
2026-01-11 21:14:15,488 p=170154 u=ruslan n=ansible INFO| redirecting (type: modules) ansible.builtin.sysctl to ansible.posix.sysctl
2026-01-11 21:14:15,493 p=170154 u=ruslan n=ansible INFO| redirecting (type: modules) ansible.builtin.sysctl to ansible.posix.sysctl
2026-01-11 21:14:15,742 p=170154 u=ruslan n=ansible INFO| redirecting (type: modules) ansible.builtin.sysctl to ansible.posix.sysctl
2026-01-11 21:14:17,384 p=170154 u=ruslan n=ansible WARNING| [WARNING]: Deprecation warnings can be disabled by setting `deprecation_warnings=False` in ansible.cfg.

2026-01-11 21:14:17,384 p=170154 u=ruslan n=ansible INFO| [DEPRECATION WARNING]: Importing 'to_native' from 'ansible.module_utils._text' is deprecated. This feature will be removed from ansible-core version 2.24. Use ansible.module_utils.common.text.converters instead.

2026-01-11 21:14:17,384 p=170154 u=ruslan n=ansible INFO| ok: [node_gw] => {"changed": false}
2026-01-11 21:14:17,385 p=170154 u=ruslan n=ansible INFO| PLAY RECAP ***************************************************************************************************************************************************************************************************
2026-01-11 21:14:17,385 p=170154 u=ruslan n=ansible INFO| node_gw                    : ok=7    changed=4    unreachable=0    failed=0    skipped=0    rescued=0    ignored=0   
2026-01-11 21:17:13,328 p=171406 u=ruslan n=ansible INFO| ansible-playbook [core 2.20.1]
  config file = /home/ruslan/wg-ansible-deploy/ansible.cfg
  configured module search path = ['/home/ruslan/.ansible/plugins/modules', '/usr/share/ansible/plugins/modules']
  ansible python module location = /home/ruslan/.local/lib/python3.12/site-packages/ansible
  ansible collection location = /home/ruslan/.ansible/collections:/usr/share/ansible/collections
  executable location = /home/ruslan/.local/bin/ansible-playbook
  python version = 3.12.12 (main, Oct 10 2025, 00:00:00) [GCC 14.3.1 20250617 (Red Hat 14.3.1-2)] (/usr/bin/python3)
  jinja version = 3.1.6
  pyyaml version = 6.0.1 (with libyaml v0.2.5)
2026-01-11 21:17:13,328 p=171406 u=ruslan n=ansible INFO| Using /home/ruslan/wg-ansible-deploy/ansible.cfg as config file
2026-01-11 21:17:13,481 p=171406 u=ruslan n=ansible INFO| redirecting (type: modules) ansible.builtin.sysctl to ansible.posix.sysctl
2026-01-11 21:17:13,510 p=171406 u=ruslan n=ansible INFO| Skipping callback 'minimal', as we already have a stdout callback.
2026-01-11 21:17:13,510 p=171406 u=ruslan n=ansible INFO| Skipping callback 'oneline', as we already have a stdout callback.
2026-01-11 21:17:13,510 p=171406 u=ruslan n=ansible INFO| PLAYBOOK: configure_wireguard_gateway.yaml *******************************************************************************************************************************************************************
2026-01-11 21:17:13,511 p=171406 u=ruslan n=ansible INFO| 1 plays in playbooks/gateway/configure_wireguard_gateway.yaml
2026-01-11 21:17:13,512 p=171406 u=ruslan n=ansible INFO| PLAY [configure wireguard gateway] ***************************************************************************************************************************************************************************
2026-01-11 21:17:13,519 p=171406 u=ruslan n=ansible INFO| TASK [Gathering Facts] ***************************************************************************************************************************************************************************************
2026-01-11 21:17:13,519 p=171406 u=ruslan n=ansible INFO| task path: /home/ruslan/wg-ansible-deploy/playbooks/gateway/configure_wireguard_gateway.yaml:1
2026-01-11 21:17:17,495 p=171406 u=ruslan n=ansible INFO| ok: [node_gw]
2026-01-11 21:17:17,500 p=171406 u=ruslan n=ansible INFO| TASK [Generate private] **************************************************************************************************************************************************************************************
2026-01-11 21:17:17,500 p=171406 u=ruslan n=ansible INFO| task path: /home/ruslan/wg-ansible-deploy/playbooks/gateway/configure_wireguard_gateway.yaml:6
2026-01-11 21:17:19,096 p=171406 u=ruslan n=ansible INFO| changed: [node_gw] => {"censored": "the output has been hidden due to the fact that 'no_log: true' was specified for this result", "changed": true}
2026-01-11 21:17:19,101 p=171406 u=ruslan n=ansible INFO| TASK [Generate public] ***************************************************************************************************************************************************************************************
2026-01-11 21:17:19,101 p=171406 u=ruslan n=ansible INFO| task path: /home/ruslan/wg-ansible-deploy/playbooks/gateway/configure_wireguard_gateway.yaml:14
2026-01-11 21:17:20,408 p=171406 u=ruslan n=ansible INFO| changed: [node_gw] => {"changed": true, "cmd": "wg pubkey <  /etc/wireguard/node_gw_private > /etc/wireguard/node_gw_public\ncat /etc/wireguard/node_gw_public\n", "delta": "0:00:00.007582", "end": "2026-01-11 18:17:20.250498", "msg": "", "rc": 0, "start": "2026-01-11 18:17:20.242916", "stderr": "", "stderr_lines": [], "stdout": "LeFdnSESdK9NULWqH0Iz9xxfjeGXZXnK3hSjc566xjE=", "stdout_lines": ["LeFdnSESdK9NULWqH0Iz9xxfjeGXZXnK3hSjc566xjE="]}
2026-01-11 21:17:20,414 p=171406 u=ruslan n=ansible INFO| TASK [Create wg0-gw.conf] ************************************************************************************************************************************************************************************
2026-01-11 21:17:20,415 p=171406 u=ruslan n=ansible INFO| task path: /home/ruslan/wg-ansible-deploy/playbooks/gateway/configure_wireguard_gateway.yaml:20
2026-01-11 21:17:23,536 p=171406 u=ruslan n=ansible INFO| changed: [node_gw] => {"changed": true, "checksum": "aad1a553985746ab2c6f2f361c21055d4da5d4a9", "dest": "/etc/wireguard/wg0-gw.conf", "gid": 0, "group": "root", "md5sum": "cf4fddaf15d7fd280f48f593a892e173", "mode": "0644", "owner": "root", "size": 505, "src": "/root/.ansible/tmp/ansible-tmp-1768155440.5269983-171481-206236167694265/.source.conf", "state": "file", "uid": 0}
2026-01-11 21:17:23,541 p=171406 u=ruslan n=ansible INFO| TASK [Copy public key from gateway to controller] ************************************************************************************************************************************************************
2026-01-11 21:17:23,541 p=171406 u=ruslan n=ansible INFO| task path: /home/ruslan/wg-ansible-deploy/playbooks/gateway/configure_wireguard_gateway.yaml:25
2026-01-11 21:17:25,019 p=171406 u=ruslan n=ansible INFO| changed: [node_gw] => {"changed": true, "checksum": "151c484a2ff777b45f3d051c85e8ba1963a735af", "dest": "/home/ruslan/wg-ansible-deploy/files/public_keys/node_gw_public", "file": "/etc/wireguard/node_gw_public", "md5sum": "c59e5da622ec2178bdfa1e75b8f4cebe", "remote_checksum": "151c484a2ff777b45f3d051c85e8ba1963a735af", "remote_md5sum": null}
2026-01-11 21:17:25,045 p=171406 u=ruslan n=ansible INFO| TASK [Install iptables] **************************************************************************************************************************************************************************************
2026-01-11 21:17:25,045 p=171406 u=ruslan n=ansible INFO| task path: /home/ruslan/wg-ansible-deploy/playbooks/gateway/configure_wireguard_gateway.yaml:31
2026-01-11 21:17:27,594 p=171406 u=ruslan n=ansible INFO| ok: [node_gw] => {"cache_update_time": 1768154009, "cache_updated": false, "changed": false}
2026-01-11 21:17:27,599 p=171406 u=ruslan n=ansible INFO| TASK [Enabling forwarding on gateway] ************************************************************************************************************************************************************************
2026-01-11 21:17:27,599 p=171406 u=ruslan n=ansible INFO| task path: /home/ruslan/wg-ansible-deploy/playbooks/gateway/configure_wireguard_gateway.yaml:36
2026-01-11 21:17:27,607 p=171406 u=ruslan n=ansible INFO| redirecting (type: modules) ansible.builtin.sysctl to ansible.posix.sysctl
2026-01-11 21:17:27,612 p=171406 u=ruslan n=ansible INFO| redirecting (type: modules) ansible.builtin.sysctl to ansible.posix.sysctl
2026-01-11 21:17:28,120 p=171406 u=ruslan n=ansible INFO| redirecting (type: modules) ansible.builtin.sysctl to ansible.posix.sysctl
2026-01-11 21:17:29,483 p=171406 u=ruslan n=ansible WARNING| [WARNING]: Deprecation warnings can be disabled by setting `deprecation_warnings=False` in ansible.cfg.

2026-01-11 21:17:29,484 p=171406 u=ruslan n=ansible INFO| [DEPRECATION WARNING]: Importing 'to_native' from 'ansible.module_utils._text' is deprecated. This feature will be removed from ansible-core version 2.24. Use ansible.module_utils.common.text.converters instead.

2026-01-11 21:17:29,484 p=171406 u=ruslan n=ansible INFO| ok: [node_gw] => {"changed": false}
2026-01-11 21:17:29,484 p=171406 u=ruslan n=ansible INFO| PLAY RECAP ***************************************************************************************************************************************************************************************************
2026-01-11 21:17:29,485 p=171406 u=ruslan n=ansible INFO| node_gw                    : ok=7    changed=4    unreachable=0    failed=0    skipped=0    rescued=0    ignored=0   
2026-01-11 21:17:34,557 p=171610 u=ruslan n=ansible ERROR| [ERROR]: Unexpected Exception, this is probably a bug: 'MonkeyPatchedIntrospectiveArgumentParser' object has no attribute '_action_conflicts'

Traceback (most recent call last):
  File "/home/ruslan/.local/lib/python3.12/site-packages/ansible/cli/__init__.py", line 661, in cli_executor
    exit_code = cli.run()
                ^^^^^^^^^
  File "/home/ruslan/.local/lib/python3.12/site-packages/ansible/cli/playbook.py", line 90, in run
    super(PlaybookCLI, self).run()
  File "/home/ruslan/.local/lib/python3.12/site-packages/ansible/cli/__init__.py", line 172, in run
    self.parse()
  File "/home/ruslan/.local/lib/python3.12/site-packages/ansible/cli/__init__.py", line 465, in parse
    argcomplete.autocomplete(self.parser)
  File "/usr/lib/python3.12/site-packages/argcomplete/finders.py", line 176, in __call__
    completions = self._get_completions(comp_words, cword_prefix, cword_prequote, last_wordbreak_pos)
                  ^^^^^^^^^^^^^^^^^^^^^^^^^^^^^^^^^^^^^^^^^^^^^^^^^^^^^^^^^^^^^^^^^^^^^^^^^^^^^^^^^^^
  File "/usr/lib/python3.12/site-packages/argcomplete/finders.py", line 212, in _get_completions
    completions = self.collect_completions(active_parsers, parsed_args, cword_prefix)
                  ^^^^^^^^^^^^^^^^^^^^^^^^^^^^^^^^^^^^^^^^^^^^^^^^^^^^^^^^^^^^^^^^^^^
  File "/usr/lib/python3.12/site-packages/argcomplete/finders.py", line 429, in collect_completions
    completions += self._get_option_completions(active_parser, cword_prefix)
                   ^^^^^^^^^^^^^^^^^^^^^^^^^^^^^^^^^^^^^^^^^^^^^^^^^^^^^^^^^
  File "/usr/lib/python3.12/site-packages/argcomplete/finders.py", line 315, in _get_option_completions
    if not self._action_allowed(action, parser):
           ^^^^^^^^^^^^^^^^^^^^^^^^^^^^^^^^^^^^
  File "/usr/lib/python3.12/site-packages/argcomplete/finders.py", line 325, in _action_allowed
    for conflict_action in parser._action_conflicts.get(action, []):
                           ^^^^^^^^^^^^^^^^^^^^^^^^
AttributeError: 'MonkeyPatchedIntrospectiveArgumentParser' object has no attribute '_action_conflicts'

The above exception was the direct cause of the following exception:

Traceback (most recent call last):
  File "/home/ruslan/.local/lib/python3.12/site-packages/ansible/cli/__init__.py", line 670, in cli_executor
    raise AnsibleError("Unexpected Exception, this is probably a bug.") from ex
ansible.errors.AnsibleError: Unexpected Exception, this is probably a bug: 'MonkeyPatchedIntrospectiveArgumentParser' object has no attribute '_action_conflicts'


2026-01-11 21:17:36,704 p=171630 u=ruslan n=ansible ERROR| [ERROR]: Unexpected Exception, this is probably a bug: 'MonkeyPatchedIntrospectiveArgumentParser' object has no attribute '_action_conflicts'

Traceback (most recent call last):
  File "/home/ruslan/.local/lib/python3.12/site-packages/ansible/cli/__init__.py", line 661, in cli_executor
    exit_code = cli.run()
                ^^^^^^^^^
  File "/home/ruslan/.local/lib/python3.12/site-packages/ansible/cli/playbook.py", line 90, in run
    super(PlaybookCLI, self).run()
  File "/home/ruslan/.local/lib/python3.12/site-packages/ansible/cli/__init__.py", line 172, in run
    self.parse()
  File "/home/ruslan/.local/lib/python3.12/site-packages/ansible/cli/__init__.py", line 465, in parse
    argcomplete.autocomplete(self.parser)
  File "/usr/lib/python3.12/site-packages/argcomplete/finders.py", line 176, in __call__
    completions = self._get_completions(comp_words, cword_prefix, cword_prequote, last_wordbreak_pos)
                  ^^^^^^^^^^^^^^^^^^^^^^^^^^^^^^^^^^^^^^^^^^^^^^^^^^^^^^^^^^^^^^^^^^^^^^^^^^^^^^^^^^^
  File "/usr/lib/python3.12/site-packages/argcomplete/finders.py", line 212, in _get_completions
    completions = self.collect_completions(active_parsers, parsed_args, cword_prefix)
                  ^^^^^^^^^^^^^^^^^^^^^^^^^^^^^^^^^^^^^^^^^^^^^^^^^^^^^^^^^^^^^^^^^^^
  File "/usr/lib/python3.12/site-packages/argcomplete/finders.py", line 429, in collect_completions
    completions += self._get_option_completions(active_parser, cword_prefix)
                   ^^^^^^^^^^^^^^^^^^^^^^^^^^^^^^^^^^^^^^^^^^^^^^^^^^^^^^^^^
  File "/usr/lib/python3.12/site-packages/argcomplete/finders.py", line 315, in _get_option_completions
    if not self._action_allowed(action, parser):
           ^^^^^^^^^^^^^^^^^^^^^^^^^^^^^^^^^^^^
  File "/usr/lib/python3.12/site-packages/argcomplete/finders.py", line 325, in _action_allowed
    for conflict_action in parser._action_conflicts.get(action, []):
                           ^^^^^^^^^^^^^^^^^^^^^^^^
AttributeError: 'MonkeyPatchedIntrospectiveArgumentParser' object has no attribute '_action_conflicts'

The above exception was the direct cause of the following exception:

Traceback (most recent call last):
  File "/home/ruslan/.local/lib/python3.12/site-packages/ansible/cli/__init__.py", line 670, in cli_executor
    raise AnsibleError("Unexpected Exception, this is probably a bug.") from ex
ansible.errors.AnsibleError: Unexpected Exception, this is probably a bug: 'MonkeyPatchedIntrospectiveArgumentParser' object has no attribute '_action_conflicts'


2026-01-11 21:17:37,598 p=171644 u=ruslan n=ansible ERROR| [ERROR]: Unexpected Exception, this is probably a bug: 'MonkeyPatchedIntrospectiveArgumentParser' object has no attribute '_action_conflicts'

Traceback (most recent call last):
  File "/home/ruslan/.local/lib/python3.12/site-packages/ansible/cli/__init__.py", line 661, in cli_executor
    exit_code = cli.run()
                ^^^^^^^^^
  File "/home/ruslan/.local/lib/python3.12/site-packages/ansible/cli/playbook.py", line 90, in run
    super(PlaybookCLI, self).run()
  File "/home/ruslan/.local/lib/python3.12/site-packages/ansible/cli/__init__.py", line 172, in run
    self.parse()
  File "/home/ruslan/.local/lib/python3.12/site-packages/ansible/cli/__init__.py", line 465, in parse
    argcomplete.autocomplete(self.parser)
  File "/usr/lib/python3.12/site-packages/argcomplete/finders.py", line 176, in __call__
    completions = self._get_completions(comp_words, cword_prefix, cword_prequote, last_wordbreak_pos)
                  ^^^^^^^^^^^^^^^^^^^^^^^^^^^^^^^^^^^^^^^^^^^^^^^^^^^^^^^^^^^^^^^^^^^^^^^^^^^^^^^^^^^
  File "/usr/lib/python3.12/site-packages/argcomplete/finders.py", line 212, in _get_completions
    completions = self.collect_completions(active_parsers, parsed_args, cword_prefix)
                  ^^^^^^^^^^^^^^^^^^^^^^^^^^^^^^^^^^^^^^^^^^^^^^^^^^^^^^^^^^^^^^^^^^^
  File "/usr/lib/python3.12/site-packages/argcomplete/finders.py", line 429, in collect_completions
    completions += self._get_option_completions(active_parser, cword_prefix)
                   ^^^^^^^^^^^^^^^^^^^^^^^^^^^^^^^^^^^^^^^^^^^^^^^^^^^^^^^^^
  File "/usr/lib/python3.12/site-packages/argcomplete/finders.py", line 315, in _get_option_completions
    if not self._action_allowed(action, parser):
           ^^^^^^^^^^^^^^^^^^^^^^^^^^^^^^^^^^^^
  File "/usr/lib/python3.12/site-packages/argcomplete/finders.py", line 325, in _action_allowed
    for conflict_action in parser._action_conflicts.get(action, []):
                           ^^^^^^^^^^^^^^^^^^^^^^^^
AttributeError: 'MonkeyPatchedIntrospectiveArgumentParser' object has no attribute '_action_conflicts'

The above exception was the direct cause of the following exception:

Traceback (most recent call last):
  File "/home/ruslan/.local/lib/python3.12/site-packages/ansible/cli/__init__.py", line 670, in cli_executor
    raise AnsibleError("Unexpected Exception, this is probably a bug.") from ex
ansible.errors.AnsibleError: Unexpected Exception, this is probably a bug: 'MonkeyPatchedIntrospectiveArgumentParser' object has no attribute '_action_conflicts'


2026-01-11 21:17:38,357 p=171652 u=ruslan n=ansible INFO| PLAY [configure wireguard nodes] *****************************************************************************************************************************************************************************
2026-01-11 21:17:38,364 p=171652 u=ruslan n=ansible INFO| TASK [Gathering Facts] ***************************************************************************************************************************************************************************************
2026-01-11 21:17:39,954 p=171652 u=ruslan n=ansible INFO| ok: [node1]
2026-01-11 21:17:40,012 p=171652 u=ruslan n=ansible INFO| ok: [gitlab]
2026-01-11 21:17:40,102 p=171652 u=ruslan n=ansible INFO| ok: [node3]
2026-01-11 21:17:40,109 p=171652 u=ruslan n=ansible INFO| ok: [node0]
2026-01-11 21:17:40,114 p=171652 u=ruslan n=ansible INFO| TASK [Generate private] **************************************************************************************************************************************************************************************
2026-01-11 21:17:40,754 p=171652 u=ruslan n=ansible INFO| changed: [node1]
2026-01-11 21:17:40,754 p=171652 u=ruslan n=ansible INFO| changed: [node3]
2026-01-11 21:17:40,757 p=171652 u=ruslan n=ansible INFO| changed: [gitlab]
2026-01-11 21:17:40,766 p=171652 u=ruslan n=ansible INFO| changed: [node0]
2026-01-11 21:17:40,770 p=171652 u=ruslan n=ansible INFO| TASK [Generate public] ***************************************************************************************************************************************************************************************
2026-01-11 21:17:41,303 p=171652 u=ruslan n=ansible INFO| changed: [node3]
2026-01-11 21:17:41,306 p=171652 u=ruslan n=ansible INFO| changed: [node1]
2026-01-11 21:17:41,308 p=171652 u=ruslan n=ansible INFO| changed: [node0]
2026-01-11 21:17:41,308 p=171652 u=ruslan n=ansible INFO| changed: [gitlab]
2026-01-11 21:17:41,313 p=171652 u=ruslan n=ansible INFO| TASK [Read gateway public key] *******************************************************************************************************************************************************************************
2026-01-11 21:17:41,336 p=171652 u=ruslan n=ansible INFO| ok: [node1]
2026-01-11 21:17:41,338 p=171652 u=ruslan n=ansible INFO| ok: [node0]
2026-01-11 21:17:41,344 p=171652 u=ruslan n=ansible INFO| ok: [gitlab]
2026-01-11 21:17:41,351 p=171652 u=ruslan n=ansible INFO| ok: [node3]
2026-01-11 21:17:41,355 p=171652 u=ruslan n=ansible INFO| TASK [Create wg0-n.conf] *************************************************************************************************************************************************************************************
2026-01-11 21:17:42,565 p=171652 u=ruslan n=ansible INFO| changed: [node0]
2026-01-11 21:17:42,575 p=171652 u=ruslan n=ansible INFO| changed: [node3]
2026-01-11 21:17:42,595 p=171652 u=ruslan n=ansible INFO| changed: [gitlab]
2026-01-11 21:17:42,598 p=171652 u=ruslan n=ansible INFO| changed: [node1]
2026-01-11 21:17:42,602 p=171652 u=ruslan n=ansible INFO| TASK [debug] *************************************************************************************************************************************************************************************************
2026-01-11 21:17:42,627 p=171652 u=ruslan n=ansible INFO| ok: [node1] => {
    "msg": 23122
}
2026-01-11 21:17:42,627 p=171652 u=ruslan n=ansible INFO| ok: [node0] => {
    "msg": 23122
}
2026-01-11 21:17:42,631 p=171652 u=ruslan n=ansible INFO| ok: [gitlab] => {
    "msg": 23122
}
2026-01-11 21:17:42,638 p=171652 u=ruslan n=ansible INFO| ok: [node3] => {
    "msg": 23122
}
2026-01-11 21:17:42,643 p=171652 u=ruslan n=ansible INFO| TASK [Copy public key from node to controller] ***************************************************************************************************************************************************************
2026-01-11 21:17:43,259 p=171652 u=ruslan n=ansible INFO| changed: [node1]
2026-01-11 21:17:43,279 p=171652 u=ruslan n=ansible INFO| changed: [node0]
2026-01-11 21:17:43,291 p=171652 u=ruslan n=ansible INFO| changed: [node3]
2026-01-11 21:17:43,294 p=171652 u=ruslan n=ansible INFO| changed: [gitlab]
2026-01-11 21:17:43,296 p=171652 u=ruslan n=ansible INFO| PLAY RECAP ***************************************************************************************************************************************************************************************************
2026-01-11 21:17:43,296 p=171652 u=ruslan n=ansible INFO| gitlab                     : ok=7    changed=4    unreachable=0    failed=0    skipped=0    rescued=0    ignored=0   
2026-01-11 21:17:43,296 p=171652 u=ruslan n=ansible INFO| node0                      : ok=7    changed=4    unreachable=0    failed=0    skipped=0    rescued=0    ignored=0   
2026-01-11 21:17:43,296 p=171652 u=ruslan n=ansible INFO| node1                      : ok=7    changed=4    unreachable=0    failed=0    skipped=0    rescued=0    ignored=0   
2026-01-11 21:17:43,296 p=171652 u=ruslan n=ansible INFO| node3                      : ok=7    changed=4    unreachable=0    failed=0    skipped=0    rescued=0    ignored=0   
2026-01-11 21:17:48,126 p=171956 u=ruslan n=ansible ERROR| [ERROR]: Unexpected Exception, this is probably a bug: 'MonkeyPatchedIntrospectiveArgumentParser' object has no attribute '_action_conflicts'

Traceback (most recent call last):
  File "/home/ruslan/.local/lib/python3.12/site-packages/ansible/cli/__init__.py", line 661, in cli_executor
    exit_code = cli.run()
                ^^^^^^^^^
  File "/home/ruslan/.local/lib/python3.12/site-packages/ansible/cli/playbook.py", line 90, in run
    super(PlaybookCLI, self).run()
  File "/home/ruslan/.local/lib/python3.12/site-packages/ansible/cli/__init__.py", line 172, in run
    self.parse()
  File "/home/ruslan/.local/lib/python3.12/site-packages/ansible/cli/__init__.py", line 465, in parse
    argcomplete.autocomplete(self.parser)
  File "/usr/lib/python3.12/site-packages/argcomplete/finders.py", line 176, in __call__
    completions = self._get_completions(comp_words, cword_prefix, cword_prequote, last_wordbreak_pos)
                  ^^^^^^^^^^^^^^^^^^^^^^^^^^^^^^^^^^^^^^^^^^^^^^^^^^^^^^^^^^^^^^^^^^^^^^^^^^^^^^^^^^^
  File "/usr/lib/python3.12/site-packages/argcomplete/finders.py", line 212, in _get_completions
    completions = self.collect_completions(active_parsers, parsed_args, cword_prefix)
                  ^^^^^^^^^^^^^^^^^^^^^^^^^^^^^^^^^^^^^^^^^^^^^^^^^^^^^^^^^^^^^^^^^^^
  File "/usr/lib/python3.12/site-packages/argcomplete/finders.py", line 429, in collect_completions
    completions += self._get_option_completions(active_parser, cword_prefix)
                   ^^^^^^^^^^^^^^^^^^^^^^^^^^^^^^^^^^^^^^^^^^^^^^^^^^^^^^^^^
  File "/usr/lib/python3.12/site-packages/argcomplete/finders.py", line 315, in _get_option_completions
    if not self._action_allowed(action, parser):
           ^^^^^^^^^^^^^^^^^^^^^^^^^^^^^^^^^^^^
  File "/usr/lib/python3.12/site-packages/argcomplete/finders.py", line 325, in _action_allowed
    for conflict_action in parser._action_conflicts.get(action, []):
                           ^^^^^^^^^^^^^^^^^^^^^^^^
AttributeError: 'MonkeyPatchedIntrospectiveArgumentParser' object has no attribute '_action_conflicts'

The above exception was the direct cause of the following exception:

Traceback (most recent call last):
  File "/home/ruslan/.local/lib/python3.12/site-packages/ansible/cli/__init__.py", line 670, in cli_executor
    raise AnsibleError("Unexpected Exception, this is probably a bug.") from ex
ansible.errors.AnsibleError: Unexpected Exception, this is probably a bug: 'MonkeyPatchedIntrospectiveArgumentParser' object has no attribute '_action_conflicts'


2026-01-11 21:17:52,290 p=172006 u=ruslan n=ansible ERROR| [ERROR]: Unexpected Exception, this is probably a bug: 'MonkeyPatchedIntrospectiveArgumentParser' object has no attribute '_action_conflicts'

Traceback (most recent call last):
  File "/home/ruslan/.local/lib/python3.12/site-packages/ansible/cli/__init__.py", line 661, in cli_executor
    exit_code = cli.run()
                ^^^^^^^^^
  File "/home/ruslan/.local/lib/python3.12/site-packages/ansible/cli/playbook.py", line 90, in run
    super(PlaybookCLI, self).run()
  File "/home/ruslan/.local/lib/python3.12/site-packages/ansible/cli/__init__.py", line 172, in run
    self.parse()
  File "/home/ruslan/.local/lib/python3.12/site-packages/ansible/cli/__init__.py", line 465, in parse
    argcomplete.autocomplete(self.parser)
  File "/usr/lib/python3.12/site-packages/argcomplete/finders.py", line 176, in __call__
    completions = self._get_completions(comp_words, cword_prefix, cword_prequote, last_wordbreak_pos)
                  ^^^^^^^^^^^^^^^^^^^^^^^^^^^^^^^^^^^^^^^^^^^^^^^^^^^^^^^^^^^^^^^^^^^^^^^^^^^^^^^^^^^
  File "/usr/lib/python3.12/site-packages/argcomplete/finders.py", line 212, in _get_completions
    completions = self.collect_completions(active_parsers, parsed_args, cword_prefix)
                  ^^^^^^^^^^^^^^^^^^^^^^^^^^^^^^^^^^^^^^^^^^^^^^^^^^^^^^^^^^^^^^^^^^^
  File "/usr/lib/python3.12/site-packages/argcomplete/finders.py", line 429, in collect_completions
    completions += self._get_option_completions(active_parser, cword_prefix)
                   ^^^^^^^^^^^^^^^^^^^^^^^^^^^^^^^^^^^^^^^^^^^^^^^^^^^^^^^^^
  File "/usr/lib/python3.12/site-packages/argcomplete/finders.py", line 315, in _get_option_completions
    if not self._action_allowed(action, parser):
           ^^^^^^^^^^^^^^^^^^^^^^^^^^^^^^^^^^^^
  File "/usr/lib/python3.12/site-packages/argcomplete/finders.py", line 325, in _action_allowed
    for conflict_action in parser._action_conflicts.get(action, []):
                           ^^^^^^^^^^^^^^^^^^^^^^^^
AttributeError: 'MonkeyPatchedIntrospectiveArgumentParser' object has no attribute '_action_conflicts'

The above exception was the direct cause of the following exception:

Traceback (most recent call last):
  File "/home/ruslan/.local/lib/python3.12/site-packages/ansible/cli/__init__.py", line 670, in cli_executor
    raise AnsibleError("Unexpected Exception, this is probably a bug.") from ex
ansible.errors.AnsibleError: Unexpected Exception, this is probably a bug: 'MonkeyPatchedIntrospectiveArgumentParser' object has no attribute '_action_conflicts'


2026-01-11 21:17:56,164 p=172038 u=ruslan n=ansible ERROR| [ERROR]: Unexpected Exception, this is probably a bug: 'MonkeyPatchedIntrospectiveArgumentParser' object has no attribute '_action_conflicts'

Traceback (most recent call last):
  File "/home/ruslan/.local/lib/python3.12/site-packages/ansible/cli/__init__.py", line 661, in cli_executor
    exit_code = cli.run()
                ^^^^^^^^^
  File "/home/ruslan/.local/lib/python3.12/site-packages/ansible/cli/playbook.py", line 90, in run
    super(PlaybookCLI, self).run()
  File "/home/ruslan/.local/lib/python3.12/site-packages/ansible/cli/__init__.py", line 172, in run
    self.parse()
  File "/home/ruslan/.local/lib/python3.12/site-packages/ansible/cli/__init__.py", line 465, in parse
    argcomplete.autocomplete(self.parser)
  File "/usr/lib/python3.12/site-packages/argcomplete/finders.py", line 176, in __call__
    completions = self._get_completions(comp_words, cword_prefix, cword_prequote, last_wordbreak_pos)
                  ^^^^^^^^^^^^^^^^^^^^^^^^^^^^^^^^^^^^^^^^^^^^^^^^^^^^^^^^^^^^^^^^^^^^^^^^^^^^^^^^^^^
  File "/usr/lib/python3.12/site-packages/argcomplete/finders.py", line 212, in _get_completions
    completions = self.collect_completions(active_parsers, parsed_args, cword_prefix)
                  ^^^^^^^^^^^^^^^^^^^^^^^^^^^^^^^^^^^^^^^^^^^^^^^^^^^^^^^^^^^^^^^^^^^
  File "/usr/lib/python3.12/site-packages/argcomplete/finders.py", line 429, in collect_completions
    completions += self._get_option_completions(active_parser, cword_prefix)
                   ^^^^^^^^^^^^^^^^^^^^^^^^^^^^^^^^^^^^^^^^^^^^^^^^^^^^^^^^^
  File "/usr/lib/python3.12/site-packages/argcomplete/finders.py", line 315, in _get_option_completions
    if not self._action_allowed(action, parser):
           ^^^^^^^^^^^^^^^^^^^^^^^^^^^^^^^^^^^^
  File "/usr/lib/python3.12/site-packages/argcomplete/finders.py", line 325, in _action_allowed
    for conflict_action in parser._action_conflicts.get(action, []):
                           ^^^^^^^^^^^^^^^^^^^^^^^^
AttributeError: 'MonkeyPatchedIntrospectiveArgumentParser' object has no attribute '_action_conflicts'

The above exception was the direct cause of the following exception:

Traceback (most recent call last):
  File "/home/ruslan/.local/lib/python3.12/site-packages/ansible/cli/__init__.py", line 670, in cli_executor
    raise AnsibleError("Unexpected Exception, this is probably a bug.") from ex
ansible.errors.AnsibleError: Unexpected Exception, this is probably a bug: 'MonkeyPatchedIntrospectiveArgumentParser' object has no attribute '_action_conflicts'


2026-01-11 21:17:56,980 p=172040 u=ruslan n=ansible INFO| PLAY [gateway] ***********************************************************************************************************************************************************************************************
2026-01-11 21:17:56,986 p=172040 u=ruslan n=ansible INFO| TASK [Gathering Facts] ***************************************************************************************************************************************************************************************
2026-01-11 21:18:00,681 p=172040 u=ruslan n=ansible INFO| ok: [node_gw]
2026-01-11 21:18:00,685 p=172040 u=ruslan n=ansible INFO| TASK [Add [Peer] blocks in wg0-gw.conf] **********************************************************************************************************************************************************************
2026-01-11 21:18:02,184 p=172040 u=ruslan n=ansible INFO| changed: [node_gw] => (item=node1)
2026-01-11 21:18:03,481 p=172040 u=ruslan n=ansible INFO| changed: [node_gw] => (item=node0)
2026-01-11 21:18:04,797 p=172040 u=ruslan n=ansible INFO| changed: [node_gw] => (item=gitlab)
2026-01-11 21:18:06,135 p=172040 u=ruslan n=ansible INFO| changed: [node_gw] => (item=node3)
2026-01-11 21:18:06,141 p=172040 u=ruslan n=ansible INFO| TASK [Restart wg-quick] **************************************************************************************************************************************************************************************
2026-01-11 21:18:08,117 p=172040 u=ruslan n=ansible ERROR| [ERROR]: Task failed: Module failed: Unable to start service wg-quick@wg0-gw: Job for wg-quick@wg0-gw.service failed because the control process exited with error code.
See "systemctl status wg-quick@wg0-gw.service" and "journalctl -xeu wg-quick@wg0-gw.service" for details.

Origin: /home/ruslan/wg-ansible-deploy/playbooks/gateway/add_node.yaml:14:7

12         marker: "# {mark} for {{ item }}"
13       loop: "{{ groups['nodes'] }}"
14     - name: Restart wg-quick
         ^ column 7


2026-01-11 21:18:08,117 p=172040 u=ruslan n=ansible INFO| fatal: [node_gw]: FAILED! => {"changed": false, "msg": "Unable to start service wg-quick@wg0-gw: Job for wg-quick@wg0-gw.service failed because the control process exited with error code.\nSee \"systemctl status wg-quick@wg0-gw.service\" and \"journalctl -xeu wg-quick@wg0-gw.service\" for details.\n"}
2026-01-11 21:18:08,118 p=172040 u=ruslan n=ansible INFO| PLAY RECAP ***************************************************************************************************************************************************************************************************
2026-01-11 21:18:08,118 p=172040 u=ruslan n=ansible INFO| node_gw                    : ok=2    changed=1    unreachable=0    failed=1    skipped=0    rescued=0    ignored=0   
2026-01-11 21:18:48,133 p=172427 u=ruslan n=ansible ERROR| [ERROR]: Unexpected Exception, this is probably a bug: 'MonkeyPatchedIntrospectiveArgumentParser' object has no attribute '_action_conflicts'

Traceback (most recent call last):
  File "/home/ruslan/.local/lib/python3.12/site-packages/ansible/cli/__init__.py", line 661, in cli_executor
    exit_code = cli.run()
                ^^^^^^^^^
  File "/home/ruslan/.local/lib/python3.12/site-packages/ansible/cli/playbook.py", line 90, in run
    super(PlaybookCLI, self).run()
  File "/home/ruslan/.local/lib/python3.12/site-packages/ansible/cli/__init__.py", line 172, in run
    self.parse()
  File "/home/ruslan/.local/lib/python3.12/site-packages/ansible/cli/__init__.py", line 465, in parse
    argcomplete.autocomplete(self.parser)
  File "/usr/lib/python3.12/site-packages/argcomplete/finders.py", line 176, in __call__
    completions = self._get_completions(comp_words, cword_prefix, cword_prequote, last_wordbreak_pos)
                  ^^^^^^^^^^^^^^^^^^^^^^^^^^^^^^^^^^^^^^^^^^^^^^^^^^^^^^^^^^^^^^^^^^^^^^^^^^^^^^^^^^^
  File "/usr/lib/python3.12/site-packages/argcomplete/finders.py", line 212, in _get_completions
    completions = self.collect_completions(active_parsers, parsed_args, cword_prefix)
                  ^^^^^^^^^^^^^^^^^^^^^^^^^^^^^^^^^^^^^^^^^^^^^^^^^^^^^^^^^^^^^^^^^^^
  File "/usr/lib/python3.12/site-packages/argcomplete/finders.py", line 429, in collect_completions
    completions += self._get_option_completions(active_parser, cword_prefix)
                   ^^^^^^^^^^^^^^^^^^^^^^^^^^^^^^^^^^^^^^^^^^^^^^^^^^^^^^^^^
  File "/usr/lib/python3.12/site-packages/argcomplete/finders.py", line 315, in _get_option_completions
    if not self._action_allowed(action, parser):
           ^^^^^^^^^^^^^^^^^^^^^^^^^^^^^^^^^^^^
  File "/usr/lib/python3.12/site-packages/argcomplete/finders.py", line 325, in _action_allowed
    for conflict_action in parser._action_conflicts.get(action, []):
                           ^^^^^^^^^^^^^^^^^^^^^^^^
AttributeError: 'MonkeyPatchedIntrospectiveArgumentParser' object has no attribute '_action_conflicts'

The above exception was the direct cause of the following exception:

Traceback (most recent call last):
  File "/home/ruslan/.local/lib/python3.12/site-packages/ansible/cli/__init__.py", line 670, in cli_executor
    raise AnsibleError("Unexpected Exception, this is probably a bug.") from ex
ansible.errors.AnsibleError: Unexpected Exception, this is probably a bug: 'MonkeyPatchedIntrospectiveArgumentParser' object has no attribute '_action_conflicts'


2026-01-11 21:18:56,115 p=172486 u=ruslan n=ansible ERROR| [ERROR]: Unexpected Exception, this is probably a bug: 'MonkeyPatchedIntrospectiveArgumentParser' object has no attribute '_action_conflicts'

Traceback (most recent call last):
  File "/home/ruslan/.local/lib/python3.12/site-packages/ansible/cli/__init__.py", line 661, in cli_executor
    exit_code = cli.run()
                ^^^^^^^^^
  File "/home/ruslan/.local/lib/python3.12/site-packages/ansible/cli/playbook.py", line 90, in run
    super(PlaybookCLI, self).run()
  File "/home/ruslan/.local/lib/python3.12/site-packages/ansible/cli/__init__.py", line 172, in run
    self.parse()
  File "/home/ruslan/.local/lib/python3.12/site-packages/ansible/cli/__init__.py", line 465, in parse
    argcomplete.autocomplete(self.parser)
  File "/usr/lib/python3.12/site-packages/argcomplete/finders.py", line 176, in __call__
    completions = self._get_completions(comp_words, cword_prefix, cword_prequote, last_wordbreak_pos)
                  ^^^^^^^^^^^^^^^^^^^^^^^^^^^^^^^^^^^^^^^^^^^^^^^^^^^^^^^^^^^^^^^^^^^^^^^^^^^^^^^^^^^
  File "/usr/lib/python3.12/site-packages/argcomplete/finders.py", line 212, in _get_completions
    completions = self.collect_completions(active_parsers, parsed_args, cword_prefix)
                  ^^^^^^^^^^^^^^^^^^^^^^^^^^^^^^^^^^^^^^^^^^^^^^^^^^^^^^^^^^^^^^^^^^^
  File "/usr/lib/python3.12/site-packages/argcomplete/finders.py", line 429, in collect_completions
    completions += self._get_option_completions(active_parser, cword_prefix)
                   ^^^^^^^^^^^^^^^^^^^^^^^^^^^^^^^^^^^^^^^^^^^^^^^^^^^^^^^^^
  File "/usr/lib/python3.12/site-packages/argcomplete/finders.py", line 315, in _get_option_completions
    if not self._action_allowed(action, parser):
           ^^^^^^^^^^^^^^^^^^^^^^^^^^^^^^^^^^^^
  File "/usr/lib/python3.12/site-packages/argcomplete/finders.py", line 325, in _action_allowed
    for conflict_action in parser._action_conflicts.get(action, []):
                           ^^^^^^^^^^^^^^^^^^^^^^^^
AttributeError: 'MonkeyPatchedIntrospectiveArgumentParser' object has no attribute '_action_conflicts'

The above exception was the direct cause of the following exception:

Traceback (most recent call last):
  File "/home/ruslan/.local/lib/python3.12/site-packages/ansible/cli/__init__.py", line 670, in cli_executor
    raise AnsibleError("Unexpected Exception, this is probably a bug.") from ex
ansible.errors.AnsibleError: Unexpected Exception, this is probably a bug: 'MonkeyPatchedIntrospectiveArgumentParser' object has no attribute '_action_conflicts'


2026-01-11 21:18:56,976 p=172500 u=ruslan n=ansible ERROR| [ERROR]: Unexpected Exception, this is probably a bug: 'MonkeyPatchedIntrospectiveArgumentParser' object has no attribute '_action_conflicts'

Traceback (most recent call last):
  File "/home/ruslan/.local/lib/python3.12/site-packages/ansible/cli/__init__.py", line 661, in cli_executor
    exit_code = cli.run()
                ^^^^^^^^^
  File "/home/ruslan/.local/lib/python3.12/site-packages/ansible/cli/playbook.py", line 90, in run
    super(PlaybookCLI, self).run()
  File "/home/ruslan/.local/lib/python3.12/site-packages/ansible/cli/__init__.py", line 172, in run
    self.parse()
  File "/home/ruslan/.local/lib/python3.12/site-packages/ansible/cli/__init__.py", line 465, in parse
    argcomplete.autocomplete(self.parser)
  File "/usr/lib/python3.12/site-packages/argcomplete/finders.py", line 176, in __call__
    completions = self._get_completions(comp_words, cword_prefix, cword_prequote, last_wordbreak_pos)
                  ^^^^^^^^^^^^^^^^^^^^^^^^^^^^^^^^^^^^^^^^^^^^^^^^^^^^^^^^^^^^^^^^^^^^^^^^^^^^^^^^^^^
  File "/usr/lib/python3.12/site-packages/argcomplete/finders.py", line 212, in _get_completions
    completions = self.collect_completions(active_parsers, parsed_args, cword_prefix)
                  ^^^^^^^^^^^^^^^^^^^^^^^^^^^^^^^^^^^^^^^^^^^^^^^^^^^^^^^^^^^^^^^^^^^
  File "/usr/lib/python3.12/site-packages/argcomplete/finders.py", line 429, in collect_completions
    completions += self._get_option_completions(active_parser, cword_prefix)
                   ^^^^^^^^^^^^^^^^^^^^^^^^^^^^^^^^^^^^^^^^^^^^^^^^^^^^^^^^^
  File "/usr/lib/python3.12/site-packages/argcomplete/finders.py", line 315, in _get_option_completions
    if not self._action_allowed(action, parser):
           ^^^^^^^^^^^^^^^^^^^^^^^^^^^^^^^^^^^^
  File "/usr/lib/python3.12/site-packages/argcomplete/finders.py", line 325, in _action_allowed
    for conflict_action in parser._action_conflicts.get(action, []):
                           ^^^^^^^^^^^^^^^^^^^^^^^^
AttributeError: 'MonkeyPatchedIntrospectiveArgumentParser' object has no attribute '_action_conflicts'

The above exception was the direct cause of the following exception:

Traceback (most recent call last):
  File "/home/ruslan/.local/lib/python3.12/site-packages/ansible/cli/__init__.py", line 670, in cli_executor
    raise AnsibleError("Unexpected Exception, this is probably a bug.") from ex
ansible.errors.AnsibleError: Unexpected Exception, this is probably a bug: 'MonkeyPatchedIntrospectiveArgumentParser' object has no attribute '_action_conflicts'


2026-01-11 21:18:57,906 p=172502 u=ruslan n=ansible INFO| PLAY [gateway] ***********************************************************************************************************************************************************************************************
2026-01-11 21:18:57,913 p=172502 u=ruslan n=ansible INFO| TASK [Gathering Facts] ***************************************************************************************************************************************************************************************
2026-01-11 21:19:00,608 p=172502 u=ruslan n=ansible INFO| ok: [node_gw]
2026-01-11 21:19:00,613 p=172502 u=ruslan n=ansible INFO| TASK [Add [Peer] blocks in wg0-gw.conf] **********************************************************************************************************************************************************************
2026-01-11 21:19:02,412 p=172502 u=ruslan n=ansible INFO| ok: [node_gw] => (item=node1)
2026-01-11 21:19:04,154 p=172502 u=ruslan n=ansible INFO| ok: [node_gw] => (item=node0)
2026-01-11 21:19:05,577 p=172502 u=ruslan n=ansible INFO| ok: [node_gw] => (item=gitlab)
2026-01-11 21:19:06,985 p=172502 u=ruslan n=ansible INFO| ok: [node_gw] => (item=node3)
2026-01-11 21:19:06,992 p=172502 u=ruslan n=ansible INFO| TASK [Restart wg-quick] **************************************************************************************************************************************************************************************
2026-01-11 21:19:09,054 p=172502 u=ruslan n=ansible ERROR| [ERROR]: Task failed: Module failed: Unable to start service wg-quick@wg0-gw: Job for wg-quick@wg0-gw.service failed because the control process exited with error code.
See "systemctl status wg-quick@wg0-gw.service" and "journalctl -xeu wg-quick@wg0-gw.service" for details.

Origin: /home/ruslan/wg-ansible-deploy/playbooks/gateway/add_node.yaml:14:7

12         marker: "# {mark} for {{ item }}"
13       loop: "{{ groups['nodes'] }}"
14     - name: Restart wg-quick
         ^ column 7


2026-01-11 21:19:09,055 p=172502 u=ruslan n=ansible INFO| fatal: [node_gw]: FAILED! => {"changed": false, "msg": "Unable to start service wg-quick@wg0-gw: Job for wg-quick@wg0-gw.service failed because the control process exited with error code.\nSee \"systemctl status wg-quick@wg0-gw.service\" and \"journalctl -xeu wg-quick@wg0-gw.service\" for details.\n"}
2026-01-11 21:19:09,055 p=172502 u=ruslan n=ansible INFO| PLAY RECAP ***************************************************************************************************************************************************************************************************
2026-01-11 21:19:09,055 p=172502 u=ruslan n=ansible INFO| node_gw                    : ok=2    changed=0    unreachable=0    failed=1    skipped=0    rescued=0    ignored=0   
2026-01-11 21:22:06,060 p=173521 u=ruslan n=ansible ERROR| [ERROR]: Unexpected Exception, this is probably a bug: 'MonkeyPatchedIntrospectiveArgumentParser' object has no attribute '_action_conflicts'

Traceback (most recent call last):
  File "/home/ruslan/.local/lib/python3.12/site-packages/ansible/cli/__init__.py", line 661, in cli_executor
    exit_code = cli.run()
                ^^^^^^^^^
  File "/home/ruslan/.local/lib/python3.12/site-packages/ansible/cli/playbook.py", line 90, in run
    super(PlaybookCLI, self).run()
  File "/home/ruslan/.local/lib/python3.12/site-packages/ansible/cli/__init__.py", line 172, in run
    self.parse()
  File "/home/ruslan/.local/lib/python3.12/site-packages/ansible/cli/__init__.py", line 465, in parse
    argcomplete.autocomplete(self.parser)
  File "/usr/lib/python3.12/site-packages/argcomplete/finders.py", line 176, in __call__
    completions = self._get_completions(comp_words, cword_prefix, cword_prequote, last_wordbreak_pos)
                  ^^^^^^^^^^^^^^^^^^^^^^^^^^^^^^^^^^^^^^^^^^^^^^^^^^^^^^^^^^^^^^^^^^^^^^^^^^^^^^^^^^^
  File "/usr/lib/python3.12/site-packages/argcomplete/finders.py", line 212, in _get_completions
    completions = self.collect_completions(active_parsers, parsed_args, cword_prefix)
                  ^^^^^^^^^^^^^^^^^^^^^^^^^^^^^^^^^^^^^^^^^^^^^^^^^^^^^^^^^^^^^^^^^^^
  File "/usr/lib/python3.12/site-packages/argcomplete/finders.py", line 429, in collect_completions
    completions += self._get_option_completions(active_parser, cword_prefix)
                   ^^^^^^^^^^^^^^^^^^^^^^^^^^^^^^^^^^^^^^^^^^^^^^^^^^^^^^^^^
  File "/usr/lib/python3.12/site-packages/argcomplete/finders.py", line 315, in _get_option_completions
    if not self._action_allowed(action, parser):
           ^^^^^^^^^^^^^^^^^^^^^^^^^^^^^^^^^^^^
  File "/usr/lib/python3.12/site-packages/argcomplete/finders.py", line 325, in _action_allowed
    for conflict_action in parser._action_conflicts.get(action, []):
                           ^^^^^^^^^^^^^^^^^^^^^^^^
AttributeError: 'MonkeyPatchedIntrospectiveArgumentParser' object has no attribute '_action_conflicts'

The above exception was the direct cause of the following exception:

Traceback (most recent call last):
  File "/home/ruslan/.local/lib/python3.12/site-packages/ansible/cli/__init__.py", line 670, in cli_executor
    raise AnsibleError("Unexpected Exception, this is probably a bug.") from ex
ansible.errors.AnsibleError: Unexpected Exception, this is probably a bug: 'MonkeyPatchedIntrospectiveArgumentParser' object has no attribute '_action_conflicts'


2026-01-11 21:22:07,442 p=173541 u=ruslan n=ansible ERROR| [ERROR]: Unexpected Exception, this is probably a bug: 'MonkeyPatchedIntrospectiveArgumentParser' object has no attribute '_action_conflicts'

Traceback (most recent call last):
  File "/home/ruslan/.local/lib/python3.12/site-packages/ansible/cli/__init__.py", line 661, in cli_executor
    exit_code = cli.run()
                ^^^^^^^^^
  File "/home/ruslan/.local/lib/python3.12/site-packages/ansible/cli/playbook.py", line 90, in run
    super(PlaybookCLI, self).run()
  File "/home/ruslan/.local/lib/python3.12/site-packages/ansible/cli/__init__.py", line 172, in run
    self.parse()
  File "/home/ruslan/.local/lib/python3.12/site-packages/ansible/cli/__init__.py", line 465, in parse
    argcomplete.autocomplete(self.parser)
  File "/usr/lib/python3.12/site-packages/argcomplete/finders.py", line 176, in __call__
    completions = self._get_completions(comp_words, cword_prefix, cword_prequote, last_wordbreak_pos)
                  ^^^^^^^^^^^^^^^^^^^^^^^^^^^^^^^^^^^^^^^^^^^^^^^^^^^^^^^^^^^^^^^^^^^^^^^^^^^^^^^^^^^
  File "/usr/lib/python3.12/site-packages/argcomplete/finders.py", line 212, in _get_completions
    completions = self.collect_completions(active_parsers, parsed_args, cword_prefix)
                  ^^^^^^^^^^^^^^^^^^^^^^^^^^^^^^^^^^^^^^^^^^^^^^^^^^^^^^^^^^^^^^^^^^^
  File "/usr/lib/python3.12/site-packages/argcomplete/finders.py", line 429, in collect_completions
    completions += self._get_option_completions(active_parser, cword_prefix)
                   ^^^^^^^^^^^^^^^^^^^^^^^^^^^^^^^^^^^^^^^^^^^^^^^^^^^^^^^^^
  File "/usr/lib/python3.12/site-packages/argcomplete/finders.py", line 315, in _get_option_completions
    if not self._action_allowed(action, parser):
           ^^^^^^^^^^^^^^^^^^^^^^^^^^^^^^^^^^^^
  File "/usr/lib/python3.12/site-packages/argcomplete/finders.py", line 325, in _action_allowed
    for conflict_action in parser._action_conflicts.get(action, []):
                           ^^^^^^^^^^^^^^^^^^^^^^^^
AttributeError: 'MonkeyPatchedIntrospectiveArgumentParser' object has no attribute '_action_conflicts'

The above exception was the direct cause of the following exception:

Traceback (most recent call last):
  File "/home/ruslan/.local/lib/python3.12/site-packages/ansible/cli/__init__.py", line 670, in cli_executor
    raise AnsibleError("Unexpected Exception, this is probably a bug.") from ex
ansible.errors.AnsibleError: Unexpected Exception, this is probably a bug: 'MonkeyPatchedIntrospectiveArgumentParser' object has no attribute '_action_conflicts'


2026-01-11 21:22:09,741 p=173561 u=ruslan n=ansible ERROR| [ERROR]: Unexpected Exception, this is probably a bug: 'MonkeyPatchedIntrospectiveArgumentParser' object has no attribute '_action_conflicts'

Traceback (most recent call last):
  File "/home/ruslan/.local/lib/python3.12/site-packages/ansible/cli/__init__.py", line 661, in cli_executor
    exit_code = cli.run()
                ^^^^^^^^^
  File "/home/ruslan/.local/lib/python3.12/site-packages/ansible/cli/playbook.py", line 90, in run
    super(PlaybookCLI, self).run()
  File "/home/ruslan/.local/lib/python3.12/site-packages/ansible/cli/__init__.py", line 172, in run
    self.parse()
  File "/home/ruslan/.local/lib/python3.12/site-packages/ansible/cli/__init__.py", line 465, in parse
    argcomplete.autocomplete(self.parser)
  File "/usr/lib/python3.12/site-packages/argcomplete/finders.py", line 176, in __call__
    completions = self._get_completions(comp_words, cword_prefix, cword_prequote, last_wordbreak_pos)
                  ^^^^^^^^^^^^^^^^^^^^^^^^^^^^^^^^^^^^^^^^^^^^^^^^^^^^^^^^^^^^^^^^^^^^^^^^^^^^^^^^^^^
  File "/usr/lib/python3.12/site-packages/argcomplete/finders.py", line 212, in _get_completions
    completions = self.collect_completions(active_parsers, parsed_args, cword_prefix)
                  ^^^^^^^^^^^^^^^^^^^^^^^^^^^^^^^^^^^^^^^^^^^^^^^^^^^^^^^^^^^^^^^^^^^
  File "/usr/lib/python3.12/site-packages/argcomplete/finders.py", line 429, in collect_completions
    completions += self._get_option_completions(active_parser, cword_prefix)
                   ^^^^^^^^^^^^^^^^^^^^^^^^^^^^^^^^^^^^^^^^^^^^^^^^^^^^^^^^^
  File "/usr/lib/python3.12/site-packages/argcomplete/finders.py", line 315, in _get_option_completions
    if not self._action_allowed(action, parser):
           ^^^^^^^^^^^^^^^^^^^^^^^^^^^^^^^^^^^^
  File "/usr/lib/python3.12/site-packages/argcomplete/finders.py", line 325, in _action_allowed
    for conflict_action in parser._action_conflicts.get(action, []):
                           ^^^^^^^^^^^^^^^^^^^^^^^^
AttributeError: 'MonkeyPatchedIntrospectiveArgumentParser' object has no attribute '_action_conflicts'

The above exception was the direct cause of the following exception:

Traceback (most recent call last):
  File "/home/ruslan/.local/lib/python3.12/site-packages/ansible/cli/__init__.py", line 670, in cli_executor
    raise AnsibleError("Unexpected Exception, this is probably a bug.") from ex
ansible.errors.AnsibleError: Unexpected Exception, this is probably a bug: 'MonkeyPatchedIntrospectiveArgumentParser' object has no attribute '_action_conflicts'


2026-01-11 21:22:12,165 p=173581 u=ruslan n=ansible ERROR| [ERROR]: Unexpected Exception, this is probably a bug: 'MonkeyPatchedIntrospectiveArgumentParser' object has no attribute '_action_conflicts'

Traceback (most recent call last):
  File "/home/ruslan/.local/lib/python3.12/site-packages/ansible/cli/__init__.py", line 661, in cli_executor
    exit_code = cli.run()
                ^^^^^^^^^
  File "/home/ruslan/.local/lib/python3.12/site-packages/ansible/cli/playbook.py", line 90, in run
    super(PlaybookCLI, self).run()
  File "/home/ruslan/.local/lib/python3.12/site-packages/ansible/cli/__init__.py", line 172, in run
    self.parse()
  File "/home/ruslan/.local/lib/python3.12/site-packages/ansible/cli/__init__.py", line 465, in parse
    argcomplete.autocomplete(self.parser)
  File "/usr/lib/python3.12/site-packages/argcomplete/finders.py", line 176, in __call__
    completions = self._get_completions(comp_words, cword_prefix, cword_prequote, last_wordbreak_pos)
                  ^^^^^^^^^^^^^^^^^^^^^^^^^^^^^^^^^^^^^^^^^^^^^^^^^^^^^^^^^^^^^^^^^^^^^^^^^^^^^^^^^^^
  File "/usr/lib/python3.12/site-packages/argcomplete/finders.py", line 212, in _get_completions
    completions = self.collect_completions(active_parsers, parsed_args, cword_prefix)
                  ^^^^^^^^^^^^^^^^^^^^^^^^^^^^^^^^^^^^^^^^^^^^^^^^^^^^^^^^^^^^^^^^^^^
  File "/usr/lib/python3.12/site-packages/argcomplete/finders.py", line 429, in collect_completions
    completions += self._get_option_completions(active_parser, cword_prefix)
                   ^^^^^^^^^^^^^^^^^^^^^^^^^^^^^^^^^^^^^^^^^^^^^^^^^^^^^^^^^
  File "/usr/lib/python3.12/site-packages/argcomplete/finders.py", line 315, in _get_option_completions
    if not self._action_allowed(action, parser):
           ^^^^^^^^^^^^^^^^^^^^^^^^^^^^^^^^^^^^
  File "/usr/lib/python3.12/site-packages/argcomplete/finders.py", line 325, in _action_allowed
    for conflict_action in parser._action_conflicts.get(action, []):
                           ^^^^^^^^^^^^^^^^^^^^^^^^
AttributeError: 'MonkeyPatchedIntrospectiveArgumentParser' object has no attribute '_action_conflicts'

The above exception was the direct cause of the following exception:

Traceback (most recent call last):
  File "/home/ruslan/.local/lib/python3.12/site-packages/ansible/cli/__init__.py", line 670, in cli_executor
    raise AnsibleError("Unexpected Exception, this is probably a bug.") from ex
ansible.errors.AnsibleError: Unexpected Exception, this is probably a bug: 'MonkeyPatchedIntrospectiveArgumentParser' object has no attribute '_action_conflicts'


2026-01-11 21:22:12,951 p=173595 u=ruslan n=ansible ERROR| [ERROR]: Unexpected Exception, this is probably a bug: 'MonkeyPatchedIntrospectiveArgumentParser' object has no attribute '_action_conflicts'

Traceback (most recent call last):
  File "/home/ruslan/.local/lib/python3.12/site-packages/ansible/cli/__init__.py", line 661, in cli_executor
    exit_code = cli.run()
                ^^^^^^^^^
  File "/home/ruslan/.local/lib/python3.12/site-packages/ansible/cli/playbook.py", line 90, in run
    super(PlaybookCLI, self).run()
  File "/home/ruslan/.local/lib/python3.12/site-packages/ansible/cli/__init__.py", line 172, in run
    self.parse()
  File "/home/ruslan/.local/lib/python3.12/site-packages/ansible/cli/__init__.py", line 465, in parse
    argcomplete.autocomplete(self.parser)
  File "/usr/lib/python3.12/site-packages/argcomplete/finders.py", line 176, in __call__
    completions = self._get_completions(comp_words, cword_prefix, cword_prequote, last_wordbreak_pos)
                  ^^^^^^^^^^^^^^^^^^^^^^^^^^^^^^^^^^^^^^^^^^^^^^^^^^^^^^^^^^^^^^^^^^^^^^^^^^^^^^^^^^^
  File "/usr/lib/python3.12/site-packages/argcomplete/finders.py", line 212, in _get_completions
    completions = self.collect_completions(active_parsers, parsed_args, cword_prefix)
                  ^^^^^^^^^^^^^^^^^^^^^^^^^^^^^^^^^^^^^^^^^^^^^^^^^^^^^^^^^^^^^^^^^^^
  File "/usr/lib/python3.12/site-packages/argcomplete/finders.py", line 429, in collect_completions
    completions += self._get_option_completions(active_parser, cword_prefix)
                   ^^^^^^^^^^^^^^^^^^^^^^^^^^^^^^^^^^^^^^^^^^^^^^^^^^^^^^^^^
  File "/usr/lib/python3.12/site-packages/argcomplete/finders.py", line 315, in _get_option_completions
    if not self._action_allowed(action, parser):
           ^^^^^^^^^^^^^^^^^^^^^^^^^^^^^^^^^^^^
  File "/usr/lib/python3.12/site-packages/argcomplete/finders.py", line 325, in _action_allowed
    for conflict_action in parser._action_conflicts.get(action, []):
                           ^^^^^^^^^^^^^^^^^^^^^^^^
AttributeError: 'MonkeyPatchedIntrospectiveArgumentParser' object has no attribute '_action_conflicts'

The above exception was the direct cause of the following exception:

Traceback (most recent call last):
  File "/home/ruslan/.local/lib/python3.12/site-packages/ansible/cli/__init__.py", line 670, in cli_executor
    raise AnsibleError("Unexpected Exception, this is probably a bug.") from ex
ansible.errors.AnsibleError: Unexpected Exception, this is probably a bug: 'MonkeyPatchedIntrospectiveArgumentParser' object has no attribute '_action_conflicts'


2026-01-11 21:22:13,543 p=173609 u=ruslan n=ansible ERROR| [ERROR]: Unexpected Exception, this is probably a bug: 'MonkeyPatchedIntrospectiveArgumentParser' object has no attribute '_action_conflicts'

Traceback (most recent call last):
  File "/home/ruslan/.local/lib/python3.12/site-packages/ansible/cli/__init__.py", line 661, in cli_executor
    exit_code = cli.run()
                ^^^^^^^^^
  File "/home/ruslan/.local/lib/python3.12/site-packages/ansible/cli/playbook.py", line 90, in run
    super(PlaybookCLI, self).run()
  File "/home/ruslan/.local/lib/python3.12/site-packages/ansible/cli/__init__.py", line 172, in run
    self.parse()
  File "/home/ruslan/.local/lib/python3.12/site-packages/ansible/cli/__init__.py", line 465, in parse
    argcomplete.autocomplete(self.parser)
  File "/usr/lib/python3.12/site-packages/argcomplete/finders.py", line 176, in __call__
    completions = self._get_completions(comp_words, cword_prefix, cword_prequote, last_wordbreak_pos)
                  ^^^^^^^^^^^^^^^^^^^^^^^^^^^^^^^^^^^^^^^^^^^^^^^^^^^^^^^^^^^^^^^^^^^^^^^^^^^^^^^^^^^
  File "/usr/lib/python3.12/site-packages/argcomplete/finders.py", line 212, in _get_completions
    completions = self.collect_completions(active_parsers, parsed_args, cword_prefix)
                  ^^^^^^^^^^^^^^^^^^^^^^^^^^^^^^^^^^^^^^^^^^^^^^^^^^^^^^^^^^^^^^^^^^^
  File "/usr/lib/python3.12/site-packages/argcomplete/finders.py", line 429, in collect_completions
    completions += self._get_option_completions(active_parser, cword_prefix)
                   ^^^^^^^^^^^^^^^^^^^^^^^^^^^^^^^^^^^^^^^^^^^^^^^^^^^^^^^^^
  File "/usr/lib/python3.12/site-packages/argcomplete/finders.py", line 315, in _get_option_completions
    if not self._action_allowed(action, parser):
           ^^^^^^^^^^^^^^^^^^^^^^^^^^^^^^^^^^^^
  File "/usr/lib/python3.12/site-packages/argcomplete/finders.py", line 325, in _action_allowed
    for conflict_action in parser._action_conflicts.get(action, []):
                           ^^^^^^^^^^^^^^^^^^^^^^^^
AttributeError: 'MonkeyPatchedIntrospectiveArgumentParser' object has no attribute '_action_conflicts'

The above exception was the direct cause of the following exception:

Traceback (most recent call last):
  File "/home/ruslan/.local/lib/python3.12/site-packages/ansible/cli/__init__.py", line 670, in cli_executor
    raise AnsibleError("Unexpected Exception, this is probably a bug.") from ex
ansible.errors.AnsibleError: Unexpected Exception, this is probably a bug: 'MonkeyPatchedIntrospectiveArgumentParser' object has no attribute '_action_conflicts'


2026-01-11 21:22:14,359 p=173611 u=ruslan n=ansible INFO| PLAY [configure wireguard gateway] ***************************************************************************************************************************************************************************
2026-01-11 21:22:14,366 p=173611 u=ruslan n=ansible INFO| TASK [Gathering Facts] ***************************************************************************************************************************************************************************************
2026-01-11 21:22:18,354 p=173611 u=ruslan n=ansible INFO| ok: [node_gw]
2026-01-11 21:22:18,359 p=173611 u=ruslan n=ansible INFO| TASK [Generate private] **************************************************************************************************************************************************************************************
2026-01-11 21:22:19,938 p=173611 u=ruslan n=ansible INFO| changed: [node_gw]
2026-01-11 21:22:19,943 p=173611 u=ruslan n=ansible INFO| TASK [Generate public] ***************************************************************************************************************************************************************************************
2026-01-11 21:22:21,726 p=173611 u=ruslan n=ansible INFO| changed: [node_gw]
2026-01-11 21:22:21,732 p=173611 u=ruslan n=ansible INFO| TASK [Create wg0-gw.conf] ************************************************************************************************************************************************************************************
2026-01-11 21:22:22,120 p=173611 u=ruslan n=ansible ERROR| [ERROR]: Task failed: Syntax error in template: expected token ':', got '}'

Task failed.
Origin: /home/ruslan/wg-ansible-deploy/playbooks/gateway/configure_wireguard_gateway.yaml:20:7

18       register: gw_pub
19
20     - name: Create wg0-gw.conf
         ^ column 7

<<< caused by >>>

Syntax error in template: expected token ':', got '}'
Origin: /home/ruslan/wg-ansible-deploy/files/templates/wg0-gw.conf


2026-01-11 21:22:22,120 p=173611 u=ruslan n=ansible INFO| fatal: [node_gw]: FAILED! => {"changed": false, "msg": "Task failed: Syntax error in template: expected token ':', got '}'"}
2026-01-11 21:22:22,121 p=173611 u=ruslan n=ansible INFO| PLAY RECAP ***************************************************************************************************************************************************************************************************
2026-01-11 21:22:22,121 p=173611 u=ruslan n=ansible INFO| node_gw                    : ok=3    changed=2    unreachable=0    failed=1    skipped=0    rescued=0    ignored=0   
2026-01-11 21:23:12,444 p=174008 u=ruslan n=ansible INFO| PLAY [configure wireguard gateway] ***************************************************************************************************************************************************************************
2026-01-11 21:23:12,450 p=174008 u=ruslan n=ansible INFO| TASK [Gathering Facts] ***************************************************************************************************************************************************************************************
2026-01-11 21:23:15,742 p=174008 u=ruslan n=ansible INFO| ok: [node_gw]
2026-01-11 21:23:15,746 p=174008 u=ruslan n=ansible INFO| TASK [Generate private] **************************************************************************************************************************************************************************************
2026-01-11 21:23:17,404 p=174008 u=ruslan n=ansible INFO| changed: [node_gw]
2026-01-11 21:23:17,409 p=174008 u=ruslan n=ansible INFO| TASK [Generate public] ***************************************************************************************************************************************************************************************
2026-01-11 21:23:18,895 p=174008 u=ruslan n=ansible INFO| changed: [node_gw]
2026-01-11 21:23:18,902 p=174008 u=ruslan n=ansible INFO| TASK [Create wg0-gw.conf] ************************************************************************************************************************************************************************************
2026-01-11 21:23:19,285 p=174008 u=ruslan n=ansible ERROR| [ERROR]: Task failed: Syntax error in template: expected token ':', got '}'

Task failed.
Origin: /home/ruslan/wg-ansible-deploy/playbooks/gateway/configure_wireguard_gateway.yaml:20:7

18       register: gw_pub
19
20     - name: Create wg0-gw.conf
         ^ column 7

<<< caused by >>>

Syntax error in template: expected token ':', got '}'
Origin: /home/ruslan/wg-ansible-deploy/files/templates/wg0-gw.conf


2026-01-11 21:23:19,285 p=174008 u=ruslan n=ansible INFO| fatal: [node_gw]: FAILED! => {"changed": false, "msg": "Task failed: Syntax error in template: expected token ':', got '}'"}
2026-01-11 21:23:19,286 p=174008 u=ruslan n=ansible INFO| PLAY RECAP ***************************************************************************************************************************************************************************************************
2026-01-11 21:23:19,286 p=174008 u=ruslan n=ansible INFO| node_gw                    : ok=3    changed=2    unreachable=0    failed=1    skipped=0    rescued=0    ignored=0   
2026-01-11 21:24:36,409 p=174564 u=ruslan n=ansible INFO| PLAY [configure wireguard gateway] ***************************************************************************************************************************************************************************
2026-01-11 21:24:36,416 p=174564 u=ruslan n=ansible INFO| TASK [Gathering Facts] ***************************************************************************************************************************************************************************************
2026-01-11 21:24:40,673 p=174564 u=ruslan n=ansible INFO| ok: [node_gw]
2026-01-11 21:24:40,678 p=174564 u=ruslan n=ansible INFO| TASK [Generate private] **************************************************************************************************************************************************************************************
2026-01-11 21:24:42,741 p=174564 u=ruslan n=ansible INFO| changed: [node_gw]
2026-01-11 21:24:42,746 p=174564 u=ruslan n=ansible INFO| TASK [Generate public] ***************************************************************************************************************************************************************************************
2026-01-11 21:24:44,312 p=174564 u=ruslan n=ansible INFO| changed: [node_gw]
2026-01-11 21:24:44,318 p=174564 u=ruslan n=ansible INFO| TASK [Create wg0-gw.conf] ************************************************************************************************************************************************************************************
2026-01-11 21:24:44,700 p=174564 u=ruslan n=ansible ERROR| [ERROR]: Task failed: Syntax error in template: expected token ':', got '}'

Task failed.
Origin: /home/ruslan/wg-ansible-deploy/playbooks/gateway/configure_wireguard_gateway.yaml:20:7

18       register: gw_pub
19
20     - name: Create wg0-gw.conf
         ^ column 7

<<< caused by >>>

Syntax error in template: expected token ':', got '}'
Origin: /home/ruslan/wg-ansible-deploy/files/templates/wg0-gw.conf


2026-01-11 21:24:44,700 p=174564 u=ruslan n=ansible INFO| fatal: [node_gw]: FAILED! => {"changed": false, "msg": "Task failed: Syntax error in template: expected token ':', got '}'"}
2026-01-11 21:24:44,701 p=174564 u=ruslan n=ansible INFO| PLAY RECAP ***************************************************************************************************************************************************************************************************
2026-01-11 21:24:44,701 p=174564 u=ruslan n=ansible INFO| node_gw                    : ok=3    changed=2    unreachable=0    failed=1    skipped=0    rescued=0    ignored=0   
2026-01-11 21:26:15,455 p=175217 u=ruslan n=ansible INFO| PLAY [configure wireguard gateway] ***************************************************************************************************************************************************************************
2026-01-11 21:26:15,463 p=175217 u=ruslan n=ansible INFO| TASK [Gathering Facts] ***************************************************************************************************************************************************************************************
2026-01-11 21:26:19,253 p=175217 u=ruslan n=ansible INFO| ok: [node_gw]
2026-01-11 21:26:19,258 p=175217 u=ruslan n=ansible INFO| TASK [Generate private] **************************************************************************************************************************************************************************************
2026-01-11 21:26:20,766 p=175217 u=ruslan n=ansible INFO| changed: [node_gw]
2026-01-11 21:26:20,770 p=175217 u=ruslan n=ansible INFO| TASK [Generate public] ***************************************************************************************************************************************************************************************
2026-01-11 21:26:22,054 p=175217 u=ruslan n=ansible INFO| changed: [node_gw]
2026-01-11 21:26:22,060 p=175217 u=ruslan n=ansible INFO| TASK [Create wg0-gw.conf] ************************************************************************************************************************************************************************************
2026-01-11 21:26:25,267 p=175217 u=ruslan n=ansible INFO| changed: [node_gw]
2026-01-11 21:26:25,272 p=175217 u=ruslan n=ansible INFO| TASK [Copy public key from gateway to controller] ************************************************************************************************************************************************************
2026-01-11 21:26:26,670 p=175217 u=ruslan n=ansible INFO| changed: [node_gw]
2026-01-11 21:26:26,697 p=175217 u=ruslan n=ansible INFO| TASK [Install iptables] **************************************************************************************************************************************************************************************
2026-01-11 21:26:29,232 p=175217 u=ruslan n=ansible INFO| ok: [node_gw]
2026-01-11 21:26:29,237 p=175217 u=ruslan n=ansible INFO| TASK [Enabling forwarding on gateway] ************************************************************************************************************************************************************************
2026-01-11 21:26:30,769 p=175217 u=ruslan n=ansible WARNING| [WARNING]: Deprecation warnings can be disabled by setting `deprecation_warnings=False` in ansible.cfg.

2026-01-11 21:26:30,769 p=175217 u=ruslan n=ansible INFO| [DEPRECATION WARNING]: Importing 'to_native' from 'ansible.module_utils._text' is deprecated. This feature will be removed from ansible-core version 2.24. Use ansible.module_utils.common.text.converters instead.

2026-01-11 21:26:30,770 p=175217 u=ruslan n=ansible INFO| ok: [node_gw]
2026-01-11 21:26:30,770 p=175217 u=ruslan n=ansible INFO| PLAY RECAP ***************************************************************************************************************************************************************************************************
2026-01-11 21:26:30,770 p=175217 u=ruslan n=ansible INFO| node_gw                    : ok=7    changed=4    unreachable=0    failed=0    skipped=0    rescued=0    ignored=0   
2026-01-11 21:26:36,171 p=175419 u=ruslan n=ansible ERROR| [ERROR]: Unexpected Exception, this is probably a bug: 'MonkeyPatchedIntrospectiveArgumentParser' object has no attribute '_action_conflicts'

Traceback (most recent call last):
  File "/home/ruslan/.local/lib/python3.12/site-packages/ansible/cli/__init__.py", line 661, in cli_executor
    exit_code = cli.run()
                ^^^^^^^^^
  File "/home/ruslan/.local/lib/python3.12/site-packages/ansible/cli/playbook.py", line 90, in run
    super(PlaybookCLI, self).run()
  File "/home/ruslan/.local/lib/python3.12/site-packages/ansible/cli/__init__.py", line 172, in run
    self.parse()
  File "/home/ruslan/.local/lib/python3.12/site-packages/ansible/cli/__init__.py", line 465, in parse
    argcomplete.autocomplete(self.parser)
  File "/usr/lib/python3.12/site-packages/argcomplete/finders.py", line 176, in __call__
    completions = self._get_completions(comp_words, cword_prefix, cword_prequote, last_wordbreak_pos)
                  ^^^^^^^^^^^^^^^^^^^^^^^^^^^^^^^^^^^^^^^^^^^^^^^^^^^^^^^^^^^^^^^^^^^^^^^^^^^^^^^^^^^
  File "/usr/lib/python3.12/site-packages/argcomplete/finders.py", line 212, in _get_completions
    completions = self.collect_completions(active_parsers, parsed_args, cword_prefix)
                  ^^^^^^^^^^^^^^^^^^^^^^^^^^^^^^^^^^^^^^^^^^^^^^^^^^^^^^^^^^^^^^^^^^^
  File "/usr/lib/python3.12/site-packages/argcomplete/finders.py", line 429, in collect_completions
    completions += self._get_option_completions(active_parser, cword_prefix)
                   ^^^^^^^^^^^^^^^^^^^^^^^^^^^^^^^^^^^^^^^^^^^^^^^^^^^^^^^^^
  File "/usr/lib/python3.12/site-packages/argcomplete/finders.py", line 315, in _get_option_completions
    if not self._action_allowed(action, parser):
           ^^^^^^^^^^^^^^^^^^^^^^^^^^^^^^^^^^^^
  File "/usr/lib/python3.12/site-packages/argcomplete/finders.py", line 325, in _action_allowed
    for conflict_action in parser._action_conflicts.get(action, []):
                           ^^^^^^^^^^^^^^^^^^^^^^^^
AttributeError: 'MonkeyPatchedIntrospectiveArgumentParser' object has no attribute '_action_conflicts'

The above exception was the direct cause of the following exception:

Traceback (most recent call last):
  File "/home/ruslan/.local/lib/python3.12/site-packages/ansible/cli/__init__.py", line 670, in cli_executor
    raise AnsibleError("Unexpected Exception, this is probably a bug.") from ex
ansible.errors.AnsibleError: Unexpected Exception, this is probably a bug: 'MonkeyPatchedIntrospectiveArgumentParser' object has no attribute '_action_conflicts'


2026-01-11 21:26:37,218 p=175433 u=ruslan n=ansible ERROR| [ERROR]: Unexpected Exception, this is probably a bug: 'MonkeyPatchedIntrospectiveArgumentParser' object has no attribute '_action_conflicts'

Traceback (most recent call last):
  File "/home/ruslan/.local/lib/python3.12/site-packages/ansible/cli/__init__.py", line 661, in cli_executor
    exit_code = cli.run()
                ^^^^^^^^^
  File "/home/ruslan/.local/lib/python3.12/site-packages/ansible/cli/playbook.py", line 90, in run
    super(PlaybookCLI, self).run()
  File "/home/ruslan/.local/lib/python3.12/site-packages/ansible/cli/__init__.py", line 172, in run
    self.parse()
  File "/home/ruslan/.local/lib/python3.12/site-packages/ansible/cli/__init__.py", line 465, in parse
    argcomplete.autocomplete(self.parser)
  File "/usr/lib/python3.12/site-packages/argcomplete/finders.py", line 176, in __call__
    completions = self._get_completions(comp_words, cword_prefix, cword_prequote, last_wordbreak_pos)
                  ^^^^^^^^^^^^^^^^^^^^^^^^^^^^^^^^^^^^^^^^^^^^^^^^^^^^^^^^^^^^^^^^^^^^^^^^^^^^^^^^^^^
  File "/usr/lib/python3.12/site-packages/argcomplete/finders.py", line 212, in _get_completions
    completions = self.collect_completions(active_parsers, parsed_args, cword_prefix)
                  ^^^^^^^^^^^^^^^^^^^^^^^^^^^^^^^^^^^^^^^^^^^^^^^^^^^^^^^^^^^^^^^^^^^
  File "/usr/lib/python3.12/site-packages/argcomplete/finders.py", line 429, in collect_completions
    completions += self._get_option_completions(active_parser, cword_prefix)
                   ^^^^^^^^^^^^^^^^^^^^^^^^^^^^^^^^^^^^^^^^^^^^^^^^^^^^^^^^^
  File "/usr/lib/python3.12/site-packages/argcomplete/finders.py", line 315, in _get_option_completions
    if not self._action_allowed(action, parser):
           ^^^^^^^^^^^^^^^^^^^^^^^^^^^^^^^^^^^^
  File "/usr/lib/python3.12/site-packages/argcomplete/finders.py", line 325, in _action_allowed
    for conflict_action in parser._action_conflicts.get(action, []):
                           ^^^^^^^^^^^^^^^^^^^^^^^^
AttributeError: 'MonkeyPatchedIntrospectiveArgumentParser' object has no attribute '_action_conflicts'

The above exception was the direct cause of the following exception:

Traceback (most recent call last):
  File "/home/ruslan/.local/lib/python3.12/site-packages/ansible/cli/__init__.py", line 670, in cli_executor
    raise AnsibleError("Unexpected Exception, this is probably a bug.") from ex
ansible.errors.AnsibleError: Unexpected Exception, this is probably a bug: 'MonkeyPatchedIntrospectiveArgumentParser' object has no attribute '_action_conflicts'


2026-01-11 21:26:37,901 p=175441 u=ruslan n=ansible ERROR| [ERROR]: Unexpected Exception, this is probably a bug: 'MonkeyPatchedIntrospectiveArgumentParser' object has no attribute '_action_conflicts'

Traceback (most recent call last):
  File "/home/ruslan/.local/lib/python3.12/site-packages/ansible/cli/__init__.py", line 661, in cli_executor
    exit_code = cli.run()
                ^^^^^^^^^
  File "/home/ruslan/.local/lib/python3.12/site-packages/ansible/cli/playbook.py", line 90, in run
    super(PlaybookCLI, self).run()
  File "/home/ruslan/.local/lib/python3.12/site-packages/ansible/cli/__init__.py", line 172, in run
    self.parse()
  File "/home/ruslan/.local/lib/python3.12/site-packages/ansible/cli/__init__.py", line 465, in parse
    argcomplete.autocomplete(self.parser)
  File "/usr/lib/python3.12/site-packages/argcomplete/finders.py", line 176, in __call__
    completions = self._get_completions(comp_words, cword_prefix, cword_prequote, last_wordbreak_pos)
                  ^^^^^^^^^^^^^^^^^^^^^^^^^^^^^^^^^^^^^^^^^^^^^^^^^^^^^^^^^^^^^^^^^^^^^^^^^^^^^^^^^^^
  File "/usr/lib/python3.12/site-packages/argcomplete/finders.py", line 212, in _get_completions
    completions = self.collect_completions(active_parsers, parsed_args, cword_prefix)
                  ^^^^^^^^^^^^^^^^^^^^^^^^^^^^^^^^^^^^^^^^^^^^^^^^^^^^^^^^^^^^^^^^^^^
  File "/usr/lib/python3.12/site-packages/argcomplete/finders.py", line 429, in collect_completions
    completions += self._get_option_completions(active_parser, cword_prefix)
                   ^^^^^^^^^^^^^^^^^^^^^^^^^^^^^^^^^^^^^^^^^^^^^^^^^^^^^^^^^
  File "/usr/lib/python3.12/site-packages/argcomplete/finders.py", line 315, in _get_option_completions
    if not self._action_allowed(action, parser):
           ^^^^^^^^^^^^^^^^^^^^^^^^^^^^^^^^^^^^
  File "/usr/lib/python3.12/site-packages/argcomplete/finders.py", line 325, in _action_allowed
    for conflict_action in parser._action_conflicts.get(action, []):
                           ^^^^^^^^^^^^^^^^^^^^^^^^
AttributeError: 'MonkeyPatchedIntrospectiveArgumentParser' object has no attribute '_action_conflicts'

The above exception was the direct cause of the following exception:

Traceback (most recent call last):
  File "/home/ruslan/.local/lib/python3.12/site-packages/ansible/cli/__init__.py", line 670, in cli_executor
    raise AnsibleError("Unexpected Exception, this is probably a bug.") from ex
ansible.errors.AnsibleError: Unexpected Exception, this is probably a bug: 'MonkeyPatchedIntrospectiveArgumentParser' object has no attribute '_action_conflicts'


2026-01-11 21:26:39,056 p=175449 u=ruslan n=ansible INFO| PLAY [configure wireguard nodes] *****************************************************************************************************************************************************************************
2026-01-11 21:26:39,062 p=175449 u=ruslan n=ansible INFO| TASK [Gathering Facts] ***************************************************************************************************************************************************************************************
2026-01-11 21:26:40,684 p=175449 u=ruslan n=ansible INFO| ok: [node1]
2026-01-11 21:26:40,741 p=175449 u=ruslan n=ansible INFO| ok: [gitlab]
2026-01-11 21:26:40,810 p=175449 u=ruslan n=ansible INFO| ok: [node3]
2026-01-11 21:26:40,828 p=175449 u=ruslan n=ansible INFO| ok: [node0]
2026-01-11 21:26:40,833 p=175449 u=ruslan n=ansible INFO| TASK [Generate private] **************************************************************************************************************************************************************************************
2026-01-11 21:26:41,500 p=175449 u=ruslan n=ansible INFO| changed: [node0]
2026-01-11 21:26:41,501 p=175449 u=ruslan n=ansible INFO| changed: [node3]
2026-01-11 21:26:41,502 p=175449 u=ruslan n=ansible INFO| changed: [gitlab]
2026-01-11 21:26:41,502 p=175449 u=ruslan n=ansible INFO| changed: [node1]
2026-01-11 21:26:41,506 p=175449 u=ruslan n=ansible INFO| TASK [Generate public] ***************************************************************************************************************************************************************************************
2026-01-11 21:26:42,040 p=175449 u=ruslan n=ansible INFO| changed: [node1]
2026-01-11 21:26:42,049 p=175449 u=ruslan n=ansible INFO| changed: [node0]
2026-01-11 21:26:42,063 p=175449 u=ruslan n=ansible INFO| changed: [node3]
2026-01-11 21:26:42,065 p=175449 u=ruslan n=ansible INFO| changed: [gitlab]
2026-01-11 21:26:42,069 p=175449 u=ruslan n=ansible INFO| TASK [Read gateway public key] *******************************************************************************************************************************************************************************
2026-01-11 21:26:42,092 p=175449 u=ruslan n=ansible INFO| ok: [node1]
2026-01-11 21:26:42,094 p=175449 u=ruslan n=ansible INFO| ok: [node0]
2026-01-11 21:26:42,101 p=175449 u=ruslan n=ansible INFO| ok: [gitlab]
2026-01-11 21:26:42,108 p=175449 u=ruslan n=ansible INFO| ok: [node3]
2026-01-11 21:26:42,111 p=175449 u=ruslan n=ansible INFO| TASK [Create wg0-n.conf] *************************************************************************************************************************************************************************************
2026-01-11 21:26:43,368 p=175449 u=ruslan n=ansible INFO| changed: [node1]
2026-01-11 21:26:43,368 p=175449 u=ruslan n=ansible INFO| changed: [node3]
2026-01-11 21:26:43,370 p=175449 u=ruslan n=ansible INFO| changed: [node0]
2026-01-11 21:26:43,380 p=175449 u=ruslan n=ansible INFO| changed: [gitlab]
2026-01-11 21:26:43,385 p=175449 u=ruslan n=ansible INFO| TASK [debug] *************************************************************************************************************************************************************************************************
2026-01-11 21:26:43,409 p=175449 u=ruslan n=ansible INFO| ok: [node1] => {
    "msg": 23122
}
2026-01-11 21:26:43,410 p=175449 u=ruslan n=ansible INFO| ok: [node0] => {
    "msg": 23122
}
2026-01-11 21:26:43,413 p=175449 u=ruslan n=ansible INFO| ok: [gitlab] => {
    "msg": 23122
}
2026-01-11 21:26:43,420 p=175449 u=ruslan n=ansible INFO| ok: [node3] => {
    "msg": 23122
}
2026-01-11 21:26:43,424 p=175449 u=ruslan n=ansible INFO| TASK [Copy public key from node to controller] ***************************************************************************************************************************************************************
2026-01-11 21:26:44,055 p=175449 u=ruslan n=ansible INFO| changed: [node1]
2026-01-11 21:26:44,056 p=175449 u=ruslan n=ansible INFO| changed: [gitlab]
2026-01-11 21:26:44,059 p=175449 u=ruslan n=ansible INFO| changed: [node3]
2026-01-11 21:26:44,069 p=175449 u=ruslan n=ansible INFO| changed: [node0]
2026-01-11 21:26:44,070 p=175449 u=ruslan n=ansible INFO| PLAY RECAP ***************************************************************************************************************************************************************************************************
2026-01-11 21:26:44,071 p=175449 u=ruslan n=ansible INFO| gitlab                     : ok=7    changed=4    unreachable=0    failed=0    skipped=0    rescued=0    ignored=0   
2026-01-11 21:26:44,071 p=175449 u=ruslan n=ansible INFO| node0                      : ok=7    changed=4    unreachable=0    failed=0    skipped=0    rescued=0    ignored=0   
2026-01-11 21:26:44,071 p=175449 u=ruslan n=ansible INFO| node1                      : ok=7    changed=4    unreachable=0    failed=0    skipped=0    rescued=0    ignored=0   
2026-01-11 21:26:44,071 p=175449 u=ruslan n=ansible INFO| node3                      : ok=7    changed=4    unreachable=0    failed=0    skipped=0    rescued=0    ignored=0   
2026-01-11 21:26:48,539 p=175765 u=ruslan n=ansible ERROR| [ERROR]: Unexpected Exception, this is probably a bug: 'MonkeyPatchedIntrospectiveArgumentParser' object has no attribute '_action_conflicts'

Traceback (most recent call last):
  File "/home/ruslan/.local/lib/python3.12/site-packages/ansible/cli/__init__.py", line 661, in cli_executor
    exit_code = cli.run()
                ^^^^^^^^^
  File "/home/ruslan/.local/lib/python3.12/site-packages/ansible/cli/playbook.py", line 90, in run
    super(PlaybookCLI, self).run()
  File "/home/ruslan/.local/lib/python3.12/site-packages/ansible/cli/__init__.py", line 172, in run
    self.parse()
  File "/home/ruslan/.local/lib/python3.12/site-packages/ansible/cli/__init__.py", line 465, in parse
    argcomplete.autocomplete(self.parser)
  File "/usr/lib/python3.12/site-packages/argcomplete/finders.py", line 176, in __call__
    completions = self._get_completions(comp_words, cword_prefix, cword_prequote, last_wordbreak_pos)
                  ^^^^^^^^^^^^^^^^^^^^^^^^^^^^^^^^^^^^^^^^^^^^^^^^^^^^^^^^^^^^^^^^^^^^^^^^^^^^^^^^^^^
  File "/usr/lib/python3.12/site-packages/argcomplete/finders.py", line 212, in _get_completions
    completions = self.collect_completions(active_parsers, parsed_args, cword_prefix)
                  ^^^^^^^^^^^^^^^^^^^^^^^^^^^^^^^^^^^^^^^^^^^^^^^^^^^^^^^^^^^^^^^^^^^
  File "/usr/lib/python3.12/site-packages/argcomplete/finders.py", line 429, in collect_completions
    completions += self._get_option_completions(active_parser, cword_prefix)
                   ^^^^^^^^^^^^^^^^^^^^^^^^^^^^^^^^^^^^^^^^^^^^^^^^^^^^^^^^^
  File "/usr/lib/python3.12/site-packages/argcomplete/finders.py", line 315, in _get_option_completions
    if not self._action_allowed(action, parser):
           ^^^^^^^^^^^^^^^^^^^^^^^^^^^^^^^^^^^^
  File "/usr/lib/python3.12/site-packages/argcomplete/finders.py", line 325, in _action_allowed
    for conflict_action in parser._action_conflicts.get(action, []):
                           ^^^^^^^^^^^^^^^^^^^^^^^^
AttributeError: 'MonkeyPatchedIntrospectiveArgumentParser' object has no attribute '_action_conflicts'

The above exception was the direct cause of the following exception:

Traceback (most recent call last):
  File "/home/ruslan/.local/lib/python3.12/site-packages/ansible/cli/__init__.py", line 670, in cli_executor
    raise AnsibleError("Unexpected Exception, this is probably a bug.") from ex
ansible.errors.AnsibleError: Unexpected Exception, this is probably a bug: 'MonkeyPatchedIntrospectiveArgumentParser' object has no attribute '_action_conflicts'


2026-01-11 21:26:50,633 p=175791 u=ruslan n=ansible ERROR| [ERROR]: Unexpected Exception, this is probably a bug: 'MonkeyPatchedIntrospectiveArgumentParser' object has no attribute '_action_conflicts'

Traceback (most recent call last):
  File "/home/ruslan/.local/lib/python3.12/site-packages/ansible/cli/__init__.py", line 661, in cli_executor
    exit_code = cli.run()
                ^^^^^^^^^
  File "/home/ruslan/.local/lib/python3.12/site-packages/ansible/cli/playbook.py", line 90, in run
    super(PlaybookCLI, self).run()
  File "/home/ruslan/.local/lib/python3.12/site-packages/ansible/cli/__init__.py", line 172, in run
    self.parse()
  File "/home/ruslan/.local/lib/python3.12/site-packages/ansible/cli/__init__.py", line 465, in parse
    argcomplete.autocomplete(self.parser)
  File "/usr/lib/python3.12/site-packages/argcomplete/finders.py", line 176, in __call__
    completions = self._get_completions(comp_words, cword_prefix, cword_prequote, last_wordbreak_pos)
                  ^^^^^^^^^^^^^^^^^^^^^^^^^^^^^^^^^^^^^^^^^^^^^^^^^^^^^^^^^^^^^^^^^^^^^^^^^^^^^^^^^^^
  File "/usr/lib/python3.12/site-packages/argcomplete/finders.py", line 212, in _get_completions
    completions = self.collect_completions(active_parsers, parsed_args, cword_prefix)
                  ^^^^^^^^^^^^^^^^^^^^^^^^^^^^^^^^^^^^^^^^^^^^^^^^^^^^^^^^^^^^^^^^^^^
  File "/usr/lib/python3.12/site-packages/argcomplete/finders.py", line 429, in collect_completions
    completions += self._get_option_completions(active_parser, cword_prefix)
                   ^^^^^^^^^^^^^^^^^^^^^^^^^^^^^^^^^^^^^^^^^^^^^^^^^^^^^^^^^
  File "/usr/lib/python3.12/site-packages/argcomplete/finders.py", line 315, in _get_option_completions
    if not self._action_allowed(action, parser):
           ^^^^^^^^^^^^^^^^^^^^^^^^^^^^^^^^^^^^
  File "/usr/lib/python3.12/site-packages/argcomplete/finders.py", line 325, in _action_allowed
    for conflict_action in parser._action_conflicts.get(action, []):
                           ^^^^^^^^^^^^^^^^^^^^^^^^
AttributeError: 'MonkeyPatchedIntrospectiveArgumentParser' object has no attribute '_action_conflicts'

The above exception was the direct cause of the following exception:

Traceback (most recent call last):
  File "/home/ruslan/.local/lib/python3.12/site-packages/ansible/cli/__init__.py", line 670, in cli_executor
    raise AnsibleError("Unexpected Exception, this is probably a bug.") from ex
ansible.errors.AnsibleError: Unexpected Exception, this is probably a bug: 'MonkeyPatchedIntrospectiveArgumentParser' object has no attribute '_action_conflicts'


2026-01-11 21:26:52,317 p=175811 u=ruslan n=ansible ERROR| [ERROR]: Unexpected Exception, this is probably a bug: 'MonkeyPatchedIntrospectiveArgumentParser' object has no attribute '_action_conflicts'

Traceback (most recent call last):
  File "/home/ruslan/.local/lib/python3.12/site-packages/ansible/cli/__init__.py", line 661, in cli_executor
    exit_code = cli.run()
                ^^^^^^^^^
  File "/home/ruslan/.local/lib/python3.12/site-packages/ansible/cli/playbook.py", line 90, in run
    super(PlaybookCLI, self).run()
  File "/home/ruslan/.local/lib/python3.12/site-packages/ansible/cli/__init__.py", line 172, in run
    self.parse()
  File "/home/ruslan/.local/lib/python3.12/site-packages/ansible/cli/__init__.py", line 465, in parse
    argcomplete.autocomplete(self.parser)
  File "/usr/lib/python3.12/site-packages/argcomplete/finders.py", line 176, in __call__
    completions = self._get_completions(comp_words, cword_prefix, cword_prequote, last_wordbreak_pos)
                  ^^^^^^^^^^^^^^^^^^^^^^^^^^^^^^^^^^^^^^^^^^^^^^^^^^^^^^^^^^^^^^^^^^^^^^^^^^^^^^^^^^^
  File "/usr/lib/python3.12/site-packages/argcomplete/finders.py", line 212, in _get_completions
    completions = self.collect_completions(active_parsers, parsed_args, cword_prefix)
                  ^^^^^^^^^^^^^^^^^^^^^^^^^^^^^^^^^^^^^^^^^^^^^^^^^^^^^^^^^^^^^^^^^^^
  File "/usr/lib/python3.12/site-packages/argcomplete/finders.py", line 429, in collect_completions
    completions += self._get_option_completions(active_parser, cword_prefix)
                   ^^^^^^^^^^^^^^^^^^^^^^^^^^^^^^^^^^^^^^^^^^^^^^^^^^^^^^^^^
  File "/usr/lib/python3.12/site-packages/argcomplete/finders.py", line 315, in _get_option_completions
    if not self._action_allowed(action, parser):
           ^^^^^^^^^^^^^^^^^^^^^^^^^^^^^^^^^^^^
  File "/usr/lib/python3.12/site-packages/argcomplete/finders.py", line 325, in _action_allowed
    for conflict_action in parser._action_conflicts.get(action, []):
                           ^^^^^^^^^^^^^^^^^^^^^^^^
AttributeError: 'MonkeyPatchedIntrospectiveArgumentParser' object has no attribute '_action_conflicts'

The above exception was the direct cause of the following exception:

Traceback (most recent call last):
  File "/home/ruslan/.local/lib/python3.12/site-packages/ansible/cli/__init__.py", line 670, in cli_executor
    raise AnsibleError("Unexpected Exception, this is probably a bug.") from ex
ansible.errors.AnsibleError: Unexpected Exception, this is probably a bug: 'MonkeyPatchedIntrospectiveArgumentParser' object has no attribute '_action_conflicts'


2026-01-11 21:26:52,964 p=175813 u=ruslan n=ansible INFO| PLAY [gateway] ***********************************************************************************************************************************************************************************************
2026-01-11 21:26:52,971 p=175813 u=ruslan n=ansible INFO| TASK [Gathering Facts] ***************************************************************************************************************************************************************************************
2026-01-11 21:26:55,573 p=175813 u=ruslan n=ansible INFO| ok: [node_gw]
2026-01-11 21:26:55,578 p=175813 u=ruslan n=ansible INFO| TASK [Add [Peer] blocks in wg0-gw.conf] **********************************************************************************************************************************************************************
2026-01-11 21:26:57,083 p=175813 u=ruslan n=ansible INFO| changed: [node_gw] => (item=node1)
2026-01-11 21:26:58,330 p=175813 u=ruslan n=ansible INFO| changed: [node_gw] => (item=node0)
2026-01-11 21:26:59,637 p=175813 u=ruslan n=ansible INFO| changed: [node_gw] => (item=gitlab)
2026-01-11 21:27:00,933 p=175813 u=ruslan n=ansible INFO| changed: [node_gw] => (item=node3)
2026-01-11 21:27:00,940 p=175813 u=ruslan n=ansible INFO| TASK [Restart wg-quick] **************************************************************************************************************************************************************************************
2026-01-11 21:27:02,954 p=175813 u=ruslan n=ansible INFO| changed: [node_gw]
2026-01-11 21:27:02,954 p=175813 u=ruslan n=ansible INFO| PLAY RECAP ***************************************************************************************************************************************************************************************************
2026-01-11 21:27:02,955 p=175813 u=ruslan n=ansible INFO| node_gw                    : ok=3    changed=2    unreachable=0    failed=0    skipped=0    rescued=0    ignored=0   
2026-01-11 21:27:06,885 p=175961 u=ruslan n=ansible ERROR| [ERROR]: Unexpected Exception, this is probably a bug: 'MonkeyPatchedIntrospectiveArgumentParser' object has no attribute '_action_conflicts'

Traceback (most recent call last):
  File "/home/ruslan/.local/lib/python3.12/site-packages/ansible/cli/__init__.py", line 661, in cli_executor
    exit_code = cli.run()
                ^^^^^^^^^
  File "/home/ruslan/.local/lib/python3.12/site-packages/ansible/cli/playbook.py", line 90, in run
    super(PlaybookCLI, self).run()
  File "/home/ruslan/.local/lib/python3.12/site-packages/ansible/cli/__init__.py", line 172, in run
    self.parse()
  File "/home/ruslan/.local/lib/python3.12/site-packages/ansible/cli/__init__.py", line 465, in parse
    argcomplete.autocomplete(self.parser)
  File "/usr/lib/python3.12/site-packages/argcomplete/finders.py", line 176, in __call__
    completions = self._get_completions(comp_words, cword_prefix, cword_prequote, last_wordbreak_pos)
                  ^^^^^^^^^^^^^^^^^^^^^^^^^^^^^^^^^^^^^^^^^^^^^^^^^^^^^^^^^^^^^^^^^^^^^^^^^^^^^^^^^^^
  File "/usr/lib/python3.12/site-packages/argcomplete/finders.py", line 212, in _get_completions
    completions = self.collect_completions(active_parsers, parsed_args, cword_prefix)
                  ^^^^^^^^^^^^^^^^^^^^^^^^^^^^^^^^^^^^^^^^^^^^^^^^^^^^^^^^^^^^^^^^^^^
  File "/usr/lib/python3.12/site-packages/argcomplete/finders.py", line 429, in collect_completions
    completions += self._get_option_completions(active_parser, cword_prefix)
                   ^^^^^^^^^^^^^^^^^^^^^^^^^^^^^^^^^^^^^^^^^^^^^^^^^^^^^^^^^
  File "/usr/lib/python3.12/site-packages/argcomplete/finders.py", line 315, in _get_option_completions
    if not self._action_allowed(action, parser):
           ^^^^^^^^^^^^^^^^^^^^^^^^^^^^^^^^^^^^
  File "/usr/lib/python3.12/site-packages/argcomplete/finders.py", line 325, in _action_allowed
    for conflict_action in parser._action_conflicts.get(action, []):
                           ^^^^^^^^^^^^^^^^^^^^^^^^
AttributeError: 'MonkeyPatchedIntrospectiveArgumentParser' object has no attribute '_action_conflicts'

The above exception was the direct cause of the following exception:

Traceback (most recent call last):
  File "/home/ruslan/.local/lib/python3.12/site-packages/ansible/cli/__init__.py", line 670, in cli_executor
    raise AnsibleError("Unexpected Exception, this is probably a bug.") from ex
ansible.errors.AnsibleError: Unexpected Exception, this is probably a bug: 'MonkeyPatchedIntrospectiveArgumentParser' object has no attribute '_action_conflicts'


2026-01-11 21:27:07,663 p=175975 u=ruslan n=ansible ERROR| [ERROR]: Unexpected Exception, this is probably a bug: 'MonkeyPatchedIntrospectiveArgumentParser' object has no attribute '_action_conflicts'

Traceback (most recent call last):
  File "/home/ruslan/.local/lib/python3.12/site-packages/ansible/cli/__init__.py", line 661, in cli_executor
    exit_code = cli.run()
                ^^^^^^^^^
  File "/home/ruslan/.local/lib/python3.12/site-packages/ansible/cli/playbook.py", line 90, in run
    super(PlaybookCLI, self).run()
  File "/home/ruslan/.local/lib/python3.12/site-packages/ansible/cli/__init__.py", line 172, in run
    self.parse()
  File "/home/ruslan/.local/lib/python3.12/site-packages/ansible/cli/__init__.py", line 465, in parse
    argcomplete.autocomplete(self.parser)
  File "/usr/lib/python3.12/site-packages/argcomplete/finders.py", line 176, in __call__
    completions = self._get_completions(comp_words, cword_prefix, cword_prequote, last_wordbreak_pos)
                  ^^^^^^^^^^^^^^^^^^^^^^^^^^^^^^^^^^^^^^^^^^^^^^^^^^^^^^^^^^^^^^^^^^^^^^^^^^^^^^^^^^^
  File "/usr/lib/python3.12/site-packages/argcomplete/finders.py", line 212, in _get_completions
    completions = self.collect_completions(active_parsers, parsed_args, cword_prefix)
                  ^^^^^^^^^^^^^^^^^^^^^^^^^^^^^^^^^^^^^^^^^^^^^^^^^^^^^^^^^^^^^^^^^^^
  File "/usr/lib/python3.12/site-packages/argcomplete/finders.py", line 429, in collect_completions
    completions += self._get_option_completions(active_parser, cword_prefix)
                   ^^^^^^^^^^^^^^^^^^^^^^^^^^^^^^^^^^^^^^^^^^^^^^^^^^^^^^^^^
  File "/usr/lib/python3.12/site-packages/argcomplete/finders.py", line 315, in _get_option_completions
    if not self._action_allowed(action, parser):
           ^^^^^^^^^^^^^^^^^^^^^^^^^^^^^^^^^^^^
  File "/usr/lib/python3.12/site-packages/argcomplete/finders.py", line 325, in _action_allowed
    for conflict_action in parser._action_conflicts.get(action, []):
                           ^^^^^^^^^^^^^^^^^^^^^^^^
AttributeError: 'MonkeyPatchedIntrospectiveArgumentParser' object has no attribute '_action_conflicts'

The above exception was the direct cause of the following exception:

Traceback (most recent call last):
  File "/home/ruslan/.local/lib/python3.12/site-packages/ansible/cli/__init__.py", line 670, in cli_executor
    raise AnsibleError("Unexpected Exception, this is probably a bug.") from ex
ansible.errors.AnsibleError: Unexpected Exception, this is probably a bug: 'MonkeyPatchedIntrospectiveArgumentParser' object has no attribute '_action_conflicts'


2026-01-11 21:27:08,778 p=175989 u=ruslan n=ansible ERROR| [ERROR]: Unexpected Exception, this is probably a bug: 'MonkeyPatchedIntrospectiveArgumentParser' object has no attribute '_action_conflicts'

Traceback (most recent call last):
  File "/home/ruslan/.local/lib/python3.12/site-packages/ansible/cli/__init__.py", line 661, in cli_executor
    exit_code = cli.run()
                ^^^^^^^^^
  File "/home/ruslan/.local/lib/python3.12/site-packages/ansible/cli/playbook.py", line 90, in run
    super(PlaybookCLI, self).run()
  File "/home/ruslan/.local/lib/python3.12/site-packages/ansible/cli/__init__.py", line 172, in run
    self.parse()
  File "/home/ruslan/.local/lib/python3.12/site-packages/ansible/cli/__init__.py", line 465, in parse
    argcomplete.autocomplete(self.parser)
  File "/usr/lib/python3.12/site-packages/argcomplete/finders.py", line 176, in __call__
    completions = self._get_completions(comp_words, cword_prefix, cword_prequote, last_wordbreak_pos)
                  ^^^^^^^^^^^^^^^^^^^^^^^^^^^^^^^^^^^^^^^^^^^^^^^^^^^^^^^^^^^^^^^^^^^^^^^^^^^^^^^^^^^
  File "/usr/lib/python3.12/site-packages/argcomplete/finders.py", line 212, in _get_completions
    completions = self.collect_completions(active_parsers, parsed_args, cword_prefix)
                  ^^^^^^^^^^^^^^^^^^^^^^^^^^^^^^^^^^^^^^^^^^^^^^^^^^^^^^^^^^^^^^^^^^^
  File "/usr/lib/python3.12/site-packages/argcomplete/finders.py", line 429, in collect_completions
    completions += self._get_option_completions(active_parser, cword_prefix)
                   ^^^^^^^^^^^^^^^^^^^^^^^^^^^^^^^^^^^^^^^^^^^^^^^^^^^^^^^^^
  File "/usr/lib/python3.12/site-packages/argcomplete/finders.py", line 315, in _get_option_completions
    if not self._action_allowed(action, parser):
           ^^^^^^^^^^^^^^^^^^^^^^^^^^^^^^^^^^^^
  File "/usr/lib/python3.12/site-packages/argcomplete/finders.py", line 325, in _action_allowed
    for conflict_action in parser._action_conflicts.get(action, []):
                           ^^^^^^^^^^^^^^^^^^^^^^^^
AttributeError: 'MonkeyPatchedIntrospectiveArgumentParser' object has no attribute '_action_conflicts'

The above exception was the direct cause of the following exception:

Traceback (most recent call last):
  File "/home/ruslan/.local/lib/python3.12/site-packages/ansible/cli/__init__.py", line 670, in cli_executor
    raise AnsibleError("Unexpected Exception, this is probably a bug.") from ex
ansible.errors.AnsibleError: Unexpected Exception, this is probably a bug: 'MonkeyPatchedIntrospectiveArgumentParser' object has no attribute '_action_conflicts'


2026-01-11 21:27:09,561 p=175997 u=ruslan n=ansible INFO| PLAY [nodes] *************************************************************************************************************************************************************************************************
2026-01-11 21:27:09,568 p=175997 u=ruslan n=ansible INFO| TASK [Gathering Facts] ***************************************************************************************************************************************************************************************
2026-01-11 21:27:10,820 p=175997 u=ruslan n=ansible INFO| ok: [node1]
2026-01-11 21:27:10,869 p=175997 u=ruslan n=ansible INFO| ok: [gitlab]
2026-01-11 21:27:10,979 p=175997 u=ruslan n=ansible INFO| ok: [node0]
2026-01-11 21:27:11,038 p=175997 u=ruslan n=ansible INFO| ok: [node3]
2026-01-11 21:27:11,042 p=175997 u=ruslan n=ansible INFO| TASK [Enable wg-quick service on hosts] **********************************************************************************************************************************************************************
2026-01-11 21:27:12,348 p=175997 u=ruslan n=ansible INFO| changed: [node3]
2026-01-11 21:27:12,364 p=175997 u=ruslan n=ansible INFO| changed: [node1]
2026-01-11 21:27:12,370 p=175997 u=ruslan n=ansible INFO| changed: [node0]
2026-01-11 21:27:12,424 p=175997 u=ruslan n=ansible INFO| changed: [gitlab]
2026-01-11 21:27:12,428 p=175997 u=ruslan n=ansible INFO| TASK [debug] *************************************************************************************************************************************************************************************************
2026-01-11 21:27:12,449 p=175997 u=ruslan n=ansible INFO| ok: [node1] => {
    "msg": "wg0-n"
}
2026-01-11 21:27:12,450 p=175997 u=ruslan n=ansible INFO| ok: [node0] => {
    "msg": "wg0-n"
}
2026-01-11 21:27:12,454 p=175997 u=ruslan n=ansible INFO| ok: [gitlab] => {
    "msg": "wg0-n"
}
2026-01-11 21:27:12,460 p=175997 u=ruslan n=ansible INFO| ok: [node3] => {
    "msg": "wg0-n"
}
2026-01-11 21:27:12,461 p=175997 u=ruslan n=ansible INFO| PLAY RECAP ***************************************************************************************************************************************************************************************************
2026-01-11 21:27:12,461 p=175997 u=ruslan n=ansible INFO| gitlab                     : ok=3    changed=1    unreachable=0    failed=0    skipped=0    rescued=0    ignored=0   
2026-01-11 21:27:12,462 p=175997 u=ruslan n=ansible INFO| node0                      : ok=3    changed=1    unreachable=0    failed=0    skipped=0    rescued=0    ignored=0   
2026-01-11 21:27:12,462 p=175997 u=ruslan n=ansible INFO| node1                      : ok=3    changed=1    unreachable=0    failed=0    skipped=0    rescued=0    ignored=0   
2026-01-11 21:27:12,462 p=175997 u=ruslan n=ansible INFO| node3                      : ok=3    changed=1    unreachable=0    failed=0    skipped=0    rescued=0    ignored=0   
2026-01-12 00:56:44,248 p=215721 u=ruslan n=ansible ERROR| [ERROR]: Unexpected Exception, this is probably a bug: 'MonkeyPatchedIntrospectiveArgumentParser' object has no attribute '_action_conflicts'

Traceback (most recent call last):
  File "/home/ruslan/.local/lib/python3.12/site-packages/ansible/cli/__init__.py", line 661, in cli_executor
    exit_code = cli.run()
                ^^^^^^^^^
  File "/home/ruslan/.local/lib/python3.12/site-packages/ansible/cli/playbook.py", line 90, in run
    super(PlaybookCLI, self).run()
  File "/home/ruslan/.local/lib/python3.12/site-packages/ansible/cli/__init__.py", line 172, in run
    self.parse()
  File "/home/ruslan/.local/lib/python3.12/site-packages/ansible/cli/__init__.py", line 465, in parse
    argcomplete.autocomplete(self.parser)
  File "/usr/lib/python3.12/site-packages/argcomplete/finders.py", line 176, in __call__
    completions = self._get_completions(comp_words, cword_prefix, cword_prequote, last_wordbreak_pos)
                  ^^^^^^^^^^^^^^^^^^^^^^^^^^^^^^^^^^^^^^^^^^^^^^^^^^^^^^^^^^^^^^^^^^^^^^^^^^^^^^^^^^^
  File "/usr/lib/python3.12/site-packages/argcomplete/finders.py", line 212, in _get_completions
    completions = self.collect_completions(active_parsers, parsed_args, cword_prefix)
                  ^^^^^^^^^^^^^^^^^^^^^^^^^^^^^^^^^^^^^^^^^^^^^^^^^^^^^^^^^^^^^^^^^^^
  File "/usr/lib/python3.12/site-packages/argcomplete/finders.py", line 429, in collect_completions
    completions += self._get_option_completions(active_parser, cword_prefix)
                   ^^^^^^^^^^^^^^^^^^^^^^^^^^^^^^^^^^^^^^^^^^^^^^^^^^^^^^^^^
  File "/usr/lib/python3.12/site-packages/argcomplete/finders.py", line 315, in _get_option_completions
    if not self._action_allowed(action, parser):
           ^^^^^^^^^^^^^^^^^^^^^^^^^^^^^^^^^^^^
  File "/usr/lib/python3.12/site-packages/argcomplete/finders.py", line 325, in _action_allowed
    for conflict_action in parser._action_conflicts.get(action, []):
                           ^^^^^^^^^^^^^^^^^^^^^^^^
AttributeError: 'MonkeyPatchedIntrospectiveArgumentParser' object has no attribute '_action_conflicts'

The above exception was the direct cause of the following exception:

Traceback (most recent call last):
  File "/home/ruslan/.local/lib/python3.12/site-packages/ansible/cli/__init__.py", line 670, in cli_executor
    raise AnsibleError("Unexpected Exception, this is probably a bug.") from ex
ansible.errors.AnsibleError: Unexpected Exception, this is probably a bug: 'MonkeyPatchedIntrospectiveArgumentParser' object has no attribute '_action_conflicts'


2026-01-12 00:56:45,257 p=215735 u=ruslan n=ansible ERROR| [ERROR]: Unexpected Exception, this is probably a bug: 'MonkeyPatchedIntrospectiveArgumentParser' object has no attribute '_action_conflicts'

Traceback (most recent call last):
  File "/home/ruslan/.local/lib/python3.12/site-packages/ansible/cli/__init__.py", line 661, in cli_executor
    exit_code = cli.run()
                ^^^^^^^^^
  File "/home/ruslan/.local/lib/python3.12/site-packages/ansible/cli/playbook.py", line 90, in run
    super(PlaybookCLI, self).run()
  File "/home/ruslan/.local/lib/python3.12/site-packages/ansible/cli/__init__.py", line 172, in run
    self.parse()
  File "/home/ruslan/.local/lib/python3.12/site-packages/ansible/cli/__init__.py", line 465, in parse
    argcomplete.autocomplete(self.parser)
  File "/usr/lib/python3.12/site-packages/argcomplete/finders.py", line 176, in __call__
    completions = self._get_completions(comp_words, cword_prefix, cword_prequote, last_wordbreak_pos)
                  ^^^^^^^^^^^^^^^^^^^^^^^^^^^^^^^^^^^^^^^^^^^^^^^^^^^^^^^^^^^^^^^^^^^^^^^^^^^^^^^^^^^
  File "/usr/lib/python3.12/site-packages/argcomplete/finders.py", line 212, in _get_completions
    completions = self.collect_completions(active_parsers, parsed_args, cword_prefix)
                  ^^^^^^^^^^^^^^^^^^^^^^^^^^^^^^^^^^^^^^^^^^^^^^^^^^^^^^^^^^^^^^^^^^^
  File "/usr/lib/python3.12/site-packages/argcomplete/finders.py", line 429, in collect_completions
    completions += self._get_option_completions(active_parser, cword_prefix)
                   ^^^^^^^^^^^^^^^^^^^^^^^^^^^^^^^^^^^^^^^^^^^^^^^^^^^^^^^^^
  File "/usr/lib/python3.12/site-packages/argcomplete/finders.py", line 315, in _get_option_completions
    if not self._action_allowed(action, parser):
           ^^^^^^^^^^^^^^^^^^^^^^^^^^^^^^^^^^^^
  File "/usr/lib/python3.12/site-packages/argcomplete/finders.py", line 325, in _action_allowed
    for conflict_action in parser._action_conflicts.get(action, []):
                           ^^^^^^^^^^^^^^^^^^^^^^^^
AttributeError: 'MonkeyPatchedIntrospectiveArgumentParser' object has no attribute '_action_conflicts'

The above exception was the direct cause of the following exception:

Traceback (most recent call last):
  File "/home/ruslan/.local/lib/python3.12/site-packages/ansible/cli/__init__.py", line 670, in cli_executor
    raise AnsibleError("Unexpected Exception, this is probably a bug.") from ex
ansible.errors.AnsibleError: Unexpected Exception, this is probably a bug: 'MonkeyPatchedIntrospectiveArgumentParser' object has no attribute '_action_conflicts'


2026-01-12 00:56:46,714 p=215750 u=ruslan n=ansible ERROR| [ERROR]: Unexpected Exception, this is probably a bug: 'MonkeyPatchedIntrospectiveArgumentParser' object has no attribute '_action_conflicts'

Traceback (most recent call last):
  File "/home/ruslan/.local/lib/python3.12/site-packages/ansible/cli/__init__.py", line 661, in cli_executor
    exit_code = cli.run()
                ^^^^^^^^^
  File "/home/ruslan/.local/lib/python3.12/site-packages/ansible/cli/playbook.py", line 90, in run
    super(PlaybookCLI, self).run()
  File "/home/ruslan/.local/lib/python3.12/site-packages/ansible/cli/__init__.py", line 172, in run
    self.parse()
  File "/home/ruslan/.local/lib/python3.12/site-packages/ansible/cli/__init__.py", line 465, in parse
    argcomplete.autocomplete(self.parser)
  File "/usr/lib/python3.12/site-packages/argcomplete/finders.py", line 176, in __call__
    completions = self._get_completions(comp_words, cword_prefix, cword_prequote, last_wordbreak_pos)
                  ^^^^^^^^^^^^^^^^^^^^^^^^^^^^^^^^^^^^^^^^^^^^^^^^^^^^^^^^^^^^^^^^^^^^^^^^^^^^^^^^^^^
  File "/usr/lib/python3.12/site-packages/argcomplete/finders.py", line 212, in _get_completions
    completions = self.collect_completions(active_parsers, parsed_args, cword_prefix)
                  ^^^^^^^^^^^^^^^^^^^^^^^^^^^^^^^^^^^^^^^^^^^^^^^^^^^^^^^^^^^^^^^^^^^
  File "/usr/lib/python3.12/site-packages/argcomplete/finders.py", line 429, in collect_completions
    completions += self._get_option_completions(active_parser, cword_prefix)
                   ^^^^^^^^^^^^^^^^^^^^^^^^^^^^^^^^^^^^^^^^^^^^^^^^^^^^^^^^^
  File "/usr/lib/python3.12/site-packages/argcomplete/finders.py", line 315, in _get_option_completions
    if not self._action_allowed(action, parser):
           ^^^^^^^^^^^^^^^^^^^^^^^^^^^^^^^^^^^^
  File "/usr/lib/python3.12/site-packages/argcomplete/finders.py", line 325, in _action_allowed
    for conflict_action in parser._action_conflicts.get(action, []):
                           ^^^^^^^^^^^^^^^^^^^^^^^^
AttributeError: 'MonkeyPatchedIntrospectiveArgumentParser' object has no attribute '_action_conflicts'

The above exception was the direct cause of the following exception:

Traceback (most recent call last):
  File "/home/ruslan/.local/lib/python3.12/site-packages/ansible/cli/__init__.py", line 670, in cli_executor
    raise AnsibleError("Unexpected Exception, this is probably a bug.") from ex
ansible.errors.AnsibleError: Unexpected Exception, this is probably a bug: 'MonkeyPatchedIntrospectiveArgumentParser' object has no attribute '_action_conflicts'


2026-01-12 00:56:47,500 p=215764 u=ruslan n=ansible ERROR| [ERROR]: Unexpected Exception, this is probably a bug: 'MonkeyPatchedIntrospectiveArgumentParser' object has no attribute '_action_conflicts'

Traceback (most recent call last):
  File "/home/ruslan/.local/lib/python3.12/site-packages/ansible/cli/__init__.py", line 661, in cli_executor
    exit_code = cli.run()
                ^^^^^^^^^
  File "/home/ruslan/.local/lib/python3.12/site-packages/ansible/cli/playbook.py", line 90, in run
    super(PlaybookCLI, self).run()
  File "/home/ruslan/.local/lib/python3.12/site-packages/ansible/cli/__init__.py", line 172, in run
    self.parse()
  File "/home/ruslan/.local/lib/python3.12/site-packages/ansible/cli/__init__.py", line 465, in parse
    argcomplete.autocomplete(self.parser)
  File "/usr/lib/python3.12/site-packages/argcomplete/finders.py", line 176, in __call__
    completions = self._get_completions(comp_words, cword_prefix, cword_prequote, last_wordbreak_pos)
                  ^^^^^^^^^^^^^^^^^^^^^^^^^^^^^^^^^^^^^^^^^^^^^^^^^^^^^^^^^^^^^^^^^^^^^^^^^^^^^^^^^^^
  File "/usr/lib/python3.12/site-packages/argcomplete/finders.py", line 212, in _get_completions
    completions = self.collect_completions(active_parsers, parsed_args, cword_prefix)
                  ^^^^^^^^^^^^^^^^^^^^^^^^^^^^^^^^^^^^^^^^^^^^^^^^^^^^^^^^^^^^^^^^^^^
  File "/usr/lib/python3.12/site-packages/argcomplete/finders.py", line 429, in collect_completions
    completions += self._get_option_completions(active_parser, cword_prefix)
                   ^^^^^^^^^^^^^^^^^^^^^^^^^^^^^^^^^^^^^^^^^^^^^^^^^^^^^^^^^
  File "/usr/lib/python3.12/site-packages/argcomplete/finders.py", line 315, in _get_option_completions
    if not self._action_allowed(action, parser):
           ^^^^^^^^^^^^^^^^^^^^^^^^^^^^^^^^^^^^
  File "/usr/lib/python3.12/site-packages/argcomplete/finders.py", line 325, in _action_allowed
    for conflict_action in parser._action_conflicts.get(action, []):
                           ^^^^^^^^^^^^^^^^^^^^^^^^
AttributeError: 'MonkeyPatchedIntrospectiveArgumentParser' object has no attribute '_action_conflicts'

The above exception was the direct cause of the following exception:

Traceback (most recent call last):
  File "/home/ruslan/.local/lib/python3.12/site-packages/ansible/cli/__init__.py", line 670, in cli_executor
    raise AnsibleError("Unexpected Exception, this is probably a bug.") from ex
ansible.errors.AnsibleError: Unexpected Exception, this is probably a bug: 'MonkeyPatchedIntrospectiveArgumentParser' object has no attribute '_action_conflicts'


2026-01-12 00:56:48,438 p=215772 u=ruslan n=ansible INFO| PLAY [all] ***************************************************************************************************************************************************************************************************
2026-01-12 00:56:48,445 p=215772 u=ruslan n=ansible INFO| TASK [Gathering Facts] ***************************************************************************************************************************************************************************************
2026-01-12 00:56:50,079 p=215772 u=ruslan n=ansible INFO| ok: [node1]
2026-01-12 00:56:50,297 p=215772 u=ruslan n=ansible INFO| ok: [node0]
2026-01-12 00:56:50,335 p=215772 u=ruslan n=ansible INFO| ok: [gitlab]
2026-01-12 00:56:50,338 p=215772 u=ruslan n=ansible INFO| ok: [node3]
2026-01-12 00:56:52,401 p=215772 u=ruslan n=ansible INFO| ok: [node_gw]
2026-01-12 00:56:52,407 p=215772 u=ruslan n=ansible INFO| TASK [Stop and disable wg-quick service] *********************************************************************************************************************************************************************
2026-01-12 00:56:53,771 p=215772 u=ruslan n=ansible INFO| changed: [node0]
2026-01-12 00:56:53,780 p=215772 u=ruslan n=ansible INFO| changed: [node3]
2026-01-12 00:56:53,790 p=215772 u=ruslan n=ansible INFO| changed: [node1]
2026-01-12 00:56:53,833 p=215772 u=ruslan n=ansible INFO| changed: [gitlab]
2026-01-12 00:56:54,332 p=215772 u=ruslan n=ansible INFO| changed: [node_gw]
2026-01-12 00:56:54,358 p=215772 u=ruslan n=ansible INFO| TASK [Remove wireguard-tools] ********************************************************************************************************************************************************************************
2026-01-12 00:56:56,526 p=215772 u=ruslan n=ansible INFO| changed: [node0]
2026-01-12 00:56:56,617 p=215772 u=ruslan n=ansible INFO| changed: [node1]
2026-01-12 00:56:59,495 p=215772 u=ruslan n=ansible INFO| changed: [node3]
2026-01-12 00:57:01,490 p=215772 u=ruslan n=ansible INFO| changed: [node_gw]
2026-01-12 00:57:03,539 p=215772 u=ruslan n=ansible INFO| changed: [gitlab]
2026-01-12 00:57:03,544 p=215772 u=ruslan n=ansible INFO| TASK [Remove epel-release] ***********************************************************************************************************************************************************************************
2026-01-12 00:57:03,560 p=215772 u=ruslan n=ansible INFO| skipping: [node_gw]
2026-01-12 00:57:05,185 p=215772 u=ruslan n=ansible INFO| changed: [node3]
2026-01-12 00:57:05,275 p=215772 u=ruslan n=ansible INFO| changed: [node0]
2026-01-12 00:57:05,276 p=215772 u=ruslan n=ansible INFO| changed: [node1]
2026-01-12 00:57:05,532 p=215772 u=ruslan n=ansible INFO| changed: [gitlab]
2026-01-12 00:57:05,537 p=215772 u=ruslan n=ansible INFO| TASK [Remove /etc/wireguard] *********************************************************************************************************************************************************************************
2026-01-12 00:57:06,209 p=215772 u=ruslan n=ansible INFO| changed: [node0]
2026-01-12 00:57:06,220 p=215772 u=ruslan n=ansible INFO| changed: [node3]
2026-01-12 00:57:06,226 p=215772 u=ruslan n=ansible INFO| changed: [node1]
2026-01-12 00:57:06,355 p=215772 u=ruslan n=ansible INFO| changed: [gitlab]
2026-01-12 00:57:06,895 p=215772 u=ruslan n=ansible INFO| changed: [node_gw]
2026-01-12 00:57:06,896 p=215772 u=ruslan n=ansible INFO| PLAY RECAP ***************************************************************************************************************************************************************************************************
2026-01-12 00:57:06,897 p=215772 u=ruslan n=ansible INFO| gitlab                     : ok=5    changed=4    unreachable=0    failed=0    skipped=0    rescued=0    ignored=0   
2026-01-12 00:57:06,897 p=215772 u=ruslan n=ansible INFO| node0                      : ok=5    changed=4    unreachable=0    failed=0    skipped=0    rescued=0    ignored=0   
2026-01-12 00:57:06,897 p=215772 u=ruslan n=ansible INFO| node1                      : ok=5    changed=4    unreachable=0    failed=0    skipped=0    rescued=0    ignored=0   
2026-01-12 00:57:06,897 p=215772 u=ruslan n=ansible INFO| node3                      : ok=5    changed=4    unreachable=0    failed=0    skipped=0    rescued=0    ignored=0   
2026-01-12 00:57:06,897 p=215772 u=ruslan n=ansible INFO| node_gw                    : ok=4    changed=3    unreachable=0    failed=0    skipped=1    rescued=0    ignored=0   
